#pragma once
/*
    #version:1# (machine generated, don't edit!)

    Generated by sokol-shdc (https://github.com/floooh/sokol-tools)

    Cmdline:
        sokol-shdc --input mesh3d_skinned.glsl --output ../include/Renderer/mesh3d_skinned.h -l hlsl5:glsl410:wgsl:metal_macos

    Overview:
    =========
    Shader program: 'mesh3d_skinned':
        Get shader desc: mesh3d_skinned_shader_desc(sg_query_backend());
        Vertex Shader: mesh3d_skinned_vs
        Fragment Shader: mesh3d_skinned_fs
        Attributes:
            ATTR_mesh3d_skinned_position0 => 0
            ATTR_mesh3d_skinned_normal0 => 1
            ATTR_mesh3d_skinned_texcoord0 => 2
            ATTR_mesh3d_skinned_tangent0 => 3
            ATTR_mesh3d_skinned_bone_indices0 => 4
            ATTR_mesh3d_skinned_bone_weights0 => 5
    Bindings:
        Uniform block 'mesh3d_skinned_vs_params':
            C struct: mesh3d_skinned_vs_params_t
            Bind slot: UB_mesh3d_skinned_vs_params => 0
        Uniform block 'mesh3d_skinned_fs_params':
            C struct: mesh3d_skinned_fs_params_t
            Bind slot: UB_mesh3d_skinned_fs_params => 1
        Image 'diffuse_tex':
            Image type: SG_IMAGETYPE_2D
            Sample type: SG_IMAGESAMPLETYPE_FLOAT
            Multisampled: false
            Bind slot: IMG_diffuse_tex => 0
        Image 'normal_tex':
            Image type: SG_IMAGETYPE_2D
            Sample type: SG_IMAGESAMPLETYPE_FLOAT
            Multisampled: false
            Bind slot: IMG_normal_tex => 1
        Image 'emissive_tex':
            Image type: SG_IMAGETYPE_2D
            Sample type: SG_IMAGESAMPLETYPE_FLOAT
            Multisampled: false
            Bind slot: IMG_emissive_tex => 2
        Image 'roughness_tex':
            Image type: SG_IMAGETYPE_2D
            Sample type: SG_IMAGESAMPLETYPE_FLOAT
            Multisampled: false
            Bind slot: IMG_roughness_tex => 3
        Sampler 'default_sampler':
            Type: SG_SAMPLERTYPE_FILTERING
            Bind slot: SMP_default_sampler => 0
*/
#if !defined(SOKOL_GFX_INCLUDED)
#error "Please include sokol_gfx.h before mesh3d_skinned.h"
#endif
#if !defined(SOKOL_SHDC_ALIGN)
#if defined(_MSC_VER)
#define SOKOL_SHDC_ALIGN(a) __declspec(align(a))
#else
#define SOKOL_SHDC_ALIGN(a) __attribute__((aligned(a)))
#endif
#endif
#define ATTR_mesh3d_skinned_position0 (0)
#define ATTR_mesh3d_skinned_normal0 (1)
#define ATTR_mesh3d_skinned_texcoord0 (2)
#define ATTR_mesh3d_skinned_tangent0 (3)
#define ATTR_mesh3d_skinned_bone_indices0 (4)
#define ATTR_mesh3d_skinned_bone_weights0 (5)
#define UB_mesh3d_skinned_vs_params (0)
#define UB_mesh3d_skinned_fs_params (1)
#define IMG_diffuse_tex (0)
#define IMG_normal_tex (1)
#define IMG_emissive_tex (2)
#define IMG_roughness_tex (3)
#define SMP_default_sampler (0)
#pragma pack(push,1)
SOKOL_SHDC_ALIGN(16) typedef struct mesh3d_skinned_vs_params_t {
    float mvp[16];
    float model[16];
    float normal_mat_c0[4];
    float normal_mat_c1[4];
    float normal_mat_c2[4];
    float bone_matrices[64][16];
} mesh3d_skinned_vs_params_t;
#pragma pack(pop)
#pragma pack(push,1)
SOKOL_SHDC_ALIGN(16) typedef struct mesh3d_skinned_fs_params_t {
    float camera_pos_and_ambient[4];
    float base_color[4];
    float material_props[4];
    float light_pos_type[8][4];
    float light_color_range[8][4];
    float light_count[4];
} mesh3d_skinned_fs_params_t;
#pragma pack(pop)
/*
    #version 410

    uniform vec4 mesh3d_skinned_vs_params[267];
    layout(location = 4) in vec4 bone_indices0;
    layout(location = 5) in vec4 bone_weights0;
    layout(location = 0) in vec3 position0;
    layout(location = 1) in vec3 normal0;
    layout(location = 3) in vec4 tangent0;
    layout(location = 0) out vec3 frag_pos;
    layout(location = 1) out vec3 frag_normal;
    layout(location = 3) out vec3 frag_tangent;
    layout(location = 4) out vec3 frag_bitangent;
    layout(location = 2) out vec2 frag_uv;
    layout(location = 2) in vec2 texcoord0;

    void main()
    {
        vec4 skinned_pos = vec4(0.0);
        vec3 skinned_normal = vec3(0.0);
        vec3 skinned_tangent = vec3(0.0);
        for (int i = 0; i < 4; i++)
        {
            int _37 = int(bone_indices0[i]);
            if (bone_weights0[i] > 0.0)
            {
                mat4 _61 = mat4(mesh3d_skinned_vs_params[_37 * 4 + 11], mesh3d_skinned_vs_params[_37 * 4 + 12], mesh3d_skinned_vs_params[_37 * 4 + 13], mesh3d_skinned_vs_params[_37 * 4 + 14]);
                skinned_pos += ((_61 * vec4(position0, 1.0)) * bone_weights0[i]);
                mat3 _84 = mat3(_61[0].xyz, _61[1].xyz, _61[2].xyz);
                skinned_normal += ((_84 * normal0) * bone_weights0[i]);
                skinned_tangent += ((_84 * tangent0.xyz) * bone_weights0[i]);
            }
        }
        frag_pos = (mat4(mesh3d_skinned_vs_params[4], mesh3d_skinned_vs_params[5], mesh3d_skinned_vs_params[6], mesh3d_skinned_vs_params[7]) * skinned_pos).xyz;
        mat3 _146 = mat3(vec3(mesh3d_skinned_vs_params[8].xyz), vec3(mesh3d_skinned_vs_params[9].xyz), vec3(mesh3d_skinned_vs_params[10].xyz));
        frag_normal = normalize(_146 * skinned_normal);
        frag_tangent = normalize(_146 * skinned_tangent);
        frag_bitangent = cross(frag_normal, frag_tangent) * tangent0.w;
        frag_uv = texcoord0;
        gl_Position = mat4(mesh3d_skinned_vs_params[0], mesh3d_skinned_vs_params[1], mesh3d_skinned_vs_params[2], mesh3d_skinned_vs_params[3]) * skinned_pos;
    }

*/
static const uint8_t mesh3d_skinned_vs_source_glsl410[1908] = {
    0x23,0x76,0x65,0x72,0x73,0x69,0x6f,0x6e,0x20,0x34,0x31,0x30,0x0a,0x0a,0x75,0x6e,
    0x69,0x66,0x6f,0x72,0x6d,0x20,0x76,0x65,0x63,0x34,0x20,0x6d,0x65,0x73,0x68,0x33,
    0x64,0x5f,0x73,0x6b,0x69,0x6e,0x6e,0x65,0x64,0x5f,0x76,0x73,0x5f,0x70,0x61,0x72,
    0x61,0x6d,0x73,0x5b,0x32,0x36,0x37,0x5d,0x3b,0x0a,0x6c,0x61,0x79,0x6f,0x75,0x74,
    0x28,0x6c,0x6f,0x63,0x61,0x74,0x69,0x6f,0x6e,0x20,0x3d,0x20,0x34,0x29,0x20,0x69,
    0x6e,0x20,0x76,0x65,0x63,0x34,0x20,0x62,0x6f,0x6e,0x65,0x5f,0x69,0x6e,0x64,0x69,
    0x63,0x65,0x73,0x30,0x3b,0x0a,0x6c,0x61,0x79,0x6f,0x75,0x74,0x28,0x6c,0x6f,0x63,
    0x61,0x74,0x69,0x6f,0x6e,0x20,0x3d,0x20,0x35,0x29,0x20,0x69,0x6e,0x20,0x76,0x65,
    0x63,0x34,0x20,0x62,0x6f,0x6e,0x65,0x5f,0x77,0x65,0x69,0x67,0x68,0x74,0x73,0x30,
    0x3b,0x0a,0x6c,0x61,0x79,0x6f,0x75,0x74,0x28,0x6c,0x6f,0x63,0x61,0x74,0x69,0x6f,
    0x6e,0x20,0x3d,0x20,0x30,0x29,0x20,0x69,0x6e,0x20,0x76,0x65,0x63,0x33,0x20,0x70,
    0x6f,0x73,0x69,0x74,0x69,0x6f,0x6e,0x30,0x3b,0x0a,0x6c,0x61,0x79,0x6f,0x75,0x74,
    0x28,0x6c,0x6f,0x63,0x61,0x74,0x69,0x6f,0x6e,0x20,0x3d,0x20,0x31,0x29,0x20,0x69,
    0x6e,0x20,0x76,0x65,0x63,0x33,0x20,0x6e,0x6f,0x72,0x6d,0x61,0x6c,0x30,0x3b,0x0a,
    0x6c,0x61,0x79,0x6f,0x75,0x74,0x28,0x6c,0x6f,0x63,0x61,0x74,0x69,0x6f,0x6e,0x20,
    0x3d,0x20,0x33,0x29,0x20,0x69,0x6e,0x20,0x76,0x65,0x63,0x34,0x20,0x74,0x61,0x6e,
    0x67,0x65,0x6e,0x74,0x30,0x3b,0x0a,0x6c,0x61,0x79,0x6f,0x75,0x74,0x28,0x6c,0x6f,
    0x63,0x61,0x74,0x69,0x6f,0x6e,0x20,0x3d,0x20,0x30,0x29,0x20,0x6f,0x75,0x74,0x20,
    0x76,0x65,0x63,0x33,0x20,0x66,0x72,0x61,0x67,0x5f,0x70,0x6f,0x73,0x3b,0x0a,0x6c,
    0x61,0x79,0x6f,0x75,0x74,0x28,0x6c,0x6f,0x63,0x61,0x74,0x69,0x6f,0x6e,0x20,0x3d,
    0x20,0x31,0x29,0x20,0x6f,0x75,0x74,0x20,0x76,0x65,0x63,0x33,0x20,0x66,0x72,0x61,
    0x67,0x5f,0x6e,0x6f,0x72,0x6d,0x61,0x6c,0x3b,0x0a,0x6c,0x61,0x79,0x6f,0x75,0x74,
    0x28,0x6c,0x6f,0x63,0x61,0x74,0x69,0x6f,0x6e,0x20,0x3d,0x20,0x33,0x29,0x20,0x6f,
    0x75,0x74,0x20,0x76,0x65,0x63,0x33,0x20,0x66,0x72,0x61,0x67,0x5f,0x74,0x61,0x6e,
    0x67,0x65,0x6e,0x74,0x3b,0x0a,0x6c,0x61,0x79,0x6f,0x75,0x74,0x28,0x6c,0x6f,0x63,
    0x61,0x74,0x69,0x6f,0x6e,0x20,0x3d,0x20,0x34,0x29,0x20,0x6f,0x75,0x74,0x20,0x76,
    0x65,0x63,0x33,0x20,0x66,0x72,0x61,0x67,0x5f,0x62,0x69,0x74,0x61,0x6e,0x67,0x65,
    0x6e,0x74,0x3b,0x0a,0x6c,0x61,0x79,0x6f,0x75,0x74,0x28,0x6c,0x6f,0x63,0x61,0x74,
    0x69,0x6f,0x6e,0x20,0x3d,0x20,0x32,0x29,0x20,0x6f,0x75,0x74,0x20,0x76,0x65,0x63,
    0x32,0x20,0x66,0x72,0x61,0x67,0x5f,0x75,0x76,0x3b,0x0a,0x6c,0x61,0x79,0x6f,0x75,
    0x74,0x28,0x6c,0x6f,0x63,0x61,0x74,0x69,0x6f,0x6e,0x20,0x3d,0x20,0x32,0x29,0x20,
    0x69,0x6e,0x20,0x76,0x65,0x63,0x32,0x20,0x74,0x65,0x78,0x63,0x6f,0x6f,0x72,0x64,
    0x30,0x3b,0x0a,0x0a,0x76,0x6f,0x69,0x64,0x20,0x6d,0x61,0x69,0x6e,0x28,0x29,0x0a,
    0x7b,0x0a,0x20,0x20,0x20,0x20,0x76,0x65,0x63,0x34,0x20,0x73,0x6b,0x69,0x6e,0x6e,
    0x65,0x64,0x5f,0x70,0x6f,0x73,0x20,0x3d,0x20,0x76,0x65,0x63,0x34,0x28,0x30,0x2e,
    0x30,0x29,0x3b,0x0a,0x20,0x20,0x20,0x20,0x76,0x65,0x63,0x33,0x20,0x73,0x6b,0x69,
    0x6e,0x6e,0x65,0x64,0x5f,0x6e,0x6f,0x72,0x6d,0x61,0x6c,0x20,0x3d,0x20,0x76,0x65,
    0x63,0x33,0x28,0x30,0x2e,0x30,0x29,0x3b,0x0a,0x20,0x20,0x20,0x20,0x76,0x65,0x63,
    0x33,0x20,0x73,0x6b,0x69,0x6e,0x6e,0x65,0x64,0x5f,0x74,0x61,0x6e,0x67,0x65,0x6e,
    0x74,0x20,0x3d,0x20,0x76,0x65,0x63,0x33,0x28,0x30,0x2e,0x30,0x29,0x3b,0x0a,0x20,
    0x20,0x20,0x20,0x66,0x6f,0x72,0x20,0x28,0x69,0x6e,0x74,0x20,0x69,0x20,0x3d,0x20,
    0x30,0x3b,0x20,0x69,0x20,0x3c,0x20,0x34,0x3b,0x20,0x69,0x2b,0x2b,0x29,0x0a,0x20,
    0x20,0x20,0x20,0x7b,0x0a,0x20,0x20,0x20,0x20,0x20,0x20,0x20,0x20,0x69,0x6e,0x74,
    0x20,0x5f,0x33,0x37,0x20,0x3d,0x20,0x69,0x6e,0x74,0x28,0x62,0x6f,0x6e,0x65,0x5f,
    0x69,0x6e,0x64,0x69,0x63,0x65,0x73,0x30,0x5b,0x69,0x5d,0x29,0x3b,0x0a,0x20,0x20,
    0x20,0x20,0x20,0x20,0x20,0x20,0x69,0x66,0x20,0x28,0x62,0x6f,0x6e,0x65,0x5f,0x77,
    0x65,0x69,0x67,0x68,0x74,0x73,0x30,0x5b,0x69,0x5d,0x20,0x3e,0x20,0x30,0x2e,0x30,
    0x29,0x0a,0x20,0x20,0x20,0x20,0x20,0x20,0x20,0x20,0x7b,0x0a,0x20,0x20,0x20,0x20,
    0x20,0x20,0x20,0x20,0x20,0x20,0x20,0x20,0x6d,0x61,0x74,0x34,0x20,0x5f,0x36,0x31,
    0x20,0x3d,0x20,0x6d,0x61,0x74,0x34,0x28,0x6d,0x65,0x73,0x68,0x33,0x64,0x5f,0x73,
    0x6b,0x69,0x6e,0x6e,0x65,0x64,0x5f,0x76,0x73,0x5f,0x70,0x61,0x72,0x61,0x6d,0x73,
    0x5b,0x5f,0x33,0x37,0x20,0x2a,0x20,0x34,0x20,0x2b,0x20,0x31,0x31,0x5d,0x2c,0x20,
    0x6d,0x65,0x73,0x68,0x33,0x64,0x5f,0x73,0x6b,0x69,0x6e,0x6e,0x65,0x64,0x5f,0x76,
    0x73,0x5f,0x70,0x61,0x72,0x61,0x6d,0x73,0x5b,0x5f,0x33,0x37,0x20,0x2a,0x20,0x34,
    0x20,0x2b,0x20,0x31,0x32,0x5d,0x2c,0x20,0x6d,0x65,0x73,0x68,0x33,0x64,0x5f,0x73,
    0x6b,0x69,0x6e,0x6e,0x65,0x64,0x5f,0x76,0x73,0x5f,0x70,0x61,0x72,0x61,0x6d,0x73,
    0x5b,0x5f,0x33,0x37,0x20,0x2a,0x20,0x34,0x20,0x2b,0x20,0x31,0x33,0x5d,0x2c,0x20,
    0x6d,0x65,0x73,0x68,0x33,0x64,0x5f,0x73,0x6b,0x69,0x6e,0x6e,0x65,0x64,0x5f,0x76,
    0x73,0x5f,0x70,0x61,0x72,0x61,0x6d,0x73,0x5b,0x5f,0x33,0x37,0x20,0x2a,0x20,0x34,
    0x20,0x2b,0x20,0x31,0x34,0x5d,0x29,0x3b,0x0a,0x20,0x20,0x20,0x20,0x20,0x20,0x20,
    0x20,0x20,0x20,0x20,0x20,0x73,0x6b,0x69,0x6e,0x6e,0x65,0x64,0x5f,0x70,0x6f,0x73,
    0x20,0x2b,0x3d,0x20,0x28,0x28,0x5f,0x36,0x31,0x20,0x2a,0x20,0x76,0x65,0x63,0x34,
    0x28,0x70,0x6f,0x73,0x69,0x74,0x69,0x6f,0x6e,0x30,0x2c,0x20,0x31,0x2e,0x30,0x29,
    0x29,0x20,0x2a,0x20,0x62,0x6f,0x6e,0x65,0x5f,0x77,0x65,0x69,0x67,0x68,0x74,0x73,
    0x30,0x5b,0x69,0x5d,0x29,0x3b,0x0a,0x20,0x20,0x20,0x20,0x20,0x20,0x20,0x20,0x20,
    0x20,0x20,0x20,0x6d,0x61,0x74,0x33,0x20,0x5f,0x38,0x34,0x20,0x3d,0x20,0x6d,0x61,
    0x74,0x33,0x28,0x5f,0x36,0x31,0x5b,0x30,0x5d,0x2e,0x78,0x79,0x7a,0x2c,0x20,0x5f,
    0x36,0x31,0x5b,0x31,0x5d,0x2e,0x78,0x79,0x7a,0x2c,0x20,0x5f,0x36,0x31,0x5b,0x32,
    0x5d,0x2e,0x78,0x79,0x7a,0x29,0x3b,0x0a,0x20,0x20,0x20,0x20,0x20,0x20,0x20,0x20,
    0x20,0x20,0x20,0x20,0x73,0x6b,0x69,0x6e,0x6e,0x65,0x64,0x5f,0x6e,0x6f,0x72,0x6d,
    0x61,0x6c,0x20,0x2b,0x3d,0x20,0x28,0x28,0x5f,0x38,0x34,0x20,0x2a,0x20,0x6e,0x6f,
    0x72,0x6d,0x61,0x6c,0x30,0x29,0x20,0x2a,0x20,0x62,0x6f,0x6e,0x65,0x5f,0x77,0x65,
    0x69,0x67,0x68,0x74,0x73,0x30,0x5b,0x69,0x5d,0x29,0x3b,0x0a,0x20,0x20,0x20,0x20,
    0x20,0x20,0x20,0x20,0x20,0x20,0x20,0x20,0x73,0x6b,0x69,0x6e,0x6e,0x65,0x64,0x5f,
    0x74,0x61,0x6e,0x67,0x65,0x6e,0x74,0x20,0x2b,0x3d,0x20,0x28,0x28,0x5f,0x38,0x34,
    0x20,0x2a,0x20,0x74,0x61,0x6e,0x67,0x65,0x6e,0x74,0x30,0x2e,0x78,0x79,0x7a,0x29,
    0x20,0x2a,0x20,0x62,0x6f,0x6e,0x65,0x5f,0x77,0x65,0x69,0x67,0x68,0x74,0x73,0x30,
    0x5b,0x69,0x5d,0x29,0x3b,0x0a,0x20,0x20,0x20,0x20,0x20,0x20,0x20,0x20,0x7d,0x0a,
    0x20,0x20,0x20,0x20,0x7d,0x0a,0x20,0x20,0x20,0x20,0x66,0x72,0x61,0x67,0x5f,0x70,
    0x6f,0x73,0x20,0x3d,0x20,0x28,0x6d,0x61,0x74,0x34,0x28,0x6d,0x65,0x73,0x68,0x33,
    0x64,0x5f,0x73,0x6b,0x69,0x6e,0x6e,0x65,0x64,0x5f,0x76,0x73,0x5f,0x70,0x61,0x72,
    0x61,0x6d,0x73,0x5b,0x34,0x5d,0x2c,0x20,0x6d,0x65,0x73,0x68,0x33,0x64,0x5f,0x73,
    0x6b,0x69,0x6e,0x6e,0x65,0x64,0x5f,0x76,0x73,0x5f,0x70,0x61,0x72,0x61,0x6d,0x73,
    0x5b,0x35,0x5d,0x2c,0x20,0x6d,0x65,0x73,0x68,0x33,0x64,0x5f,0x73,0x6b,0x69,0x6e,
    0x6e,0x65,0x64,0x5f,0x76,0x73,0x5f,0x70,0x61,0x72,0x61,0x6d,0x73,0x5b,0x36,0x5d,
    0x2c,0x20,0x6d,0x65,0x73,0x68,0x33,0x64,0x5f,0x73,0x6b,0x69,0x6e,0x6e,0x65,0x64,
    0x5f,0x76,0x73,0x5f,0x70,0x61,0x72,0x61,0x6d,0x73,0x5b,0x37,0x5d,0x29,0x20,0x2a,
    0x20,0x73,0x6b,0x69,0x6e,0x6e,0x65,0x64,0x5f,0x70,0x6f,0x73,0x29,0x2e,0x78,0x79,
    0x7a,0x3b,0x0a,0x20,0x20,0x20,0x20,0x6d,0x61,0x74,0x33,0x20,0x5f,0x31,0x34,0x36,
    0x20,0x3d,0x20,0x6d,0x61,0x74,0x33,0x28,0x76,0x65,0x63,0x33,0x28,0x6d,0x65,0x73,
    0x68,0x33,0x64,0x5f,0x73,0x6b,0x69,0x6e,0x6e,0x65,0x64,0x5f,0x76,0x73,0x5f,0x70,
    0x61,0x72,0x61,0x6d,0x73,0x5b,0x38,0x5d,0x2e,0x78,0x79,0x7a,0x29,0x2c,0x20,0x76,
    0x65,0x63,0x33,0x28,0x6d,0x65,0x73,0x68,0x33,0x64,0x5f,0x73,0x6b,0x69,0x6e,0x6e,
    0x65,0x64,0x5f,0x76,0x73,0x5f,0x70,0x61,0x72,0x61,0x6d,0x73,0x5b,0x39,0x5d,0x2e,
    0x78,0x79,0x7a,0x29,0x2c,0x20,0x76,0x65,0x63,0x33,0x28,0x6d,0x65,0x73,0x68,0x33,
    0x64,0x5f,0x73,0x6b,0x69,0x6e,0x6e,0x65,0x64,0x5f,0x76,0x73,0x5f,0x70,0x61,0x72,
    0x61,0x6d,0x73,0x5b,0x31,0x30,0x5d,0x2e,0x78,0x79,0x7a,0x29,0x29,0x3b,0x0a,0x20,
    0x20,0x20,0x20,0x66,0x72,0x61,0x67,0x5f,0x6e,0x6f,0x72,0x6d,0x61,0x6c,0x20,0x3d,
    0x20,0x6e,0x6f,0x72,0x6d,0x61,0x6c,0x69,0x7a,0x65,0x28,0x5f,0x31,0x34,0x36,0x20,
    0x2a,0x20,0x73,0x6b,0x69,0x6e,0x6e,0x65,0x64,0x5f,0x6e,0x6f,0x72,0x6d,0x61,0x6c,
    0x29,0x3b,0x0a,0x20,0x20,0x20,0x20,0x66,0x72,0x61,0x67,0x5f,0x74,0x61,0x6e,0x67,
    0x65,0x6e,0x74,0x20,0x3d,0x20,0x6e,0x6f,0x72,0x6d,0x61,0x6c,0x69,0x7a,0x65,0x28,
    0x5f,0x31,0x34,0x36,0x20,0x2a,0x20,0x73,0x6b,0x69,0x6e,0x6e,0x65,0x64,0x5f,0x74,
    0x61,0x6e,0x67,0x65,0x6e,0x74,0x29,0x3b,0x0a,0x20,0x20,0x20,0x20,0x66,0x72,0x61,
    0x67,0x5f,0x62,0x69,0x74,0x61,0x6e,0x67,0x65,0x6e,0x74,0x20,0x3d,0x20,0x63,0x72,
    0x6f,0x73,0x73,0x28,0x66,0x72,0x61,0x67,0x5f,0x6e,0x6f,0x72,0x6d,0x61,0x6c,0x2c,
    0x20,0x66,0x72,0x61,0x67,0x5f,0x74,0x61,0x6e,0x67,0x65,0x6e,0x74,0x29,0x20,0x2a,
    0x20,0x74,0x61,0x6e,0x67,0x65,0x6e,0x74,0x30,0x2e,0x77,0x3b,0x0a,0x20,0x20,0x20,
    0x20,0x66,0x72,0x61,0x67,0x5f,0x75,0x76,0x20,0x3d,0x20,0x74,0x65,0x78,0x63,0x6f,
    0x6f,0x72,0x64,0x30,0x3b,0x0a,0x20,0x20,0x20,0x20,0x67,0x6c,0x5f,0x50,0x6f,0x73,
    0x69,0x74,0x69,0x6f,0x6e,0x20,0x3d,0x20,0x6d,0x61,0x74,0x34,0x28,0x6d,0x65,0x73,
    0x68,0x33,0x64,0x5f,0x73,0x6b,0x69,0x6e,0x6e,0x65,0x64,0x5f,0x76,0x73,0x5f,0x70,
    0x61,0x72,0x61,0x6d,0x73,0x5b,0x30,0x5d,0x2c,0x20,0x6d,0x65,0x73,0x68,0x33,0x64,
    0x5f,0x73,0x6b,0x69,0x6e,0x6e,0x65,0x64,0x5f,0x76,0x73,0x5f,0x70,0x61,0x72,0x61,
    0x6d,0x73,0x5b,0x31,0x5d,0x2c,0x20,0x6d,0x65,0x73,0x68,0x33,0x64,0x5f,0x73,0x6b,
    0x69,0x6e,0x6e,0x65,0x64,0x5f,0x76,0x73,0x5f,0x70,0x61,0x72,0x61,0x6d,0x73,0x5b,
    0x32,0x5d,0x2c,0x20,0x6d,0x65,0x73,0x68,0x33,0x64,0x5f,0x73,0x6b,0x69,0x6e,0x6e,
    0x65,0x64,0x5f,0x76,0x73,0x5f,0x70,0x61,0x72,0x61,0x6d,0x73,0x5b,0x33,0x5d,0x29,
    0x20,0x2a,0x20,0x73,0x6b,0x69,0x6e,0x6e,0x65,0x64,0x5f,0x70,0x6f,0x73,0x3b,0x0a,
    0x7d,0x0a,0x0a,0x00,
};
/*
    #version 410

    uniform vec4 mesh3d_skinned_fs_params[20];
    uniform sampler2D diffuse_tex_default_sampler;
    uniform sampler2D normal_tex_default_sampler;
    uniform sampler2D emissive_tex_default_sampler;
    uniform sampler2D roughness_tex_default_sampler;

    layout(location = 2) in vec2 frag_uv;
    layout(location = 3) in vec3 frag_tangent;
    layout(location = 4) in vec3 frag_bitangent;
    layout(location = 1) in vec3 frag_normal;
    layout(location = 0) in vec3 frag_pos;
    layout(location = 0) out vec4 col_out;

    void main()
    {
        vec4 _59 = texture(diffuse_tex_default_sampler, frag_uv);
        vec3 _105 = normalize(mat3(normalize(frag_tangent), normalize(frag_bitangent), normalize(frag_normal)) * ((texture(normal_tex_default_sampler, frag_uv).xyz * 2.0) - vec3(1.0)));
        float _130 = mesh3d_skinned_fs_params[2].y * max(1.0 - texture(roughness_tex_default_sampler, frag_uv).x, 0.00999999977648258209228515625);
        vec3 _136 = normalize(mesh3d_skinned_fs_params[0].xyz - frag_pos);
        int _142 = int(mesh3d_skinned_fs_params[19].x);
        vec3 total_diffuse = vec3(0.0);
        vec3 total_specular = vec3(0.0);
        vec3 ambient_color = vec3(1.0);
        vec3 light_dir;
        for (int i = 0; i < 8; i++)
        {
            if (i >= _142)
            {
                break;
            }
            float attenuation = 1.0;
            if (mesh3d_skinned_fs_params[i * 1 + 3].w < 0.5)
            {
                light_dir = normalize(mesh3d_skinned_fs_params[i * 1 + 3].xyz);
                if (i == 0)
                {
                    ambient_color = mesh3d_skinned_fs_params[i * 1 + 11].xyz;
                }
            }
            else
            {
                vec3 _199 = mesh3d_skinned_fs_params[i * 1 + 3].xyz - frag_pos;
                float _202 = length(_199);
                light_dir = -normalize(_199);
                attenuation = 1.0 / (1.0 + ((_202 * _202) / (mesh3d_skinned_fs_params[i * 1 + 11].w * mesh3d_skinned_fs_params[i * 1 + 11].w)));
            }
            vec3 _222 = -light_dir;
            total_diffuse += ((mesh3d_skinned_fs_params[i * 1 + 11].xyz * max(dot(_105, _222), 0.0)) * attenuation);
            total_specular += ((mesh3d_skinned_fs_params[i * 1 + 11].xyz * (mesh3d_skinned_fs_params[2].x * pow(max(dot(_105, normalize(_222 + _136)), 0.0), _130))) * attenuation);
        }
        col_out = vec4(fma((((ambient_color * mesh3d_skinned_fs_params[0].w) + total_diffuse) + total_specular) * _59.xyz, mesh3d_skinned_fs_params[1].xyz, texture(emissive_tex_default_sampler, frag_uv).xyz * mesh3d_skinned_fs_params[2].z), _59.w * mesh3d_skinned_fs_params[1].w);
    }

*/
static const uint8_t mesh3d_skinned_fs_source_glsl410[2501] = {
    0x23,0x76,0x65,0x72,0x73,0x69,0x6f,0x6e,0x20,0x34,0x31,0x30,0x0a,0x0a,0x75,0x6e,
    0x69,0x66,0x6f,0x72,0x6d,0x20,0x76,0x65,0x63,0x34,0x20,0x6d,0x65,0x73,0x68,0x33,
    0x64,0x5f,0x73,0x6b,0x69,0x6e,0x6e,0x65,0x64,0x5f,0x66,0x73,0x5f,0x70,0x61,0x72,
    0x61,0x6d,0x73,0x5b,0x32,0x30,0x5d,0x3b,0x0a,0x75,0x6e,0x69,0x66,0x6f,0x72,0x6d,
    0x20,0x73,0x61,0x6d,0x70,0x6c,0x65,0x72,0x32,0x44,0x20,0x64,0x69,0x66,0x66,0x75,
    0x73,0x65,0x5f,0x74,0x65,0x78,0x5f,0x64,0x65,0x66,0x61,0x75,0x6c,0x74,0x5f,0x73,
    0x61,0x6d,0x70,0x6c,0x65,0x72,0x3b,0x0a,0x75,0x6e,0x69,0x66,0x6f,0x72,0x6d,0x20,
    0x73,0x61,0x6d,0x70,0x6c,0x65,0x72,0x32,0x44,0x20,0x6e,0x6f,0x72,0x6d,0x61,0x6c,
    0x5f,0x74,0x65,0x78,0x5f,0x64,0x65,0x66,0x61,0x75,0x6c,0x74,0x5f,0x73,0x61,0x6d,
    0x70,0x6c,0x65,0x72,0x3b,0x0a,0x75,0x6e,0x69,0x66,0x6f,0x72,0x6d,0x20,0x73,0x61,
    0x6d,0x70,0x6c,0x65,0x72,0x32,0x44,0x20,0x65,0x6d,0x69,0x73,0x73,0x69,0x76,0x65,
    0x5f,0x74,0x65,0x78,0x5f,0x64,0x65,0x66,0x61,0x75,0x6c,0x74,0x5f,0x73,0x61,0x6d,
    0x70,0x6c,0x65,0x72,0x3b,0x0a,0x75,0x6e,0x69,0x66,0x6f,0x72,0x6d,0x20,0x73,0x61,
    0x6d,0x70,0x6c,0x65,0x72,0x32,0x44,0x20,0x72,0x6f,0x75,0x67,0x68,0x6e,0x65,0x73,
    0x73,0x5f,0x74,0x65,0x78,0x5f,0x64,0x65,0x66,0x61,0x75,0x6c,0x74,0x5f,0x73,0x61,
    0x6d,0x70,0x6c,0x65,0x72,0x3b,0x0a,0x0a,0x6c,0x61,0x79,0x6f,0x75,0x74,0x28,0x6c,
    0x6f,0x63,0x61,0x74,0x69,0x6f,0x6e,0x20,0x3d,0x20,0x32,0x29,0x20,0x69,0x6e,0x20,
    0x76,0x65,0x63,0x32,0x20,0x66,0x72,0x61,0x67,0x5f,0x75,0x76,0x3b,0x0a,0x6c,0x61,
    0x79,0x6f,0x75,0x74,0x28,0x6c,0x6f,0x63,0x61,0x74,0x69,0x6f,0x6e,0x20,0x3d,0x20,
    0x33,0x29,0x20,0x69,0x6e,0x20,0x76,0x65,0x63,0x33,0x20,0x66,0x72,0x61,0x67,0x5f,
    0x74,0x61,0x6e,0x67,0x65,0x6e,0x74,0x3b,0x0a,0x6c,0x61,0x79,0x6f,0x75,0x74,0x28,
    0x6c,0x6f,0x63,0x61,0x74,0x69,0x6f,0x6e,0x20,0x3d,0x20,0x34,0x29,0x20,0x69,0x6e,
    0x20,0x76,0x65,0x63,0x33,0x20,0x66,0x72,0x61,0x67,0x5f,0x62,0x69,0x74,0x61,0x6e,
    0x67,0x65,0x6e,0x74,0x3b,0x0a,0x6c,0x61,0x79,0x6f,0x75,0x74,0x28,0x6c,0x6f,0x63,
    0x61,0x74,0x69,0x6f,0x6e,0x20,0x3d,0x20,0x31,0x29,0x20,0x69,0x6e,0x20,0x76,0x65,
    0x63,0x33,0x20,0x66,0x72,0x61,0x67,0x5f,0x6e,0x6f,0x72,0x6d,0x61,0x6c,0x3b,0x0a,
    0x6c,0x61,0x79,0x6f,0x75,0x74,0x28,0x6c,0x6f,0x63,0x61,0x74,0x69,0x6f,0x6e,0x20,
    0x3d,0x20,0x30,0x29,0x20,0x69,0x6e,0x20,0x76,0x65,0x63,0x33,0x20,0x66,0x72,0x61,
    0x67,0x5f,0x70,0x6f,0x73,0x3b,0x0a,0x6c,0x61,0x79,0x6f,0x75,0x74,0x28,0x6c,0x6f,
    0x63,0x61,0x74,0x69,0x6f,0x6e,0x20,0x3d,0x20,0x30,0x29,0x20,0x6f,0x75,0x74,0x20,
    0x76,0x65,0x63,0x34,0x20,0x63,0x6f,0x6c,0x5f,0x6f,0x75,0x74,0x3b,0x0a,0x0a,0x76,
    0x6f,0x69,0x64,0x20,0x6d,0x61,0x69,0x6e,0x28,0x29,0x0a,0x7b,0x0a,0x20,0x20,0x20,
    0x20,0x76,0x65,0x63,0x34,0x20,0x5f,0x35,0x39,0x20,0x3d,0x20,0x74,0x65,0x78,0x74,
    0x75,0x72,0x65,0x28,0x64,0x69,0x66,0x66,0x75,0x73,0x65,0x5f,0x74,0x65,0x78,0x5f,
    0x64,0x65,0x66,0x61,0x75,0x6c,0x74,0x5f,0x73,0x61,0x6d,0x70,0x6c,0x65,0x72,0x2c,
    0x20,0x66,0x72,0x61,0x67,0x5f,0x75,0x76,0x29,0x3b,0x0a,0x20,0x20,0x20,0x20,0x76,
    0x65,0x63,0x33,0x20,0x5f,0x31,0x30,0x35,0x20,0x3d,0x20,0x6e,0x6f,0x72,0x6d,0x61,
    0x6c,0x69,0x7a,0x65,0x28,0x6d,0x61,0x74,0x33,0x28,0x6e,0x6f,0x72,0x6d,0x61,0x6c,
    0x69,0x7a,0x65,0x28,0x66,0x72,0x61,0x67,0x5f,0x74,0x61,0x6e,0x67,0x65,0x6e,0x74,
    0x29,0x2c,0x20,0x6e,0x6f,0x72,0x6d,0x61,0x6c,0x69,0x7a,0x65,0x28,0x66,0x72,0x61,
    0x67,0x5f,0x62,0x69,0x74,0x61,0x6e,0x67,0x65,0x6e,0x74,0x29,0x2c,0x20,0x6e,0x6f,
    0x72,0x6d,0x61,0x6c,0x69,0x7a,0x65,0x28,0x66,0x72,0x61,0x67,0x5f,0x6e,0x6f,0x72,
    0x6d,0x61,0x6c,0x29,0x29,0x20,0x2a,0x20,0x28,0x28,0x74,0x65,0x78,0x74,0x75,0x72,
    0x65,0x28,0x6e,0x6f,0x72,0x6d,0x61,0x6c,0x5f,0x74,0x65,0x78,0x5f,0x64,0x65,0x66,
    0x61,0x75,0x6c,0x74,0x5f,0x73,0x61,0x6d,0x70,0x6c,0x65,0x72,0x2c,0x20,0x66,0x72,
    0x61,0x67,0x5f,0x75,0x76,0x29,0x2e,0x78,0x79,0x7a,0x20,0x2a,0x20,0x32,0x2e,0x30,
    0x29,0x20,0x2d,0x20,0x76,0x65,0x63,0x33,0x28,0x31,0x2e,0x30,0x29,0x29,0x29,0x3b,
    0x0a,0x20,0x20,0x20,0x20,0x66,0x6c,0x6f,0x61,0x74,0x20,0x5f,0x31,0x33,0x30,0x20,
    0x3d,0x20,0x6d,0x65,0x73,0x68,0x33,0x64,0x5f,0x73,0x6b,0x69,0x6e,0x6e,0x65,0x64,
    0x5f,0x66,0x73,0x5f,0x70,0x61,0x72,0x61,0x6d,0x73,0x5b,0x32,0x5d,0x2e,0x79,0x20,
    0x2a,0x20,0x6d,0x61,0x78,0x28,0x31,0x2e,0x30,0x20,0x2d,0x20,0x74,0x65,0x78,0x74,
    0x75,0x72,0x65,0x28,0x72,0x6f,0x75,0x67,0x68,0x6e,0x65,0x73,0x73,0x5f,0x74,0x65,
    0x78,0x5f,0x64,0x65,0x66,0x61,0x75,0x6c,0x74,0x5f,0x73,0x61,0x6d,0x70,0x6c,0x65,
    0x72,0x2c,0x20,0x66,0x72,0x61,0x67,0x5f,0x75,0x76,0x29,0x2e,0x78,0x2c,0x20,0x30,
    0x2e,0x30,0x30,0x39,0x39,0x39,0x39,0x39,0x39,0x39,0x37,0x37,0x36,0x34,0x38,0x32,
    0x35,0x38,0x32,0x30,0x39,0x32,0x32,0x38,0x35,0x31,0x35,0x36,0x32,0x35,0x29,0x3b,
    0x0a,0x20,0x20,0x20,0x20,0x76,0x65,0x63,0x33,0x20,0x5f,0x31,0x33,0x36,0x20,0x3d,
    0x20,0x6e,0x6f,0x72,0x6d,0x61,0x6c,0x69,0x7a,0x65,0x28,0x6d,0x65,0x73,0x68,0x33,
    0x64,0x5f,0x73,0x6b,0x69,0x6e,0x6e,0x65,0x64,0x5f,0x66,0x73,0x5f,0x70,0x61,0x72,
    0x61,0x6d,0x73,0x5b,0x30,0x5d,0x2e,0x78,0x79,0x7a,0x20,0x2d,0x20,0x66,0x72,0x61,
    0x67,0x5f,0x70,0x6f,0x73,0x29,0x3b,0x0a,0x20,0x20,0x20,0x20,0x69,0x6e,0x74,0x20,
    0x5f,0x31,0x34,0x32,0x20,0x3d,0x20,0x69,0x6e,0x74,0x28,0x6d,0x65,0x73,0x68,0x33,
    0x64,0x5f,0x73,0x6b,0x69,0x6e,0x6e,0x65,0x64,0x5f,0x66,0x73,0x5f,0x70,0x61,0x72,
    0x61,0x6d,0x73,0x5b,0x31,0x39,0x5d,0x2e,0x78,0x29,0x3b,0x0a,0x20,0x20,0x20,0x20,
    0x76,0x65,0x63,0x33,0x20,0x74,0x6f,0x74,0x61,0x6c,0x5f,0x64,0x69,0x66,0x66,0x75,
    0x73,0x65,0x20,0x3d,0x20,0x76,0x65,0x63,0x33,0x28,0x30,0x2e,0x30,0x29,0x3b,0x0a,
    0x20,0x20,0x20,0x20,0x76,0x65,0x63,0x33,0x20,0x74,0x6f,0x74,0x61,0x6c,0x5f,0x73,
    0x70,0x65,0x63,0x75,0x6c,0x61,0x72,0x20,0x3d,0x20,0x76,0x65,0x63,0x33,0x28,0x30,
    0x2e,0x30,0x29,0x3b,0x0a,0x20,0x20,0x20,0x20,0x76,0x65,0x63,0x33,0x20,0x61,0x6d,
    0x62,0x69,0x65,0x6e,0x74,0x5f,0x63,0x6f,0x6c,0x6f,0x72,0x20,0x3d,0x20,0x76,0x65,
    0x63,0x33,0x28,0x31,0x2e,0x30,0x29,0x3b,0x0a,0x20,0x20,0x20,0x20,0x76,0x65,0x63,
    0x33,0x20,0x6c,0x69,0x67,0x68,0x74,0x5f,0x64,0x69,0x72,0x3b,0x0a,0x20,0x20,0x20,
    0x20,0x66,0x6f,0x72,0x20,0x28,0x69,0x6e,0x74,0x20,0x69,0x20,0x3d,0x20,0x30,0x3b,
    0x20,0x69,0x20,0x3c,0x20,0x38,0x3b,0x20,0x69,0x2b,0x2b,0x29,0x0a,0x20,0x20,0x20,
    0x20,0x7b,0x0a,0x20,0x20,0x20,0x20,0x20,0x20,0x20,0x20,0x69,0x66,0x20,0x28,0x69,
    0x20,0x3e,0x3d,0x20,0x5f,0x31,0x34,0x32,0x29,0x0a,0x20,0x20,0x20,0x20,0x20,0x20,
    0x20,0x20,0x7b,0x0a,0x20,0x20,0x20,0x20,0x20,0x20,0x20,0x20,0x20,0x20,0x20,0x20,
    0x62,0x72,0x65,0x61,0x6b,0x3b,0x0a,0x20,0x20,0x20,0x20,0x20,0x20,0x20,0x20,0x7d,
    0x0a,0x20,0x20,0x20,0x20,0x20,0x20,0x20,0x20,0x66,0x6c,0x6f,0x61,0x74,0x20,0x61,
    0x74,0x74,0x65,0x6e,0x75,0x61,0x74,0x69,0x6f,0x6e,0x20,0x3d,0x20,0x31,0x2e,0x30,
    0x3b,0x0a,0x20,0x20,0x20,0x20,0x20,0x20,0x20,0x20,0x69,0x66,0x20,0x28,0x6d,0x65,
    0x73,0x68,0x33,0x64,0x5f,0x73,0x6b,0x69,0x6e,0x6e,0x65,0x64,0x5f,0x66,0x73,0x5f,
    0x70,0x61,0x72,0x61,0x6d,0x73,0x5b,0x69,0x20,0x2a,0x20,0x31,0x20,0x2b,0x20,0x33,
    0x5d,0x2e,0x77,0x20,0x3c,0x20,0x30,0x2e,0x35,0x29,0x0a,0x20,0x20,0x20,0x20,0x20,
    0x20,0x20,0x20,0x7b,0x0a,0x20,0x20,0x20,0x20,0x20,0x20,0x20,0x20,0x20,0x20,0x20,
    0x20,0x6c,0x69,0x67,0x68,0x74,0x5f,0x64,0x69,0x72,0x20,0x3d,0x20,0x6e,0x6f,0x72,
    0x6d,0x61,0x6c,0x69,0x7a,0x65,0x28,0x6d,0x65,0x73,0x68,0x33,0x64,0x5f,0x73,0x6b,
    0x69,0x6e,0x6e,0x65,0x64,0x5f,0x66,0x73,0x5f,0x70,0x61,0x72,0x61,0x6d,0x73,0x5b,
    0x69,0x20,0x2a,0x20,0x31,0x20,0x2b,0x20,0x33,0x5d,0x2e,0x78,0x79,0x7a,0x29,0x3b,
    0x0a,0x20,0x20,0x20,0x20,0x20,0x20,0x20,0x20,0x20,0x20,0x20,0x20,0x69,0x66,0x20,
    0x28,0x69,0x20,0x3d,0x3d,0x20,0x30,0x29,0x0a,0x20,0x20,0x20,0x20,0x20,0x20,0x20,
    0x20,0x20,0x20,0x20,0x20,0x7b,0x0a,0x20,0x20,0x20,0x20,0x20,0x20,0x20,0x20,0x20,
    0x20,0x20,0x20,0x20,0x20,0x20,0x20,0x61,0x6d,0x62,0x69,0x65,0x6e,0x74,0x5f,0x63,
    0x6f,0x6c,0x6f,0x72,0x20,0x3d,0x20,0x6d,0x65,0x73,0x68,0x33,0x64,0x5f,0x73,0x6b,
    0x69,0x6e,0x6e,0x65,0x64,0x5f,0x66,0x73,0x5f,0x70,0x61,0x72,0x61,0x6d,0x73,0x5b,
    0x69,0x20,0x2a,0x20,0x31,0x20,0x2b,0x20,0x31,0x31,0x5d,0x2e,0x78,0x79,0x7a,0x3b,
    0x0a,0x20,0x20,0x20,0x20,0x20,0x20,0x20,0x20,0x20,0x20,0x20,0x20,0x7d,0x0a,0x20,
    0x20,0x20,0x20,0x20,0x20,0x20,0x20,0x7d,0x0a,0x20,0x20,0x20,0x20,0x20,0x20,0x20,
    0x20,0x65,0x6c,0x73,0x65,0x0a,0x20,0x20,0x20,0x20,0x20,0x20,0x20,0x20,0x7b,0x0a,
    0x20,0x20,0x20,0x20,0x20,0x20,0x20,0x20,0x20,0x20,0x20,0x20,0x76,0x65,0x63,0x33,
    0x20,0x5f,0x31,0x39,0x39,0x20,0x3d,0x20,0x6d,0x65,0x73,0x68,0x33,0x64,0x5f,0x73,
    0x6b,0x69,0x6e,0x6e,0x65,0x64,0x5f,0x66,0x73,0x5f,0x70,0x61,0x72,0x61,0x6d,0x73,
    0x5b,0x69,0x20,0x2a,0x20,0x31,0x20,0x2b,0x20,0x33,0x5d,0x2e,0x78,0x79,0x7a,0x20,
    0x2d,0x20,0x66,0x72,0x61,0x67,0x5f,0x70,0x6f,0x73,0x3b,0x0a,0x20,0x20,0x20,0x20,
    0x20,0x20,0x20,0x20,0x20,0x20,0x20,0x20,0x66,0x6c,0x6f,0x61,0x74,0x20,0x5f,0x32,
    0x30,0x32,0x20,0x3d,0x20,0x6c,0x65,0x6e,0x67,0x74,0x68,0x28,0x5f,0x31,0x39,0x39,
    0x29,0x3b,0x0a,0x20,0x20,0x20,0x20,0x20,0x20,0x20,0x20,0x20,0x20,0x20,0x20,0x6c,
    0x69,0x67,0x68,0x74,0x5f,0x64,0x69,0x72,0x20,0x3d,0x20,0x2d,0x6e,0x6f,0x72,0x6d,
    0x61,0x6c,0x69,0x7a,0x65,0x28,0x5f,0x31,0x39,0x39,0x29,0x3b,0x0a,0x20,0x20,0x20,
    0x20,0x20,0x20,0x20,0x20,0x20,0x20,0x20,0x20,0x61,0x74,0x74,0x65,0x6e,0x75,0x61,
    0x74,0x69,0x6f,0x6e,0x20,0x3d,0x20,0x31,0x2e,0x30,0x20,0x2f,0x20,0x28,0x31,0x2e,
    0x30,0x20,0x2b,0x20,0x28,0x28,0x5f,0x32,0x30,0x32,0x20,0x2a,0x20,0x5f,0x32,0x30,
    0x32,0x29,0x20,0x2f,0x20,0x28,0x6d,0x65,0x73,0x68,0x33,0x64,0x5f,0x73,0x6b,0x69,
    0x6e,0x6e,0x65,0x64,0x5f,0x66,0x73,0x5f,0x70,0x61,0x72,0x61,0x6d,0x73,0x5b,0x69,
    0x20,0x2a,0x20,0x31,0x20,0x2b,0x20,0x31,0x31,0x5d,0x2e,0x77,0x20,0x2a,0x20,0x6d,
    0x65,0x73,0x68,0x33,0x64,0x5f,0x73,0x6b,0x69,0x6e,0x6e,0x65,0x64,0x5f,0x66,0x73,
    0x5f,0x70,0x61,0x72,0x61,0x6d,0x73,0x5b,0x69,0x20,0x2a,0x20,0x31,0x20,0x2b,0x20,
    0x31,0x31,0x5d,0x2e,0x77,0x29,0x29,0x29,0x3b,0x0a,0x20,0x20,0x20,0x20,0x20,0x20,
    0x20,0x20,0x7d,0x0a,0x20,0x20,0x20,0x20,0x20,0x20,0x20,0x20,0x76,0x65,0x63,0x33,
    0x20,0x5f,0x32,0x32,0x32,0x20,0x3d,0x20,0x2d,0x6c,0x69,0x67,0x68,0x74,0x5f,0x64,
    0x69,0x72,0x3b,0x0a,0x20,0x20,0x20,0x20,0x20,0x20,0x20,0x20,0x74,0x6f,0x74,0x61,
    0x6c,0x5f,0x64,0x69,0x66,0x66,0x75,0x73,0x65,0x20,0x2b,0x3d,0x20,0x28,0x28,0x6d,
    0x65,0x73,0x68,0x33,0x64,0x5f,0x73,0x6b,0x69,0x6e,0x6e,0x65,0x64,0x5f,0x66,0x73,
    0x5f,0x70,0x61,0x72,0x61,0x6d,0x73,0x5b,0x69,0x20,0x2a,0x20,0x31,0x20,0x2b,0x20,
    0x31,0x31,0x5d,0x2e,0x78,0x79,0x7a,0x20,0x2a,0x20,0x6d,0x61,0x78,0x28,0x64,0x6f,
    0x74,0x28,0x5f,0x31,0x30,0x35,0x2c,0x20,0x5f,0x32,0x32,0x32,0x29,0x2c,0x20,0x30,
    0x2e,0x30,0x29,0x29,0x20,0x2a,0x20,0x61,0x74,0x74,0x65,0x6e,0x75,0x61,0x74,0x69,
    0x6f,0x6e,0x29,0x3b,0x0a,0x20,0x20,0x20,0x20,0x20,0x20,0x20,0x20,0x74,0x6f,0x74,
    0x61,0x6c,0x5f,0x73,0x70,0x65,0x63,0x75,0x6c,0x61,0x72,0x20,0x2b,0x3d,0x20,0x28,
    0x28,0x6d,0x65,0x73,0x68,0x33,0x64,0x5f,0x73,0x6b,0x69,0x6e,0x6e,0x65,0x64,0x5f,
    0x66,0x73,0x5f,0x70,0x61,0x72,0x61,0x6d,0x73,0x5b,0x69,0x20,0x2a,0x20,0x31,0x20,
    0x2b,0x20,0x31,0x31,0x5d,0x2e,0x78,0x79,0x7a,0x20,0x2a,0x20,0x28,0x6d,0x65,0x73,
    0x68,0x33,0x64,0x5f,0x73,0x6b,0x69,0x6e,0x6e,0x65,0x64,0x5f,0x66,0x73,0x5f,0x70,
    0x61,0x72,0x61,0x6d,0x73,0x5b,0x32,0x5d,0x2e,0x78,0x20,0x2a,0x20,0x70,0x6f,0x77,
    0x28,0x6d,0x61,0x78,0x28,0x64,0x6f,0x74,0x28,0x5f,0x31,0x30,0x35,0x2c,0x20,0x6e,
    0x6f,0x72,0x6d,0x61,0x6c,0x69,0x7a,0x65,0x28,0x5f,0x32,0x32,0x32,0x20,0x2b,0x20,
    0x5f,0x31,0x33,0x36,0x29,0x29,0x2c,0x20,0x30,0x2e,0x30,0x29,0x2c,0x20,0x5f,0x31,
    0x33,0x30,0x29,0x29,0x29,0x20,0x2a,0x20,0x61,0x74,0x74,0x65,0x6e,0x75,0x61,0x74,
    0x69,0x6f,0x6e,0x29,0x3b,0x0a,0x20,0x20,0x20,0x20,0x7d,0x0a,0x20,0x20,0x20,0x20,
    0x63,0x6f,0x6c,0x5f,0x6f,0x75,0x74,0x20,0x3d,0x20,0x76,0x65,0x63,0x34,0x28,0x66,
    0x6d,0x61,0x28,0x28,0x28,0x28,0x61,0x6d,0x62,0x69,0x65,0x6e,0x74,0x5f,0x63,0x6f,
    0x6c,0x6f,0x72,0x20,0x2a,0x20,0x6d,0x65,0x73,0x68,0x33,0x64,0x5f,0x73,0x6b,0x69,
    0x6e,0x6e,0x65,0x64,0x5f,0x66,0x73,0x5f,0x70,0x61,0x72,0x61,0x6d,0x73,0x5b,0x30,
    0x5d,0x2e,0x77,0x29,0x20,0x2b,0x20,0x74,0x6f,0x74,0x61,0x6c,0x5f,0x64,0x69,0x66,
    0x66,0x75,0x73,0x65,0x29,0x20,0x2b,0x20,0x74,0x6f,0x74,0x61,0x6c,0x5f,0x73,0x70,
    0x65,0x63,0x75,0x6c,0x61,0x72,0x29,0x20,0x2a,0x20,0x5f,0x35,0x39,0x2e,0x78,0x79,
    0x7a,0x2c,0x20,0x6d,0x65,0x73,0x68,0x33,0x64,0x5f,0x73,0x6b,0x69,0x6e,0x6e,0x65,
    0x64,0x5f,0x66,0x73,0x5f,0x70,0x61,0x72,0x61,0x6d,0x73,0x5b,0x31,0x5d,0x2e,0x78,
    0x79,0x7a,0x2c,0x20,0x74,0x65,0x78,0x74,0x75,0x72,0x65,0x28,0x65,0x6d,0x69,0x73,
    0x73,0x69,0x76,0x65,0x5f,0x74,0x65,0x78,0x5f,0x64,0x65,0x66,0x61,0x75,0x6c,0x74,
    0x5f,0x73,0x61,0x6d,0x70,0x6c,0x65,0x72,0x2c,0x20,0x66,0x72,0x61,0x67,0x5f,0x75,
    0x76,0x29,0x2e,0x78,0x79,0x7a,0x20,0x2a,0x20,0x6d,0x65,0x73,0x68,0x33,0x64,0x5f,
    0x73,0x6b,0x69,0x6e,0x6e,0x65,0x64,0x5f,0x66,0x73,0x5f,0x70,0x61,0x72,0x61,0x6d,
    0x73,0x5b,0x32,0x5d,0x2e,0x7a,0x29,0x2c,0x20,0x5f,0x35,0x39,0x2e,0x77,0x20,0x2a,
    0x20,0x6d,0x65,0x73,0x68,0x33,0x64,0x5f,0x73,0x6b,0x69,0x6e,0x6e,0x65,0x64,0x5f,
    0x66,0x73,0x5f,0x70,0x61,0x72,0x61,0x6d,0x73,0x5b,0x31,0x5d,0x2e,0x77,0x29,0x3b,
    0x0a,0x7d,0x0a,0x0a,0x00,
};
/*
    cbuffer mesh3d_skinned_vs_params : register(b0)
    {
        row_major float4x4 _56_mvp : packoffset(c0);
        row_major float4x4 _56_model : packoffset(c4);
        float4 _56_normal_mat_c0 : packoffset(c8);
        float4 _56_normal_mat_c1 : packoffset(c9);
        float4 _56_normal_mat_c2 : packoffset(c10);
        row_major float4x4 _56_bone_matrices[64] : packoffset(c11);
    };


    static float4 gl_Position;
    static float4 bone_indices0;
    static float4 bone_weights0;
    static float3 position0;
    static float3 normal0;
    static float4 tangent0;
    static float3 frag_pos;
    static float3 frag_normal;
    static float3 frag_tangent;
    static float3 frag_bitangent;
    static float2 frag_uv;
    static float2 texcoord0;

    struct SPIRV_Cross_Input
    {
        float3 position0 : TEXCOORD0;
        float3 normal0 : TEXCOORD1;
        float2 texcoord0 : TEXCOORD2;
        float4 tangent0 : TEXCOORD3;
        float4 bone_indices0 : TEXCOORD4;
        float4 bone_weights0 : TEXCOORD5;
    };

    struct SPIRV_Cross_Output
    {
        float3 frag_pos : TEXCOORD0;
        float3 frag_normal : TEXCOORD1;
        float2 frag_uv : TEXCOORD2;
        float3 frag_tangent : TEXCOORD3;
        float3 frag_bitangent : TEXCOORD4;
        float4 gl_Position : SV_Position;
    };

    void vert_main()
    {
        float4 skinned_pos = 0.0f.xxxx;
        float3 skinned_normal = 0.0f.xxx;
        float3 skinned_tangent = 0.0f.xxx;
        for (int i = 0; i < 4; i++)
        {
            int _37 = int(bone_indices0[i]);
            if (bone_weights0[i] > 0.0f)
            {
                skinned_pos += (mul(float4(position0, 1.0f), _56_bone_matrices[_37]) * bone_weights0[i]);
                float3x3 _84 = float3x3(_56_bone_matrices[_37][0].xyz, _56_bone_matrices[_37][1].xyz, _56_bone_matrices[_37][2].xyz);
                skinned_normal += (mul(normal0, _84) * bone_weights0[i]);
                skinned_tangent += (mul(tangent0.xyz, _84) * bone_weights0[i]);
            }
        }
        frag_pos = mul(skinned_pos, _56_model).xyz;
        float3x3 _146 = float3x3(float3(_56_normal_mat_c0.xyz), float3(_56_normal_mat_c1.xyz), float3(_56_normal_mat_c2.xyz));
        frag_normal = normalize(mul(skinned_normal, _146));
        frag_tangent = normalize(mul(skinned_tangent, _146));
        frag_bitangent = cross(frag_normal, frag_tangent) * tangent0.w;
        frag_uv = texcoord0;
        gl_Position = mul(skinned_pos, _56_mvp);
    }

    SPIRV_Cross_Output main(SPIRV_Cross_Input stage_input)
    {
        bone_indices0 = stage_input.bone_indices0;
        bone_weights0 = stage_input.bone_weights0;
        position0 = stage_input.position0;
        normal0 = stage_input.normal0;
        tangent0 = stage_input.tangent0;
        texcoord0 = stage_input.texcoord0;
        vert_main();
        SPIRV_Cross_Output stage_output;
        stage_output.gl_Position = gl_Position;
        stage_output.frag_pos = frag_pos;
        stage_output.frag_normal = frag_normal;
        stage_output.frag_tangent = frag_tangent;
        stage_output.frag_bitangent = frag_bitangent;
        stage_output.frag_uv = frag_uv;
        return stage_output;
    }
*/
static const uint8_t mesh3d_skinned_vs_source_hlsl5[2882] = {
    0x63,0x62,0x75,0x66,0x66,0x65,0x72,0x20,0x6d,0x65,0x73,0x68,0x33,0x64,0x5f,0x73,
    0x6b,0x69,0x6e,0x6e,0x65,0x64,0x5f,0x76,0x73,0x5f,0x70,0x61,0x72,0x61,0x6d,0x73,
    0x20,0x3a,0x20,0x72,0x65,0x67,0x69,0x73,0x74,0x65,0x72,0x28,0x62,0x30,0x29,0x0a,
    0x7b,0x0a,0x20,0x20,0x20,0x20,0x72,0x6f,0x77,0x5f,0x6d,0x61,0x6a,0x6f,0x72,0x20,
    0x66,0x6c,0x6f,0x61,0x74,0x34,0x78,0x34,0x20,0x5f,0x35,0x36,0x5f,0x6d,0x76,0x70,
    0x20,0x3a,0x20,0x70,0x61,0x63,0x6b,0x6f,0x66,0x66,0x73,0x65,0x74,0x28,0x63,0x30,
    0x29,0x3b,0x0a,0x20,0x20,0x20,0x20,0x72,0x6f,0x77,0x5f,0x6d,0x61,0x6a,0x6f,0x72,
    0x20,0x66,0x6c,0x6f,0x61,0x74,0x34,0x78,0x34,0x20,0x5f,0x35,0x36,0x5f,0x6d,0x6f,
    0x64,0x65,0x6c,0x20,0x3a,0x20,0x70,0x61,0x63,0x6b,0x6f,0x66,0x66,0x73,0x65,0x74,
    0x28,0x63,0x34,0x29,0x3b,0x0a,0x20,0x20,0x20,0x20,0x66,0x6c,0x6f,0x61,0x74,0x34,
    0x20,0x5f,0x35,0x36,0x5f,0x6e,0x6f,0x72,0x6d,0x61,0x6c,0x5f,0x6d,0x61,0x74,0x5f,
    0x63,0x30,0x20,0x3a,0x20,0x70,0x61,0x63,0x6b,0x6f,0x66,0x66,0x73,0x65,0x74,0x28,
    0x63,0x38,0x29,0x3b,0x0a,0x20,0x20,0x20,0x20,0x66,0x6c,0x6f,0x61,0x74,0x34,0x20,
    0x5f,0x35,0x36,0x5f,0x6e,0x6f,0x72,0x6d,0x61,0x6c,0x5f,0x6d,0x61,0x74,0x5f,0x63,
    0x31,0x20,0x3a,0x20,0x70,0x61,0x63,0x6b,0x6f,0x66,0x66,0x73,0x65,0x74,0x28,0x63,
    0x39,0x29,0x3b,0x0a,0x20,0x20,0x20,0x20,0x66,0x6c,0x6f,0x61,0x74,0x34,0x20,0x5f,
    0x35,0x36,0x5f,0x6e,0x6f,0x72,0x6d,0x61,0x6c,0x5f,0x6d,0x61,0x74,0x5f,0x63,0x32,
    0x20,0x3a,0x20,0x70,0x61,0x63,0x6b,0x6f,0x66,0x66,0x73,0x65,0x74,0x28,0x63,0x31,
    0x30,0x29,0x3b,0x0a,0x20,0x20,0x20,0x20,0x72,0x6f,0x77,0x5f,0x6d,0x61,0x6a,0x6f,
    0x72,0x20,0x66,0x6c,0x6f,0x61,0x74,0x34,0x78,0x34,0x20,0x5f,0x35,0x36,0x5f,0x62,
    0x6f,0x6e,0x65,0x5f,0x6d,0x61,0x74,0x72,0x69,0x63,0x65,0x73,0x5b,0x36,0x34,0x5d,
    0x20,0x3a,0x20,0x70,0x61,0x63,0x6b,0x6f,0x66,0x66,0x73,0x65,0x74,0x28,0x63,0x31,
    0x31,0x29,0x3b,0x0a,0x7d,0x3b,0x0a,0x0a,0x0a,0x73,0x74,0x61,0x74,0x69,0x63,0x20,
    0x66,0x6c,0x6f,0x61,0x74,0x34,0x20,0x67,0x6c,0x5f,0x50,0x6f,0x73,0x69,0x74,0x69,
    0x6f,0x6e,0x3b,0x0a,0x73,0x74,0x61,0x74,0x69,0x63,0x20,0x66,0x6c,0x6f,0x61,0x74,
    0x34,0x20,0x62,0x6f,0x6e,0x65,0x5f,0x69,0x6e,0x64,0x69,0x63,0x65,0x73,0x30,0x3b,
    0x0a,0x73,0x74,0x61,0x74,0x69,0x63,0x20,0x66,0x6c,0x6f,0x61,0x74,0x34,0x20,0x62,
    0x6f,0x6e,0x65,0x5f,0x77,0x65,0x69,0x67,0x68,0x74,0x73,0x30,0x3b,0x0a,0x73,0x74,
    0x61,0x74,0x69,0x63,0x20,0x66,0x6c,0x6f,0x61,0x74,0x33,0x20,0x70,0x6f,0x73,0x69,
    0x74,0x69,0x6f,0x6e,0x30,0x3b,0x0a,0x73,0x74,0x61,0x74,0x69,0x63,0x20,0x66,0x6c,
    0x6f,0x61,0x74,0x33,0x20,0x6e,0x6f,0x72,0x6d,0x61,0x6c,0x30,0x3b,0x0a,0x73,0x74,
    0x61,0x74,0x69,0x63,0x20,0x66,0x6c,0x6f,0x61,0x74,0x34,0x20,0x74,0x61,0x6e,0x67,
    0x65,0x6e,0x74,0x30,0x3b,0x0a,0x73,0x74,0x61,0x74,0x69,0x63,0x20,0x66,0x6c,0x6f,
    0x61,0x74,0x33,0x20,0x66,0x72,0x61,0x67,0x5f,0x70,0x6f,0x73,0x3b,0x0a,0x73,0x74,
    0x61,0x74,0x69,0x63,0x20,0x66,0x6c,0x6f,0x61,0x74,0x33,0x20,0x66,0x72,0x61,0x67,
    0x5f,0x6e,0x6f,0x72,0x6d,0x61,0x6c,0x3b,0x0a,0x73,0x74,0x61,0x74,0x69,0x63,0x20,
    0x66,0x6c,0x6f,0x61,0x74,0x33,0x20,0x66,0x72,0x61,0x67,0x5f,0x74,0x61,0x6e,0x67,
    0x65,0x6e,0x74,0x3b,0x0a,0x73,0x74,0x61,0x74,0x69,0x63,0x20,0x66,0x6c,0x6f,0x61,
    0x74,0x33,0x20,0x66,0x72,0x61,0x67,0x5f,0x62,0x69,0x74,0x61,0x6e,0x67,0x65,0x6e,
    0x74,0x3b,0x0a,0x73,0x74,0x61,0x74,0x69,0x63,0x20,0x66,0x6c,0x6f,0x61,0x74,0x32,
    0x20,0x66,0x72,0x61,0x67,0x5f,0x75,0x76,0x3b,0x0a,0x73,0x74,0x61,0x74,0x69,0x63,
    0x20,0x66,0x6c,0x6f,0x61,0x74,0x32,0x20,0x74,0x65,0x78,0x63,0x6f,0x6f,0x72,0x64,
    0x30,0x3b,0x0a,0x0a,0x73,0x74,0x72,0x75,0x63,0x74,0x20,0x53,0x50,0x49,0x52,0x56,
    0x5f,0x43,0x72,0x6f,0x73,0x73,0x5f,0x49,0x6e,0x70,0x75,0x74,0x0a,0x7b,0x0a,0x20,
    0x20,0x20,0x20,0x66,0x6c,0x6f,0x61,0x74,0x33,0x20,0x70,0x6f,0x73,0x69,0x74,0x69,
    0x6f,0x6e,0x30,0x20,0x3a,0x20,0x54,0x45,0x58,0x43,0x4f,0x4f,0x52,0x44,0x30,0x3b,
    0x0a,0x20,0x20,0x20,0x20,0x66,0x6c,0x6f,0x61,0x74,0x33,0x20,0x6e,0x6f,0x72,0x6d,
    0x61,0x6c,0x30,0x20,0x3a,0x20,0x54,0x45,0x58,0x43,0x4f,0x4f,0x52,0x44,0x31,0x3b,
    0x0a,0x20,0x20,0x20,0x20,0x66,0x6c,0x6f,0x61,0x74,0x32,0x20,0x74,0x65,0x78,0x63,
    0x6f,0x6f,0x72,0x64,0x30,0x20,0x3a,0x20,0x54,0x45,0x58,0x43,0x4f,0x4f,0x52,0x44,
    0x32,0x3b,0x0a,0x20,0x20,0x20,0x20,0x66,0x6c,0x6f,0x61,0x74,0x34,0x20,0x74,0x61,
    0x6e,0x67,0x65,0x6e,0x74,0x30,0x20,0x3a,0x20,0x54,0x45,0x58,0x43,0x4f,0x4f,0x52,
    0x44,0x33,0x3b,0x0a,0x20,0x20,0x20,0x20,0x66,0x6c,0x6f,0x61,0x74,0x34,0x20,0x62,
    0x6f,0x6e,0x65,0x5f,0x69,0x6e,0x64,0x69,0x63,0x65,0x73,0x30,0x20,0x3a,0x20,0x54,
    0x45,0x58,0x43,0x4f,0x4f,0x52,0x44,0x34,0x3b,0x0a,0x20,0x20,0x20,0x20,0x66,0x6c,
    0x6f,0x61,0x74,0x34,0x20,0x62,0x6f,0x6e,0x65,0x5f,0x77,0x65,0x69,0x67,0x68,0x74,
    0x73,0x30,0x20,0x3a,0x20,0x54,0x45,0x58,0x43,0x4f,0x4f,0x52,0x44,0x35,0x3b,0x0a,
    0x7d,0x3b,0x0a,0x0a,0x73,0x74,0x72,0x75,0x63,0x74,0x20,0x53,0x50,0x49,0x52,0x56,
    0x5f,0x43,0x72,0x6f,0x73,0x73,0x5f,0x4f,0x75,0x74,0x70,0x75,0x74,0x0a,0x7b,0x0a,
    0x20,0x20,0x20,0x20,0x66,0x6c,0x6f,0x61,0x74,0x33,0x20,0x66,0x72,0x61,0x67,0x5f,
    0x70,0x6f,0x73,0x20,0x3a,0x20,0x54,0x45,0x58,0x43,0x4f,0x4f,0x52,0x44,0x30,0x3b,
    0x0a,0x20,0x20,0x20,0x20,0x66,0x6c,0x6f,0x61,0x74,0x33,0x20,0x66,0x72,0x61,0x67,
    0x5f,0x6e,0x6f,0x72,0x6d,0x61,0x6c,0x20,0x3a,0x20,0x54,0x45,0x58,0x43,0x4f,0x4f,
    0x52,0x44,0x31,0x3b,0x0a,0x20,0x20,0x20,0x20,0x66,0x6c,0x6f,0x61,0x74,0x32,0x20,
    0x66,0x72,0x61,0x67,0x5f,0x75,0x76,0x20,0x3a,0x20,0x54,0x45,0x58,0x43,0x4f,0x4f,
    0x52,0x44,0x32,0x3b,0x0a,0x20,0x20,0x20,0x20,0x66,0x6c,0x6f,0x61,0x74,0x33,0x20,
    0x66,0x72,0x61,0x67,0x5f,0x74,0x61,0x6e,0x67,0x65,0x6e,0x74,0x20,0x3a,0x20,0x54,
    0x45,0x58,0x43,0x4f,0x4f,0x52,0x44,0x33,0x3b,0x0a,0x20,0x20,0x20,0x20,0x66,0x6c,
    0x6f,0x61,0x74,0x33,0x20,0x66,0x72,0x61,0x67,0x5f,0x62,0x69,0x74,0x61,0x6e,0x67,
    0x65,0x6e,0x74,0x20,0x3a,0x20,0x54,0x45,0x58,0x43,0x4f,0x4f,0x52,0x44,0x34,0x3b,
    0x0a,0x20,0x20,0x20,0x20,0x66,0x6c,0x6f,0x61,0x74,0x34,0x20,0x67,0x6c,0x5f,0x50,
    0x6f,0x73,0x69,0x74,0x69,0x6f,0x6e,0x20,0x3a,0x20,0x53,0x56,0x5f,0x50,0x6f,0x73,
    0x69,0x74,0x69,0x6f,0x6e,0x3b,0x0a,0x7d,0x3b,0x0a,0x0a,0x76,0x6f,0x69,0x64,0x20,
    0x76,0x65,0x72,0x74,0x5f,0x6d,0x61,0x69,0x6e,0x28,0x29,0x0a,0x7b,0x0a,0x20,0x20,
    0x20,0x20,0x66,0x6c,0x6f,0x61,0x74,0x34,0x20,0x73,0x6b,0x69,0x6e,0x6e,0x65,0x64,
    0x5f,0x70,0x6f,0x73,0x20,0x3d,0x20,0x30,0x2e,0x30,0x66,0x2e,0x78,0x78,0x78,0x78,
    0x3b,0x0a,0x20,0x20,0x20,0x20,0x66,0x6c,0x6f,0x61,0x74,0x33,0x20,0x73,0x6b,0x69,
    0x6e,0x6e,0x65,0x64,0x5f,0x6e,0x6f,0x72,0x6d,0x61,0x6c,0x20,0x3d,0x20,0x30,0x2e,
    0x30,0x66,0x2e,0x78,0x78,0x78,0x3b,0x0a,0x20,0x20,0x20,0x20,0x66,0x6c,0x6f,0x61,
    0x74,0x33,0x20,0x73,0x6b,0x69,0x6e,0x6e,0x65,0x64,0x5f,0x74,0x61,0x6e,0x67,0x65,
    0x6e,0x74,0x20,0x3d,0x20,0x30,0x2e,0x30,0x66,0x2e,0x78,0x78,0x78,0x3b,0x0a,0x20,
    0x20,0x20,0x20,0x66,0x6f,0x72,0x20,0x28,0x69,0x6e,0x74,0x20,0x69,0x20,0x3d,0x20,
    0x30,0x3b,0x20,0x69,0x20,0x3c,0x20,0x34,0x3b,0x20,0x69,0x2b,0x2b,0x29,0x0a,0x20,
    0x20,0x20,0x20,0x7b,0x0a,0x20,0x20,0x20,0x20,0x20,0x20,0x20,0x20,0x69,0x6e,0x74,
    0x20,0x5f,0x33,0x37,0x20,0x3d,0x20,0x69,0x6e,0x74,0x28,0x62,0x6f,0x6e,0x65,0x5f,
    0x69,0x6e,0x64,0x69,0x63,0x65,0x73,0x30,0x5b,0x69,0x5d,0x29,0x3b,0x0a,0x20,0x20,
    0x20,0x20,0x20,0x20,0x20,0x20,0x69,0x66,0x20,0x28,0x62,0x6f,0x6e,0x65,0x5f,0x77,
    0x65,0x69,0x67,0x68,0x74,0x73,0x30,0x5b,0x69,0x5d,0x20,0x3e,0x20,0x30,0x2e,0x30,
    0x66,0x29,0x0a,0x20,0x20,0x20,0x20,0x20,0x20,0x20,0x20,0x7b,0x0a,0x20,0x20,0x20,
    0x20,0x20,0x20,0x20,0x20,0x20,0x20,0x20,0x20,0x73,0x6b,0x69,0x6e,0x6e,0x65,0x64,
    0x5f,0x70,0x6f,0x73,0x20,0x2b,0x3d,0x20,0x28,0x6d,0x75,0x6c,0x28,0x66,0x6c,0x6f,
    0x61,0x74,0x34,0x28,0x70,0x6f,0x73,0x69,0x74,0x69,0x6f,0x6e,0x30,0x2c,0x20,0x31,
    0x2e,0x30,0x66,0x29,0x2c,0x20,0x5f,0x35,0x36,0x5f,0x62,0x6f,0x6e,0x65,0x5f,0x6d,
    0x61,0x74,0x72,0x69,0x63,0x65,0x73,0x5b,0x5f,0x33,0x37,0x5d,0x29,0x20,0x2a,0x20,
    0x62,0x6f,0x6e,0x65,0x5f,0x77,0x65,0x69,0x67,0x68,0x74,0x73,0x30,0x5b,0x69,0x5d,
    0x29,0x3b,0x0a,0x20,0x20,0x20,0x20,0x20,0x20,0x20,0x20,0x20,0x20,0x20,0x20,0x66,
    0x6c,0x6f,0x61,0x74,0x33,0x78,0x33,0x20,0x5f,0x38,0x34,0x20,0x3d,0x20,0x66,0x6c,
    0x6f,0x61,0x74,0x33,0x78,0x33,0x28,0x5f,0x35,0x36,0x5f,0x62,0x6f,0x6e,0x65,0x5f,
    0x6d,0x61,0x74,0x72,0x69,0x63,0x65,0x73,0x5b,0x5f,0x33,0x37,0x5d,0x5b,0x30,0x5d,
    0x2e,0x78,0x79,0x7a,0x2c,0x20,0x5f,0x35,0x36,0x5f,0x62,0x6f,0x6e,0x65,0x5f,0x6d,
    0x61,0x74,0x72,0x69,0x63,0x65,0x73,0x5b,0x5f,0x33,0x37,0x5d,0x5b,0x31,0x5d,0x2e,
    0x78,0x79,0x7a,0x2c,0x20,0x5f,0x35,0x36,0x5f,0x62,0x6f,0x6e,0x65,0x5f,0x6d,0x61,
    0x74,0x72,0x69,0x63,0x65,0x73,0x5b,0x5f,0x33,0x37,0x5d,0x5b,0x32,0x5d,0x2e,0x78,
    0x79,0x7a,0x29,0x3b,0x0a,0x20,0x20,0x20,0x20,0x20,0x20,0x20,0x20,0x20,0x20,0x20,
    0x20,0x73,0x6b,0x69,0x6e,0x6e,0x65,0x64,0x5f,0x6e,0x6f,0x72,0x6d,0x61,0x6c,0x20,
    0x2b,0x3d,0x20,0x28,0x6d,0x75,0x6c,0x28,0x6e,0x6f,0x72,0x6d,0x61,0x6c,0x30,0x2c,
    0x20,0x5f,0x38,0x34,0x29,0x20,0x2a,0x20,0x62,0x6f,0x6e,0x65,0x5f,0x77,0x65,0x69,
    0x67,0x68,0x74,0x73,0x30,0x5b,0x69,0x5d,0x29,0x3b,0x0a,0x20,0x20,0x20,0x20,0x20,
    0x20,0x20,0x20,0x20,0x20,0x20,0x20,0x73,0x6b,0x69,0x6e,0x6e,0x65,0x64,0x5f,0x74,
    0x61,0x6e,0x67,0x65,0x6e,0x74,0x20,0x2b,0x3d,0x20,0x28,0x6d,0x75,0x6c,0x28,0x74,
    0x61,0x6e,0x67,0x65,0x6e,0x74,0x30,0x2e,0x78,0x79,0x7a,0x2c,0x20,0x5f,0x38,0x34,
    0x29,0x20,0x2a,0x20,0x62,0x6f,0x6e,0x65,0x5f,0x77,0x65,0x69,0x67,0x68,0x74,0x73,
    0x30,0x5b,0x69,0x5d,0x29,0x3b,0x0a,0x20,0x20,0x20,0x20,0x20,0x20,0x20,0x20,0x7d,
    0x0a,0x20,0x20,0x20,0x20,0x7d,0x0a,0x20,0x20,0x20,0x20,0x66,0x72,0x61,0x67,0x5f,
    0x70,0x6f,0x73,0x20,0x3d,0x20,0x6d,0x75,0x6c,0x28,0x73,0x6b,0x69,0x6e,0x6e,0x65,
    0x64,0x5f,0x70,0x6f,0x73,0x2c,0x20,0x5f,0x35,0x36,0x5f,0x6d,0x6f,0x64,0x65,0x6c,
    0x29,0x2e,0x78,0x79,0x7a,0x3b,0x0a,0x20,0x20,0x20,0x20,0x66,0x6c,0x6f,0x61,0x74,
    0x33,0x78,0x33,0x20,0x5f,0x31,0x34,0x36,0x20,0x3d,0x20,0x66,0x6c,0x6f,0x61,0x74,
    0x33,0x78,0x33,0x28,0x66,0x6c,0x6f,0x61,0x74,0x33,0x28,0x5f,0x35,0x36,0x5f,0x6e,
    0x6f,0x72,0x6d,0x61,0x6c,0x5f,0x6d,0x61,0x74,0x5f,0x63,0x30,0x2e,0x78,0x79,0x7a,
    0x29,0x2c,0x20,0x66,0x6c,0x6f,0x61,0x74,0x33,0x28,0x5f,0x35,0x36,0x5f,0x6e,0x6f,
    0x72,0x6d,0x61,0x6c,0x5f,0x6d,0x61,0x74,0x5f,0x63,0x31,0x2e,0x78,0x79,0x7a,0x29,
    0x2c,0x20,0x66,0x6c,0x6f,0x61,0x74,0x33,0x28,0x5f,0x35,0x36,0x5f,0x6e,0x6f,0x72,
    0x6d,0x61,0x6c,0x5f,0x6d,0x61,0x74,0x5f,0x63,0x32,0x2e,0x78,0x79,0x7a,0x29,0x29,
    0x3b,0x0a,0x20,0x20,0x20,0x20,0x66,0x72,0x61,0x67,0x5f,0x6e,0x6f,0x72,0x6d,0x61,
    0x6c,0x20,0x3d,0x20,0x6e,0x6f,0x72,0x6d,0x61,0x6c,0x69,0x7a,0x65,0x28,0x6d,0x75,
    0x6c,0x28,0x73,0x6b,0x69,0x6e,0x6e,0x65,0x64,0x5f,0x6e,0x6f,0x72,0x6d,0x61,0x6c,
    0x2c,0x20,0x5f,0x31,0x34,0x36,0x29,0x29,0x3b,0x0a,0x20,0x20,0x20,0x20,0x66,0x72,
    0x61,0x67,0x5f,0x74,0x61,0x6e,0x67,0x65,0x6e,0x74,0x20,0x3d,0x20,0x6e,0x6f,0x72,
    0x6d,0x61,0x6c,0x69,0x7a,0x65,0x28,0x6d,0x75,0x6c,0x28,0x73,0x6b,0x69,0x6e,0x6e,
    0x65,0x64,0x5f,0x74,0x61,0x6e,0x67,0x65,0x6e,0x74,0x2c,0x20,0x5f,0x31,0x34,0x36,
    0x29,0x29,0x3b,0x0a,0x20,0x20,0x20,0x20,0x66,0x72,0x61,0x67,0x5f,0x62,0x69,0x74,
    0x61,0x6e,0x67,0x65,0x6e,0x74,0x20,0x3d,0x20,0x63,0x72,0x6f,0x73,0x73,0x28,0x66,
    0x72,0x61,0x67,0x5f,0x6e,0x6f,0x72,0x6d,0x61,0x6c,0x2c,0x20,0x66,0x72,0x61,0x67,
    0x5f,0x74,0x61,0x6e,0x67,0x65,0x6e,0x74,0x29,0x20,0x2a,0x20,0x74,0x61,0x6e,0x67,
    0x65,0x6e,0x74,0x30,0x2e,0x77,0x3b,0x0a,0x20,0x20,0x20,0x20,0x66,0x72,0x61,0x67,
    0x5f,0x75,0x76,0x20,0x3d,0x20,0x74,0x65,0x78,0x63,0x6f,0x6f,0x72,0x64,0x30,0x3b,
    0x0a,0x20,0x20,0x20,0x20,0x67,0x6c,0x5f,0x50,0x6f,0x73,0x69,0x74,0x69,0x6f,0x6e,
    0x20,0x3d,0x20,0x6d,0x75,0x6c,0x28,0x73,0x6b,0x69,0x6e,0x6e,0x65,0x64,0x5f,0x70,
    0x6f,0x73,0x2c,0x20,0x5f,0x35,0x36,0x5f,0x6d,0x76,0x70,0x29,0x3b,0x0a,0x7d,0x0a,
    0x0a,0x53,0x50,0x49,0x52,0x56,0x5f,0x43,0x72,0x6f,0x73,0x73,0x5f,0x4f,0x75,0x74,
    0x70,0x75,0x74,0x20,0x6d,0x61,0x69,0x6e,0x28,0x53,0x50,0x49,0x52,0x56,0x5f,0x43,
    0x72,0x6f,0x73,0x73,0x5f,0x49,0x6e,0x70,0x75,0x74,0x20,0x73,0x74,0x61,0x67,0x65,
    0x5f,0x69,0x6e,0x70,0x75,0x74,0x29,0x0a,0x7b,0x0a,0x20,0x20,0x20,0x20,0x62,0x6f,
    0x6e,0x65,0x5f,0x69,0x6e,0x64,0x69,0x63,0x65,0x73,0x30,0x20,0x3d,0x20,0x73,0x74,
    0x61,0x67,0x65,0x5f,0x69,0x6e,0x70,0x75,0x74,0x2e,0x62,0x6f,0x6e,0x65,0x5f,0x69,
    0x6e,0x64,0x69,0x63,0x65,0x73,0x30,0x3b,0x0a,0x20,0x20,0x20,0x20,0x62,0x6f,0x6e,
    0x65,0x5f,0x77,0x65,0x69,0x67,0x68,0x74,0x73,0x30,0x20,0x3d,0x20,0x73,0x74,0x61,
    0x67,0x65,0x5f,0x69,0x6e,0x70,0x75,0x74,0x2e,0x62,0x6f,0x6e,0x65,0x5f,0x77,0x65,
    0x69,0x67,0x68,0x74,0x73,0x30,0x3b,0x0a,0x20,0x20,0x20,0x20,0x70,0x6f,0x73,0x69,
    0x74,0x69,0x6f,0x6e,0x30,0x20,0x3d,0x20,0x73,0x74,0x61,0x67,0x65,0x5f,0x69,0x6e,
    0x70,0x75,0x74,0x2e,0x70,0x6f,0x73,0x69,0x74,0x69,0x6f,0x6e,0x30,0x3b,0x0a,0x20,
    0x20,0x20,0x20,0x6e,0x6f,0x72,0x6d,0x61,0x6c,0x30,0x20,0x3d,0x20,0x73,0x74,0x61,
    0x67,0x65,0x5f,0x69,0x6e,0x70,0x75,0x74,0x2e,0x6e,0x6f,0x72,0x6d,0x61,0x6c,0x30,
    0x3b,0x0a,0x20,0x20,0x20,0x20,0x74,0x61,0x6e,0x67,0x65,0x6e,0x74,0x30,0x20,0x3d,
    0x20,0x73,0x74,0x61,0x67,0x65,0x5f,0x69,0x6e,0x70,0x75,0x74,0x2e,0x74,0x61,0x6e,
    0x67,0x65,0x6e,0x74,0x30,0x3b,0x0a,0x20,0x20,0x20,0x20,0x74,0x65,0x78,0x63,0x6f,
    0x6f,0x72,0x64,0x30,0x20,0x3d,0x20,0x73,0x74,0x61,0x67,0x65,0x5f,0x69,0x6e,0x70,
    0x75,0x74,0x2e,0x74,0x65,0x78,0x63,0x6f,0x6f,0x72,0x64,0x30,0x3b,0x0a,0x20,0x20,
    0x20,0x20,0x76,0x65,0x72,0x74,0x5f,0x6d,0x61,0x69,0x6e,0x28,0x29,0x3b,0x0a,0x20,
    0x20,0x20,0x20,0x53,0x50,0x49,0x52,0x56,0x5f,0x43,0x72,0x6f,0x73,0x73,0x5f,0x4f,
    0x75,0x74,0x70,0x75,0x74,0x20,0x73,0x74,0x61,0x67,0x65,0x5f,0x6f,0x75,0x74,0x70,
    0x75,0x74,0x3b,0x0a,0x20,0x20,0x20,0x20,0x73,0x74,0x61,0x67,0x65,0x5f,0x6f,0x75,
    0x74,0x70,0x75,0x74,0x2e,0x67,0x6c,0x5f,0x50,0x6f,0x73,0x69,0x74,0x69,0x6f,0x6e,
    0x20,0x3d,0x20,0x67,0x6c,0x5f,0x50,0x6f,0x73,0x69,0x74,0x69,0x6f,0x6e,0x3b,0x0a,
    0x20,0x20,0x20,0x20,0x73,0x74,0x61,0x67,0x65,0x5f,0x6f,0x75,0x74,0x70,0x75,0x74,
    0x2e,0x66,0x72,0x61,0x67,0x5f,0x70,0x6f,0x73,0x20,0x3d,0x20,0x66,0x72,0x61,0x67,
    0x5f,0x70,0x6f,0x73,0x3b,0x0a,0x20,0x20,0x20,0x20,0x73,0x74,0x61,0x67,0x65,0x5f,
    0x6f,0x75,0x74,0x70,0x75,0x74,0x2e,0x66,0x72,0x61,0x67,0x5f,0x6e,0x6f,0x72,0x6d,
    0x61,0x6c,0x20,0x3d,0x20,0x66,0x72,0x61,0x67,0x5f,0x6e,0x6f,0x72,0x6d,0x61,0x6c,
    0x3b,0x0a,0x20,0x20,0x20,0x20,0x73,0x74,0x61,0x67,0x65,0x5f,0x6f,0x75,0x74,0x70,
    0x75,0x74,0x2e,0x66,0x72,0x61,0x67,0x5f,0x74,0x61,0x6e,0x67,0x65,0x6e,0x74,0x20,
    0x3d,0x20,0x66,0x72,0x61,0x67,0x5f,0x74,0x61,0x6e,0x67,0x65,0x6e,0x74,0x3b,0x0a,
    0x20,0x20,0x20,0x20,0x73,0x74,0x61,0x67,0x65,0x5f,0x6f,0x75,0x74,0x70,0x75,0x74,
    0x2e,0x66,0x72,0x61,0x67,0x5f,0x62,0x69,0x74,0x61,0x6e,0x67,0x65,0x6e,0x74,0x20,
    0x3d,0x20,0x66,0x72,0x61,0x67,0x5f,0x62,0x69,0x74,0x61,0x6e,0x67,0x65,0x6e,0x74,
    0x3b,0x0a,0x20,0x20,0x20,0x20,0x73,0x74,0x61,0x67,0x65,0x5f,0x6f,0x75,0x74,0x70,
    0x75,0x74,0x2e,0x66,0x72,0x61,0x67,0x5f,0x75,0x76,0x20,0x3d,0x20,0x66,0x72,0x61,
    0x67,0x5f,0x75,0x76,0x3b,0x0a,0x20,0x20,0x20,0x20,0x72,0x65,0x74,0x75,0x72,0x6e,
    0x20,0x73,0x74,0x61,0x67,0x65,0x5f,0x6f,0x75,0x74,0x70,0x75,0x74,0x3b,0x0a,0x7d,
    0x0a,0x00,
};
/*
    cbuffer mesh3d_skinned_fs_params : register(b0)
    {
        float4 _17_camera_pos_and_ambient : packoffset(c0);
        float4 _17_base_color : packoffset(c1);
        float4 _17_material_props : packoffset(c2);
        float4 _17_light_pos_type[8] : packoffset(c3);
        float4 _17_light_color_range[8] : packoffset(c11);
        float4 _17_light_count : packoffset(c19);
    };

    Texture2D<float4> diffuse_tex : register(t0);
    SamplerState default_sampler : register(s0);
    Texture2D<float4> normal_tex : register(t1);
    Texture2D<float4> emissive_tex : register(t2);
    Texture2D<float4> roughness_tex : register(t3);

    static float2 frag_uv;
    static float3 frag_tangent;
    static float3 frag_bitangent;
    static float3 frag_normal;
    static float3 frag_pos;
    static float4 col_out;

    struct SPIRV_Cross_Input
    {
        float3 frag_pos : TEXCOORD0;
        float3 frag_normal : TEXCOORD1;
        float2 frag_uv : TEXCOORD2;
        float3 frag_tangent : TEXCOORD3;
        float3 frag_bitangent : TEXCOORD4;
    };

    struct SPIRV_Cross_Output
    {
        float4 col_out : SV_Target0;
    };

    void frag_main()
    {
        float4 _59 = diffuse_tex.Sample(default_sampler, frag_uv);
        float3 _105 = normalize(mul((normal_tex.Sample(default_sampler, frag_uv).xyz * 2.0f) - 1.0f.xxx, float3x3(normalize(frag_tangent), normalize(frag_bitangent), normalize(frag_normal))));
        float _130 = _17_material_props.y * max(1.0f - roughness_tex.Sample(default_sampler, frag_uv).x, 0.00999999977648258209228515625f);
        float3 _136 = normalize(_17_camera_pos_and_ambient.xyz - frag_pos);
        int _142 = int(_17_light_count.x);
        float3 total_diffuse = 0.0f.xxx;
        float3 total_specular = 0.0f.xxx;
        float3 ambient_color = 1.0f.xxx;
        float3 light_dir;
        for (int i = 0; i < 8; i++)
        {
            if (i >= _142)
            {
                break;
            }
            float attenuation = 1.0f;
            if (_17_light_pos_type[i].w < 0.5f)
            {
                light_dir = normalize(_17_light_pos_type[i].xyz);
                if (i == 0)
                {
                    ambient_color = _17_light_color_range[i].xyz;
                }
            }
            else
            {
                float3 _199 = _17_light_pos_type[i].xyz - frag_pos;
                float _202 = length(_199);
                light_dir = -normalize(_199);
                attenuation = 1.0f / (1.0f + ((_202 * _202) / (_17_light_color_range[i].w * _17_light_color_range[i].w)));
            }
            float3 _222 = -light_dir;
            total_diffuse += ((_17_light_color_range[i].xyz * max(dot(_105, _222), 0.0f)) * attenuation);
            total_specular += ((_17_light_color_range[i].xyz * (_17_material_props.x * pow(max(dot(_105, normalize(_222 + _136)), 0.0f), _130))) * attenuation);
        }
        col_out = float4(mad((((ambient_color * _17_camera_pos_and_ambient.w) + total_diffuse) + total_specular) * _59.xyz, _17_base_color.xyz, emissive_tex.Sample(default_sampler, frag_uv).xyz * _17_material_props.z), _59.w * _17_base_color.w);
    }

    SPIRV_Cross_Output main(SPIRV_Cross_Input stage_input)
    {
        frag_uv = stage_input.frag_uv;
        frag_tangent = stage_input.frag_tangent;
        frag_bitangent = stage_input.frag_bitangent;
        frag_normal = stage_input.frag_normal;
        frag_pos = stage_input.frag_pos;
        frag_main();
        SPIRV_Cross_Output stage_output;
        stage_output.col_out = col_out;
        return stage_output;
    }
*/
static const uint8_t mesh3d_skinned_fs_source_hlsl5[3266] = {
    0x63,0x62,0x75,0x66,0x66,0x65,0x72,0x20,0x6d,0x65,0x73,0x68,0x33,0x64,0x5f,0x73,
    0x6b,0x69,0x6e,0x6e,0x65,0x64,0x5f,0x66,0x73,0x5f,0x70,0x61,0x72,0x61,0x6d,0x73,
    0x20,0x3a,0x20,0x72,0x65,0x67,0x69,0x73,0x74,0x65,0x72,0x28,0x62,0x30,0x29,0x0a,
    0x7b,0x0a,0x20,0x20,0x20,0x20,0x66,0x6c,0x6f,0x61,0x74,0x34,0x20,0x5f,0x31,0x37,
    0x5f,0x63,0x61,0x6d,0x65,0x72,0x61,0x5f,0x70,0x6f,0x73,0x5f,0x61,0x6e,0x64,0x5f,
    0x61,0x6d,0x62,0x69,0x65,0x6e,0x74,0x20,0x3a,0x20,0x70,0x61,0x63,0x6b,0x6f,0x66,
    0x66,0x73,0x65,0x74,0x28,0x63,0x30,0x29,0x3b,0x0a,0x20,0x20,0x20,0x20,0x66,0x6c,
    0x6f,0x61,0x74,0x34,0x20,0x5f,0x31,0x37,0x5f,0x62,0x61,0x73,0x65,0x5f,0x63,0x6f,
    0x6c,0x6f,0x72,0x20,0x3a,0x20,0x70,0x61,0x63,0x6b,0x6f,0x66,0x66,0x73,0x65,0x74,
    0x28,0x63,0x31,0x29,0x3b,0x0a,0x20,0x20,0x20,0x20,0x66,0x6c,0x6f,0x61,0x74,0x34,
    0x20,0x5f,0x31,0x37,0x5f,0x6d,0x61,0x74,0x65,0x72,0x69,0x61,0x6c,0x5f,0x70,0x72,
    0x6f,0x70,0x73,0x20,0x3a,0x20,0x70,0x61,0x63,0x6b,0x6f,0x66,0x66,0x73,0x65,0x74,
    0x28,0x63,0x32,0x29,0x3b,0x0a,0x20,0x20,0x20,0x20,0x66,0x6c,0x6f,0x61,0x74,0x34,
    0x20,0x5f,0x31,0x37,0x5f,0x6c,0x69,0x67,0x68,0x74,0x5f,0x70,0x6f,0x73,0x5f,0x74,
    0x79,0x70,0x65,0x5b,0x38,0x5d,0x20,0x3a,0x20,0x70,0x61,0x63,0x6b,0x6f,0x66,0x66,
    0x73,0x65,0x74,0x28,0x63,0x33,0x29,0x3b,0x0a,0x20,0x20,0x20,0x20,0x66,0x6c,0x6f,
    0x61,0x74,0x34,0x20,0x5f,0x31,0x37,0x5f,0x6c,0x69,0x67,0x68,0x74,0x5f,0x63,0x6f,
    0x6c,0x6f,0x72,0x5f,0x72,0x61,0x6e,0x67,0x65,0x5b,0x38,0x5d,0x20,0x3a,0x20,0x70,
    0x61,0x63,0x6b,0x6f,0x66,0x66,0x73,0x65,0x74,0x28,0x63,0x31,0x31,0x29,0x3b,0x0a,
    0x20,0x20,0x20,0x20,0x66,0x6c,0x6f,0x61,0x74,0x34,0x20,0x5f,0x31,0x37,0x5f,0x6c,
    0x69,0x67,0x68,0x74,0x5f,0x63,0x6f,0x75,0x6e,0x74,0x20,0x3a,0x20,0x70,0x61,0x63,
    0x6b,0x6f,0x66,0x66,0x73,0x65,0x74,0x28,0x63,0x31,0x39,0x29,0x3b,0x0a,0x7d,0x3b,
    0x0a,0x0a,0x54,0x65,0x78,0x74,0x75,0x72,0x65,0x32,0x44,0x3c,0x66,0x6c,0x6f,0x61,
    0x74,0x34,0x3e,0x20,0x64,0x69,0x66,0x66,0x75,0x73,0x65,0x5f,0x74,0x65,0x78,0x20,
    0x3a,0x20,0x72,0x65,0x67,0x69,0x73,0x74,0x65,0x72,0x28,0x74,0x30,0x29,0x3b,0x0a,
    0x53,0x61,0x6d,0x70,0x6c,0x65,0x72,0x53,0x74,0x61,0x74,0x65,0x20,0x64,0x65,0x66,
    0x61,0x75,0x6c,0x74,0x5f,0x73,0x61,0x6d,0x70,0x6c,0x65,0x72,0x20,0x3a,0x20,0x72,
    0x65,0x67,0x69,0x73,0x74,0x65,0x72,0x28,0x73,0x30,0x29,0x3b,0x0a,0x54,0x65,0x78,
    0x74,0x75,0x72,0x65,0x32,0x44,0x3c,0x66,0x6c,0x6f,0x61,0x74,0x34,0x3e,0x20,0x6e,
    0x6f,0x72,0x6d,0x61,0x6c,0x5f,0x74,0x65,0x78,0x20,0x3a,0x20,0x72,0x65,0x67,0x69,
    0x73,0x74,0x65,0x72,0x28,0x74,0x31,0x29,0x3b,0x0a,0x54,0x65,0x78,0x74,0x75,0x72,
    0x65,0x32,0x44,0x3c,0x66,0x6c,0x6f,0x61,0x74,0x34,0x3e,0x20,0x65,0x6d,0x69,0x73,
    0x73,0x69,0x76,0x65,0x5f,0x74,0x65,0x78,0x20,0x3a,0x20,0x72,0x65,0x67,0x69,0x73,
    0x74,0x65,0x72,0x28,0x74,0x32,0x29,0x3b,0x0a,0x54,0x65,0x78,0x74,0x75,0x72,0x65,
    0x32,0x44,0x3c,0x66,0x6c,0x6f,0x61,0x74,0x34,0x3e,0x20,0x72,0x6f,0x75,0x67,0x68,
    0x6e,0x65,0x73,0x73,0x5f,0x74,0x65,0x78,0x20,0x3a,0x20,0x72,0x65,0x67,0x69,0x73,
    0x74,0x65,0x72,0x28,0x74,0x33,0x29,0x3b,0x0a,0x0a,0x73,0x74,0x61,0x74,0x69,0x63,
    0x20,0x66,0x6c,0x6f,0x61,0x74,0x32,0x20,0x66,0x72,0x61,0x67,0x5f,0x75,0x76,0x3b,
    0x0a,0x73,0x74,0x61,0x74,0x69,0x63,0x20,0x66,0x6c,0x6f,0x61,0x74,0x33,0x20,0x66,
    0x72,0x61,0x67,0x5f,0x74,0x61,0x6e,0x67,0x65,0x6e,0x74,0x3b,0x0a,0x73,0x74,0x61,
    0x74,0x69,0x63,0x20,0x66,0x6c,0x6f,0x61,0x74,0x33,0x20,0x66,0x72,0x61,0x67,0x5f,
    0x62,0x69,0x74,0x61,0x6e,0x67,0x65,0x6e,0x74,0x3b,0x0a,0x73,0x74,0x61,0x74,0x69,
    0x63,0x20,0x66,0x6c,0x6f,0x61,0x74,0x33,0x20,0x66,0x72,0x61,0x67,0x5f,0x6e,0x6f,
    0x72,0x6d,0x61,0x6c,0x3b,0x0a,0x73,0x74,0x61,0x74,0x69,0x63,0x20,0x66,0x6c,0x6f,
    0x61,0x74,0x33,0x20,0x66,0x72,0x61,0x67,0x5f,0x70,0x6f,0x73,0x3b,0x0a,0x73,0x74,
    0x61,0x74,0x69,0x63,0x20,0x66,0x6c,0x6f,0x61,0x74,0x34,0x20,0x63,0x6f,0x6c,0x5f,
    0x6f,0x75,0x74,0x3b,0x0a,0x0a,0x73,0x74,0x72,0x75,0x63,0x74,0x20,0x53,0x50,0x49,
    0x52,0x56,0x5f,0x43,0x72,0x6f,0x73,0x73,0x5f,0x49,0x6e,0x70,0x75,0x74,0x0a,0x7b,
    0x0a,0x20,0x20,0x20,0x20,0x66,0x6c,0x6f,0x61,0x74,0x33,0x20,0x66,0x72,0x61,0x67,
    0x5f,0x70,0x6f,0x73,0x20,0x3a,0x20,0x54,0x45,0x58,0x43,0x4f,0x4f,0x52,0x44,0x30,
    0x3b,0x0a,0x20,0x20,0x20,0x20,0x66,0x6c,0x6f,0x61,0x74,0x33,0x20,0x66,0x72,0x61,
    0x67,0x5f,0x6e,0x6f,0x72,0x6d,0x61,0x6c,0x20,0x3a,0x20,0x54,0x45,0x58,0x43,0x4f,
    0x4f,0x52,0x44,0x31,0x3b,0x0a,0x20,0x20,0x20,0x20,0x66,0x6c,0x6f,0x61,0x74,0x32,
    0x20,0x66,0x72,0x61,0x67,0x5f,0x75,0x76,0x20,0x3a,0x20,0x54,0x45,0x58,0x43,0x4f,
    0x4f,0x52,0x44,0x32,0x3b,0x0a,0x20,0x20,0x20,0x20,0x66,0x6c,0x6f,0x61,0x74,0x33,
    0x20,0x66,0x72,0x61,0x67,0x5f,0x74,0x61,0x6e,0x67,0x65,0x6e,0x74,0x20,0x3a,0x20,
    0x54,0x45,0x58,0x43,0x4f,0x4f,0x52,0x44,0x33,0x3b,0x0a,0x20,0x20,0x20,0x20,0x66,
    0x6c,0x6f,0x61,0x74,0x33,0x20,0x66,0x72,0x61,0x67,0x5f,0x62,0x69,0x74,0x61,0x6e,
    0x67,0x65,0x6e,0x74,0x20,0x3a,0x20,0x54,0x45,0x58,0x43,0x4f,0x4f,0x52,0x44,0x34,
    0x3b,0x0a,0x7d,0x3b,0x0a,0x0a,0x73,0x74,0x72,0x75,0x63,0x74,0x20,0x53,0x50,0x49,
    0x52,0x56,0x5f,0x43,0x72,0x6f,0x73,0x73,0x5f,0x4f,0x75,0x74,0x70,0x75,0x74,0x0a,
    0x7b,0x0a,0x20,0x20,0x20,0x20,0x66,0x6c,0x6f,0x61,0x74,0x34,0x20,0x63,0x6f,0x6c,
    0x5f,0x6f,0x75,0x74,0x20,0x3a,0x20,0x53,0x56,0x5f,0x54,0x61,0x72,0x67,0x65,0x74,
    0x30,0x3b,0x0a,0x7d,0x3b,0x0a,0x0a,0x76,0x6f,0x69,0x64,0x20,0x66,0x72,0x61,0x67,
    0x5f,0x6d,0x61,0x69,0x6e,0x28,0x29,0x0a,0x7b,0x0a,0x20,0x20,0x20,0x20,0x66,0x6c,
    0x6f,0x61,0x74,0x34,0x20,0x5f,0x35,0x39,0x20,0x3d,0x20,0x64,0x69,0x66,0x66,0x75,
    0x73,0x65,0x5f,0x74,0x65,0x78,0x2e,0x53,0x61,0x6d,0x70,0x6c,0x65,0x28,0x64,0x65,
    0x66,0x61,0x75,0x6c,0x74,0x5f,0x73,0x61,0x6d,0x70,0x6c,0x65,0x72,0x2c,0x20,0x66,
    0x72,0x61,0x67,0x5f,0x75,0x76,0x29,0x3b,0x0a,0x20,0x20,0x20,0x20,0x66,0x6c,0x6f,
    0x61,0x74,0x33,0x20,0x5f,0x31,0x30,0x35,0x20,0x3d,0x20,0x6e,0x6f,0x72,0x6d,0x61,
    0x6c,0x69,0x7a,0x65,0x28,0x6d,0x75,0x6c,0x28,0x28,0x6e,0x6f,0x72,0x6d,0x61,0x6c,
    0x5f,0x74,0x65,0x78,0x2e,0x53,0x61,0x6d,0x70,0x6c,0x65,0x28,0x64,0x65,0x66,0x61,
    0x75,0x6c,0x74,0x5f,0x73,0x61,0x6d,0x70,0x6c,0x65,0x72,0x2c,0x20,0x66,0x72,0x61,
    0x67,0x5f,0x75,0x76,0x29,0x2e,0x78,0x79,0x7a,0x20,0x2a,0x20,0x32,0x2e,0x30,0x66,
    0x29,0x20,0x2d,0x20,0x31,0x2e,0x30,0x66,0x2e,0x78,0x78,0x78,0x2c,0x20,0x66,0x6c,
    0x6f,0x61,0x74,0x33,0x78,0x33,0x28,0x6e,0x6f,0x72,0x6d,0x61,0x6c,0x69,0x7a,0x65,
    0x28,0x66,0x72,0x61,0x67,0x5f,0x74,0x61,0x6e,0x67,0x65,0x6e,0x74,0x29,0x2c,0x20,
    0x6e,0x6f,0x72,0x6d,0x61,0x6c,0x69,0x7a,0x65,0x28,0x66,0x72,0x61,0x67,0x5f,0x62,
    0x69,0x74,0x61,0x6e,0x67,0x65,0x6e,0x74,0x29,0x2c,0x20,0x6e,0x6f,0x72,0x6d,0x61,
    0x6c,0x69,0x7a,0x65,0x28,0x66,0x72,0x61,0x67,0x5f,0x6e,0x6f,0x72,0x6d,0x61,0x6c,
    0x29,0x29,0x29,0x29,0x3b,0x0a,0x20,0x20,0x20,0x20,0x66,0x6c,0x6f,0x61,0x74,0x20,
    0x5f,0x31,0x33,0x30,0x20,0x3d,0x20,0x5f,0x31,0x37,0x5f,0x6d,0x61,0x74,0x65,0x72,
    0x69,0x61,0x6c,0x5f,0x70,0x72,0x6f,0x70,0x73,0x2e,0x79,0x20,0x2a,0x20,0x6d,0x61,
    0x78,0x28,0x31,0x2e,0x30,0x66,0x20,0x2d,0x20,0x72,0x6f,0x75,0x67,0x68,0x6e,0x65,
    0x73,0x73,0x5f,0x74,0x65,0x78,0x2e,0x53,0x61,0x6d,0x70,0x6c,0x65,0x28,0x64,0x65,
    0x66,0x61,0x75,0x6c,0x74,0x5f,0x73,0x61,0x6d,0x70,0x6c,0x65,0x72,0x2c,0x20,0x66,
    0x72,0x61,0x67,0x5f,0x75,0x76,0x29,0x2e,0x78,0x2c,0x20,0x30,0x2e,0x30,0x30,0x39,
    0x39,0x39,0x39,0x39,0x39,0x39,0x37,0x37,0x36,0x34,0x38,0x32,0x35,0x38,0x32,0x30,
    0x39,0x32,0x32,0x38,0x35,0x31,0x35,0x36,0x32,0x35,0x66,0x29,0x3b,0x0a,0x20,0x20,
    0x20,0x20,0x66,0x6c,0x6f,0x61,0x74,0x33,0x20,0x5f,0x31,0x33,0x36,0x20,0x3d,0x20,
    0x6e,0x6f,0x72,0x6d,0x61,0x6c,0x69,0x7a,0x65,0x28,0x5f,0x31,0x37,0x5f,0x63,0x61,
    0x6d,0x65,0x72,0x61,0x5f,0x70,0x6f,0x73,0x5f,0x61,0x6e,0x64,0x5f,0x61,0x6d,0x62,
    0x69,0x65,0x6e,0x74,0x2e,0x78,0x79,0x7a,0x20,0x2d,0x20,0x66,0x72,0x61,0x67,0x5f,
    0x70,0x6f,0x73,0x29,0x3b,0x0a,0x20,0x20,0x20,0x20,0x69,0x6e,0x74,0x20,0x5f,0x31,
    0x34,0x32,0x20,0x3d,0x20,0x69,0x6e,0x74,0x28,0x5f,0x31,0x37,0x5f,0x6c,0x69,0x67,
    0x68,0x74,0x5f,0x63,0x6f,0x75,0x6e,0x74,0x2e,0x78,0x29,0x3b,0x0a,0x20,0x20,0x20,
    0x20,0x66,0x6c,0x6f,0x61,0x74,0x33,0x20,0x74,0x6f,0x74,0x61,0x6c,0x5f,0x64,0x69,
    0x66,0x66,0x75,0x73,0x65,0x20,0x3d,0x20,0x30,0x2e,0x30,0x66,0x2e,0x78,0x78,0x78,
    0x3b,0x0a,0x20,0x20,0x20,0x20,0x66,0x6c,0x6f,0x61,0x74,0x33,0x20,0x74,0x6f,0x74,
    0x61,0x6c,0x5f,0x73,0x70,0x65,0x63,0x75,0x6c,0x61,0x72,0x20,0x3d,0x20,0x30,0x2e,
    0x30,0x66,0x2e,0x78,0x78,0x78,0x3b,0x0a,0x20,0x20,0x20,0x20,0x66,0x6c,0x6f,0x61,
    0x74,0x33,0x20,0x61,0x6d,0x62,0x69,0x65,0x6e,0x74,0x5f,0x63,0x6f,0x6c,0x6f,0x72,
    0x20,0x3d,0x20,0x31,0x2e,0x30,0x66,0x2e,0x78,0x78,0x78,0x3b,0x0a,0x20,0x20,0x20,
    0x20,0x66,0x6c,0x6f,0x61,0x74,0x33,0x20,0x6c,0x69,0x67,0x68,0x74,0x5f,0x64,0x69,
    0x72,0x3b,0x0a,0x20,0x20,0x20,0x20,0x66,0x6f,0x72,0x20,0x28,0x69,0x6e,0x74,0x20,
    0x69,0x20,0x3d,0x20,0x30,0x3b,0x20,0x69,0x20,0x3c,0x20,0x38,0x3b,0x20,0x69,0x2b,
    0x2b,0x29,0x0a,0x20,0x20,0x20,0x20,0x7b,0x0a,0x20,0x20,0x20,0x20,0x20,0x20,0x20,
    0x20,0x69,0x66,0x20,0x28,0x69,0x20,0x3e,0x3d,0x20,0x5f,0x31,0x34,0x32,0x29,0x0a,
    0x20,0x20,0x20,0x20,0x20,0x20,0x20,0x20,0x7b,0x0a,0x20,0x20,0x20,0x20,0x20,0x20,
    0x20,0x20,0x20,0x20,0x20,0x20,0x62,0x72,0x65,0x61,0x6b,0x3b,0x0a,0x20,0x20,0x20,
    0x20,0x20,0x20,0x20,0x20,0x7d,0x0a,0x20,0x20,0x20,0x20,0x20,0x20,0x20,0x20,0x66,
    0x6c,0x6f,0x61,0x74,0x20,0x61,0x74,0x74,0x65,0x6e,0x75,0x61,0x74,0x69,0x6f,0x6e,
    0x20,0x3d,0x20,0x31,0x2e,0x30,0x66,0x3b,0x0a,0x20,0x20,0x20,0x20,0x20,0x20,0x20,
    0x20,0x69,0x66,0x20,0x28,0x5f,0x31,0x37,0x5f,0x6c,0x69,0x67,0x68,0x74,0x5f,0x70,
    0x6f,0x73,0x5f,0x74,0x79,0x70,0x65,0x5b,0x69,0x5d,0x2e,0x77,0x20,0x3c,0x20,0x30,
    0x2e,0x35,0x66,0x29,0x0a,0x20,0x20,0x20,0x20,0x20,0x20,0x20,0x20,0x7b,0x0a,0x20,
    0x20,0x20,0x20,0x20,0x20,0x20,0x20,0x20,0x20,0x20,0x20,0x6c,0x69,0x67,0x68,0x74,
    0x5f,0x64,0x69,0x72,0x20,0x3d,0x20,0x6e,0x6f,0x72,0x6d,0x61,0x6c,0x69,0x7a,0x65,
    0x28,0x5f,0x31,0x37,0x5f,0x6c,0x69,0x67,0x68,0x74,0x5f,0x70,0x6f,0x73,0x5f,0x74,
    0x79,0x70,0x65,0x5b,0x69,0x5d,0x2e,0x78,0x79,0x7a,0x29,0x3b,0x0a,0x20,0x20,0x20,
    0x20,0x20,0x20,0x20,0x20,0x20,0x20,0x20,0x20,0x69,0x66,0x20,0x28,0x69,0x20,0x3d,
    0x3d,0x20,0x30,0x29,0x0a,0x20,0x20,0x20,0x20,0x20,0x20,0x20,0x20,0x20,0x20,0x20,
    0x20,0x7b,0x0a,0x20,0x20,0x20,0x20,0x20,0x20,0x20,0x20,0x20,0x20,0x20,0x20,0x20,
    0x20,0x20,0x20,0x61,0x6d,0x62,0x69,0x65,0x6e,0x74,0x5f,0x63,0x6f,0x6c,0x6f,0x72,
    0x20,0x3d,0x20,0x5f,0x31,0x37,0x5f,0x6c,0x69,0x67,0x68,0x74,0x5f,0x63,0x6f,0x6c,
    0x6f,0x72,0x5f,0x72,0x61,0x6e,0x67,0x65,0x5b,0x69,0x5d,0x2e,0x78,0x79,0x7a,0x3b,
    0x0a,0x20,0x20,0x20,0x20,0x20,0x20,0x20,0x20,0x20,0x20,0x20,0x20,0x7d,0x0a,0x20,
    0x20,0x20,0x20,0x20,0x20,0x20,0x20,0x7d,0x0a,0x20,0x20,0x20,0x20,0x20,0x20,0x20,
    0x20,0x65,0x6c,0x73,0x65,0x0a,0x20,0x20,0x20,0x20,0x20,0x20,0x20,0x20,0x7b,0x0a,
    0x20,0x20,0x20,0x20,0x20,0x20,0x20,0x20,0x20,0x20,0x20,0x20,0x66,0x6c,0x6f,0x61,
    0x74,0x33,0x20,0x5f,0x31,0x39,0x39,0x20,0x3d,0x20,0x5f,0x31,0x37,0x5f,0x6c,0x69,
    0x67,0x68,0x74,0x5f,0x70,0x6f,0x73,0x5f,0x74,0x79,0x70,0x65,0x5b,0x69,0x5d,0x2e,
    0x78,0x79,0x7a,0x20,0x2d,0x20,0x66,0x72,0x61,0x67,0x5f,0x70,0x6f,0x73,0x3b,0x0a,
    0x20,0x20,0x20,0x20,0x20,0x20,0x20,0x20,0x20,0x20,0x20,0x20,0x66,0x6c,0x6f,0x61,
    0x74,0x20,0x5f,0x32,0x30,0x32,0x20,0x3d,0x20,0x6c,0x65,0x6e,0x67,0x74,0x68,0x28,
    0x5f,0x31,0x39,0x39,0x29,0x3b,0x0a,0x20,0x20,0x20,0x20,0x20,0x20,0x20,0x20,0x20,
    0x20,0x20,0x20,0x6c,0x69,0x67,0x68,0x74,0x5f,0x64,0x69,0x72,0x20,0x3d,0x20,0x2d,
    0x6e,0x6f,0x72,0x6d,0x61,0x6c,0x69,0x7a,0x65,0x28,0x5f,0x31,0x39,0x39,0x29,0x3b,
    0x0a,0x20,0x20,0x20,0x20,0x20,0x20,0x20,0x20,0x20,0x20,0x20,0x20,0x61,0x74,0x74,
    0x65,0x6e,0x75,0x61,0x74,0x69,0x6f,0x6e,0x20,0x3d,0x20,0x31,0x2e,0x30,0x66,0x20,
    0x2f,0x20,0x28,0x31,0x2e,0x30,0x66,0x20,0x2b,0x20,0x28,0x28,0x5f,0x32,0x30,0x32,
    0x20,0x2a,0x20,0x5f,0x32,0x30,0x32,0x29,0x20,0x2f,0x20,0x28,0x5f,0x31,0x37,0x5f,
    0x6c,0x69,0x67,0x68,0x74,0x5f,0x63,0x6f,0x6c,0x6f,0x72,0x5f,0x72,0x61,0x6e,0x67,
    0x65,0x5b,0x69,0x5d,0x2e,0x77,0x20,0x2a,0x20,0x5f,0x31,0x37,0x5f,0x6c,0x69,0x67,
    0x68,0x74,0x5f,0x63,0x6f,0x6c,0x6f,0x72,0x5f,0x72,0x61,0x6e,0x67,0x65,0x5b,0x69,
    0x5d,0x2e,0x77,0x29,0x29,0x29,0x3b,0x0a,0x20,0x20,0x20,0x20,0x20,0x20,0x20,0x20,
    0x7d,0x0a,0x20,0x20,0x20,0x20,0x20,0x20,0x20,0x20,0x66,0x6c,0x6f,0x61,0x74,0x33,
    0x20,0x5f,0x32,0x32,0x32,0x20,0x3d,0x20,0x2d,0x6c,0x69,0x67,0x68,0x74,0x5f,0x64,
    0x69,0x72,0x3b,0x0a,0x20,0x20,0x20,0x20,0x20,0x20,0x20,0x20,0x74,0x6f,0x74,0x61,
    0x6c,0x5f,0x64,0x69,0x66,0x66,0x75,0x73,0x65,0x20,0x2b,0x3d,0x20,0x28,0x28,0x5f,
    0x31,0x37,0x5f,0x6c,0x69,0x67,0x68,0x74,0x5f,0x63,0x6f,0x6c,0x6f,0x72,0x5f,0x72,
    0x61,0x6e,0x67,0x65,0x5b,0x69,0x5d,0x2e,0x78,0x79,0x7a,0x20,0x2a,0x20,0x6d,0x61,
    0x78,0x28,0x64,0x6f,0x74,0x28,0x5f,0x31,0x30,0x35,0x2c,0x20,0x5f,0x32,0x32,0x32,
    0x29,0x2c,0x20,0x30,0x2e,0x30,0x66,0x29,0x29,0x20,0x2a,0x20,0x61,0x74,0x74,0x65,
    0x6e,0x75,0x61,0x74,0x69,0x6f,0x6e,0x29,0x3b,0x0a,0x20,0x20,0x20,0x20,0x20,0x20,
    0x20,0x20,0x74,0x6f,0x74,0x61,0x6c,0x5f,0x73,0x70,0x65,0x63,0x75,0x6c,0x61,0x72,
    0x20,0x2b,0x3d,0x20,0x28,0x28,0x5f,0x31,0x37,0x5f,0x6c,0x69,0x67,0x68,0x74,0x5f,
    0x63,0x6f,0x6c,0x6f,0x72,0x5f,0x72,0x61,0x6e,0x67,0x65,0x5b,0x69,0x5d,0x2e,0x78,
    0x79,0x7a,0x20,0x2a,0x20,0x28,0x5f,0x31,0x37,0x5f,0x6d,0x61,0x74,0x65,0x72,0x69,
    0x61,0x6c,0x5f,0x70,0x72,0x6f,0x70,0x73,0x2e,0x78,0x20,0x2a,0x20,0x70,0x6f,0x77,
    0x28,0x6d,0x61,0x78,0x28,0x64,0x6f,0x74,0x28,0x5f,0x31,0x30,0x35,0x2c,0x20,0x6e,
    0x6f,0x72,0x6d,0x61,0x6c,0x69,0x7a,0x65,0x28,0x5f,0x32,0x32,0x32,0x20,0x2b,0x20,
    0x5f,0x31,0x33,0x36,0x29,0x29,0x2c,0x20,0x30,0x2e,0x30,0x66,0x29,0x2c,0x20,0x5f,
    0x31,0x33,0x30,0x29,0x29,0x29,0x20,0x2a,0x20,0x61,0x74,0x74,0x65,0x6e,0x75,0x61,
    0x74,0x69,0x6f,0x6e,0x29,0x3b,0x0a,0x20,0x20,0x20,0x20,0x7d,0x0a,0x20,0x20,0x20,
    0x20,0x63,0x6f,0x6c,0x5f,0x6f,0x75,0x74,0x20,0x3d,0x20,0x66,0x6c,0x6f,0x61,0x74,
    0x34,0x28,0x6d,0x61,0x64,0x28,0x28,0x28,0x28,0x61,0x6d,0x62,0x69,0x65,0x6e,0x74,
    0x5f,0x63,0x6f,0x6c,0x6f,0x72,0x20,0x2a,0x20,0x5f,0x31,0x37,0x5f,0x63,0x61,0x6d,
    0x65,0x72,0x61,0x5f,0x70,0x6f,0x73,0x5f,0x61,0x6e,0x64,0x5f,0x61,0x6d,0x62,0x69,
    0x65,0x6e,0x74,0x2e,0x77,0x29,0x20,0x2b,0x20,0x74,0x6f,0x74,0x61,0x6c,0x5f,0x64,
    0x69,0x66,0x66,0x75,0x73,0x65,0x29,0x20,0x2b,0x20,0x74,0x6f,0x74,0x61,0x6c,0x5f,
    0x73,0x70,0x65,0x63,0x75,0x6c,0x61,0x72,0x29,0x20,0x2a,0x20,0x5f,0x35,0x39,0x2e,
    0x78,0x79,0x7a,0x2c,0x20,0x5f,0x31,0x37,0x5f,0x62,0x61,0x73,0x65,0x5f,0x63,0x6f,
    0x6c,0x6f,0x72,0x2e,0x78,0x79,0x7a,0x2c,0x20,0x65,0x6d,0x69,0x73,0x73,0x69,0x76,
    0x65,0x5f,0x74,0x65,0x78,0x2e,0x53,0x61,0x6d,0x70,0x6c,0x65,0x28,0x64,0x65,0x66,
    0x61,0x75,0x6c,0x74,0x5f,0x73,0x61,0x6d,0x70,0x6c,0x65,0x72,0x2c,0x20,0x66,0x72,
    0x61,0x67,0x5f,0x75,0x76,0x29,0x2e,0x78,0x79,0x7a,0x20,0x2a,0x20,0x5f,0x31,0x37,
    0x5f,0x6d,0x61,0x74,0x65,0x72,0x69,0x61,0x6c,0x5f,0x70,0x72,0x6f,0x70,0x73,0x2e,
    0x7a,0x29,0x2c,0x20,0x5f,0x35,0x39,0x2e,0x77,0x20,0x2a,0x20,0x5f,0x31,0x37,0x5f,
    0x62,0x61,0x73,0x65,0x5f,0x63,0x6f,0x6c,0x6f,0x72,0x2e,0x77,0x29,0x3b,0x0a,0x7d,
    0x0a,0x0a,0x53,0x50,0x49,0x52,0x56,0x5f,0x43,0x72,0x6f,0x73,0x73,0x5f,0x4f,0x75,
    0x74,0x70,0x75,0x74,0x20,0x6d,0x61,0x69,0x6e,0x28,0x53,0x50,0x49,0x52,0x56,0x5f,
    0x43,0x72,0x6f,0x73,0x73,0x5f,0x49,0x6e,0x70,0x75,0x74,0x20,0x73,0x74,0x61,0x67,
    0x65,0x5f,0x69,0x6e,0x70,0x75,0x74,0x29,0x0a,0x7b,0x0a,0x20,0x20,0x20,0x20,0x66,
    0x72,0x61,0x67,0x5f,0x75,0x76,0x20,0x3d,0x20,0x73,0x74,0x61,0x67,0x65,0x5f,0x69,
    0x6e,0x70,0x75,0x74,0x2e,0x66,0x72,0x61,0x67,0x5f,0x75,0x76,0x3b,0x0a,0x20,0x20,
    0x20,0x20,0x66,0x72,0x61,0x67,0x5f,0x74,0x61,0x6e,0x67,0x65,0x6e,0x74,0x20,0x3d,
    0x20,0x73,0x74,0x61,0x67,0x65,0x5f,0x69,0x6e,0x70,0x75,0x74,0x2e,0x66,0x72,0x61,
    0x67,0x5f,0x74,0x61,0x6e,0x67,0x65,0x6e,0x74,0x3b,0x0a,0x20,0x20,0x20,0x20,0x66,
    0x72,0x61,0x67,0x5f,0x62,0x69,0x74,0x61,0x6e,0x67,0x65,0x6e,0x74,0x20,0x3d,0x20,
    0x73,0x74,0x61,0x67,0x65,0x5f,0x69,0x6e,0x70,0x75,0x74,0x2e,0x66,0x72,0x61,0x67,
    0x5f,0x62,0x69,0x74,0x61,0x6e,0x67,0x65,0x6e,0x74,0x3b,0x0a,0x20,0x20,0x20,0x20,
    0x66,0x72,0x61,0x67,0x5f,0x6e,0x6f,0x72,0x6d,0x61,0x6c,0x20,0x3d,0x20,0x73,0x74,
    0x61,0x67,0x65,0x5f,0x69,0x6e,0x70,0x75,0x74,0x2e,0x66,0x72,0x61,0x67,0x5f,0x6e,
    0x6f,0x72,0x6d,0x61,0x6c,0x3b,0x0a,0x20,0x20,0x20,0x20,0x66,0x72,0x61,0x67,0x5f,
    0x70,0x6f,0x73,0x20,0x3d,0x20,0x73,0x74,0x61,0x67,0x65,0x5f,0x69,0x6e,0x70,0x75,
    0x74,0x2e,0x66,0x72,0x61,0x67,0x5f,0x70,0x6f,0x73,0x3b,0x0a,0x20,0x20,0x20,0x20,
    0x66,0x72,0x61,0x67,0x5f,0x6d,0x61,0x69,0x6e,0x28,0x29,0x3b,0x0a,0x20,0x20,0x20,
    0x20,0x53,0x50,0x49,0x52,0x56,0x5f,0x43,0x72,0x6f,0x73,0x73,0x5f,0x4f,0x75,0x74,
    0x70,0x75,0x74,0x20,0x73,0x74,0x61,0x67,0x65,0x5f,0x6f,0x75,0x74,0x70,0x75,0x74,
    0x3b,0x0a,0x20,0x20,0x20,0x20,0x73,0x74,0x61,0x67,0x65,0x5f,0x6f,0x75,0x74,0x70,
    0x75,0x74,0x2e,0x63,0x6f,0x6c,0x5f,0x6f,0x75,0x74,0x20,0x3d,0x20,0x63,0x6f,0x6c,
    0x5f,0x6f,0x75,0x74,0x3b,0x0a,0x20,0x20,0x20,0x20,0x72,0x65,0x74,0x75,0x72,0x6e,
    0x20,0x73,0x74,0x61,0x67,0x65,0x5f,0x6f,0x75,0x74,0x70,0x75,0x74,0x3b,0x0a,0x7d,
    0x0a,0x00,
};
/*
    #include <metal_stdlib>
    #include <simd/simd.h>

    using namespace metal;

    struct mesh3d_skinned_vs_params
    {
        float4x4 mvp;
        float4x4 model;
        float4 normal_mat_c0;
        float4 normal_mat_c1;
        float4 normal_mat_c2;
        float4x4 bone_matrices[64];
    };

    struct main0_out
    {
        float3 frag_pos [[user(locn0)]];
        float3 frag_normal [[user(locn1)]];
        float2 frag_uv [[user(locn2)]];
        float3 frag_tangent [[user(locn3)]];
        float3 frag_bitangent [[user(locn4)]];
        float4 gl_Position [[position]];
    };

    struct main0_in
    {
        float3 position0 [[attribute(0)]];
        float3 normal0 [[attribute(1)]];
        float2 texcoord0 [[attribute(2)]];
        float4 tangent0 [[attribute(3)]];
        float4 bone_indices0 [[attribute(4)]];
        float4 bone_weights0 [[attribute(5)]];
    };

    vertex main0_out main0(main0_in in [[stage_in]], constant mesh3d_skinned_vs_params& _56 [[buffer(0)]])
    {
        main0_out out = {};
        float4 skinned_pos = float4(0.0);
        float3 skinned_normal = float3(0.0);
        float3 skinned_tangent = float3(0.0);
        for (int i = 0; i < 4; i++)
        {
            int _37 = int(in.bone_indices0[i]);
            if (in.bone_weights0[i] > 0.0)
            {
                skinned_pos += ((_56.bone_matrices[_37] * float4(in.position0, 1.0)) * in.bone_weights0[i]);
                float3x3 _84 = float3x3(_56.bone_matrices[_37][0].xyz, _56.bone_matrices[_37][1].xyz, _56.bone_matrices[_37][2].xyz);
                skinned_normal += ((_84 * in.normal0) * in.bone_weights0[i]);
                skinned_tangent += ((_84 * in.tangent0.xyz) * in.bone_weights0[i]);
            }
        }
        out.frag_pos = (_56.model * skinned_pos).xyz;
        float3x3 _146 = float3x3(float3(_56.normal_mat_c0.xyz), float3(_56.normal_mat_c1.xyz), float3(_56.normal_mat_c2.xyz));
        out.frag_normal = fast::normalize(_146 * skinned_normal);
        out.frag_tangent = fast::normalize(_146 * skinned_tangent);
        out.frag_bitangent = cross(out.frag_normal, out.frag_tangent) * in.tangent0.w;
        out.frag_uv = in.texcoord0;
        out.gl_Position = _56.mvp * skinned_pos;
        return out;
    }

*/
static const uint8_t mesh3d_skinned_vs_source_metal_macos[2041] = {
    0x23,0x69,0x6e,0x63,0x6c,0x75,0x64,0x65,0x20,0x3c,0x6d,0x65,0x74,0x61,0x6c,0x5f,
    0x73,0x74,0x64,0x6c,0x69,0x62,0x3e,0x0a,0x23,0x69,0x6e,0x63,0x6c,0x75,0x64,0x65,
    0x20,0x3c,0x73,0x69,0x6d,0x64,0x2f,0x73,0x69,0x6d,0x64,0x2e,0x68,0x3e,0x0a,0x0a,
    0x75,0x73,0x69,0x6e,0x67,0x20,0x6e,0x61,0x6d,0x65,0x73,0x70,0x61,0x63,0x65,0x20,
    0x6d,0x65,0x74,0x61,0x6c,0x3b,0x0a,0x0a,0x73,0x74,0x72,0x75,0x63,0x74,0x20,0x6d,
    0x65,0x73,0x68,0x33,0x64,0x5f,0x73,0x6b,0x69,0x6e,0x6e,0x65,0x64,0x5f,0x76,0x73,
    0x5f,0x70,0x61,0x72,0x61,0x6d,0x73,0x0a,0x7b,0x0a,0x20,0x20,0x20,0x20,0x66,0x6c,
    0x6f,0x61,0x74,0x34,0x78,0x34,0x20,0x6d,0x76,0x70,0x3b,0x0a,0x20,0x20,0x20,0x20,
    0x66,0x6c,0x6f,0x61,0x74,0x34,0x78,0x34,0x20,0x6d,0x6f,0x64,0x65,0x6c,0x3b,0x0a,
    0x20,0x20,0x20,0x20,0x66,0x6c,0x6f,0x61,0x74,0x34,0x20,0x6e,0x6f,0x72,0x6d,0x61,
    0x6c,0x5f,0x6d,0x61,0x74,0x5f,0x63,0x30,0x3b,0x0a,0x20,0x20,0x20,0x20,0x66,0x6c,
    0x6f,0x61,0x74,0x34,0x20,0x6e,0x6f,0x72,0x6d,0x61,0x6c,0x5f,0x6d,0x61,0x74,0x5f,
    0x63,0x31,0x3b,0x0a,0x20,0x20,0x20,0x20,0x66,0x6c,0x6f,0x61,0x74,0x34,0x20,0x6e,
    0x6f,0x72,0x6d,0x61,0x6c,0x5f,0x6d,0x61,0x74,0x5f,0x63,0x32,0x3b,0x0a,0x20,0x20,
    0x20,0x20,0x66,0x6c,0x6f,0x61,0x74,0x34,0x78,0x34,0x20,0x62,0x6f,0x6e,0x65,0x5f,
    0x6d,0x61,0x74,0x72,0x69,0x63,0x65,0x73,0x5b,0x36,0x34,0x5d,0x3b,0x0a,0x7d,0x3b,
    0x0a,0x0a,0x73,0x74,0x72,0x75,0x63,0x74,0x20,0x6d,0x61,0x69,0x6e,0x30,0x5f,0x6f,
    0x75,0x74,0x0a,0x7b,0x0a,0x20,0x20,0x20,0x20,0x66,0x6c,0x6f,0x61,0x74,0x33,0x20,
    0x66,0x72,0x61,0x67,0x5f,0x70,0x6f,0x73,0x20,0x5b,0x5b,0x75,0x73,0x65,0x72,0x28,
    0x6c,0x6f,0x63,0x6e,0x30,0x29,0x5d,0x5d,0x3b,0x0a,0x20,0x20,0x20,0x20,0x66,0x6c,
    0x6f,0x61,0x74,0x33,0x20,0x66,0x72,0x61,0x67,0x5f,0x6e,0x6f,0x72,0x6d,0x61,0x6c,
    0x20,0x5b,0x5b,0x75,0x73,0x65,0x72,0x28,0x6c,0x6f,0x63,0x6e,0x31,0x29,0x5d,0x5d,
    0x3b,0x0a,0x20,0x20,0x20,0x20,0x66,0x6c,0x6f,0x61,0x74,0x32,0x20,0x66,0x72,0x61,
    0x67,0x5f,0x75,0x76,0x20,0x5b,0x5b,0x75,0x73,0x65,0x72,0x28,0x6c,0x6f,0x63,0x6e,
    0x32,0x29,0x5d,0x5d,0x3b,0x0a,0x20,0x20,0x20,0x20,0x66,0x6c,0x6f,0x61,0x74,0x33,
    0x20,0x66,0x72,0x61,0x67,0x5f,0x74,0x61,0x6e,0x67,0x65,0x6e,0x74,0x20,0x5b,0x5b,
    0x75,0x73,0x65,0x72,0x28,0x6c,0x6f,0x63,0x6e,0x33,0x29,0x5d,0x5d,0x3b,0x0a,0x20,
    0x20,0x20,0x20,0x66,0x6c,0x6f,0x61,0x74,0x33,0x20,0x66,0x72,0x61,0x67,0x5f,0x62,
    0x69,0x74,0x61,0x6e,0x67,0x65,0x6e,0x74,0x20,0x5b,0x5b,0x75,0x73,0x65,0x72,0x28,
    0x6c,0x6f,0x63,0x6e,0x34,0x29,0x5d,0x5d,0x3b,0x0a,0x20,0x20,0x20,0x20,0x66,0x6c,
    0x6f,0x61,0x74,0x34,0x20,0x67,0x6c,0x5f,0x50,0x6f,0x73,0x69,0x74,0x69,0x6f,0x6e,
    0x20,0x5b,0x5b,0x70,0x6f,0x73,0x69,0x74,0x69,0x6f,0x6e,0x5d,0x5d,0x3b,0x0a,0x7d,
    0x3b,0x0a,0x0a,0x73,0x74,0x72,0x75,0x63,0x74,0x20,0x6d,0x61,0x69,0x6e,0x30,0x5f,
    0x69,0x6e,0x0a,0x7b,0x0a,0x20,0x20,0x20,0x20,0x66,0x6c,0x6f,0x61,0x74,0x33,0x20,
    0x70,0x6f,0x73,0x69,0x74,0x69,0x6f,0x6e,0x30,0x20,0x5b,0x5b,0x61,0x74,0x74,0x72,
    0x69,0x62,0x75,0x74,0x65,0x28,0x30,0x29,0x5d,0x5d,0x3b,0x0a,0x20,0x20,0x20,0x20,
    0x66,0x6c,0x6f,0x61,0x74,0x33,0x20,0x6e,0x6f,0x72,0x6d,0x61,0x6c,0x30,0x20,0x5b,
    0x5b,0x61,0x74,0x74,0x72,0x69,0x62,0x75,0x74,0x65,0x28,0x31,0x29,0x5d,0x5d,0x3b,
    0x0a,0x20,0x20,0x20,0x20,0x66,0x6c,0x6f,0x61,0x74,0x32,0x20,0x74,0x65,0x78,0x63,
    0x6f,0x6f,0x72,0x64,0x30,0x20,0x5b,0x5b,0x61,0x74,0x74,0x72,0x69,0x62,0x75,0x74,
    0x65,0x28,0x32,0x29,0x5d,0x5d,0x3b,0x0a,0x20,0x20,0x20,0x20,0x66,0x6c,0x6f,0x61,
    0x74,0x34,0x20,0x74,0x61,0x6e,0x67,0x65,0x6e,0x74,0x30,0x20,0x5b,0x5b,0x61,0x74,
    0x74,0x72,0x69,0x62,0x75,0x74,0x65,0x28,0x33,0x29,0x5d,0x5d,0x3b,0x0a,0x20,0x20,
    0x20,0x20,0x66,0x6c,0x6f,0x61,0x74,0x34,0x20,0x62,0x6f,0x6e,0x65,0x5f,0x69,0x6e,
    0x64,0x69,0x63,0x65,0x73,0x30,0x20,0x5b,0x5b,0x61,0x74,0x74,0x72,0x69,0x62,0x75,
    0x74,0x65,0x28,0x34,0x29,0x5d,0x5d,0x3b,0x0a,0x20,0x20,0x20,0x20,0x66,0x6c,0x6f,
    0x61,0x74,0x34,0x20,0x62,0x6f,0x6e,0x65,0x5f,0x77,0x65,0x69,0x67,0x68,0x74,0x73,
    0x30,0x20,0x5b,0x5b,0x61,0x74,0x74,0x72,0x69,0x62,0x75,0x74,0x65,0x28,0x35,0x29,
    0x5d,0x5d,0x3b,0x0a,0x7d,0x3b,0x0a,0x0a,0x76,0x65,0x72,0x74,0x65,0x78,0x20,0x6d,
    0x61,0x69,0x6e,0x30,0x5f,0x6f,0x75,0x74,0x20,0x6d,0x61,0x69,0x6e,0x30,0x28,0x6d,
    0x61,0x69,0x6e,0x30,0x5f,0x69,0x6e,0x20,0x69,0x6e,0x20,0x5b,0x5b,0x73,0x74,0x61,
    0x67,0x65,0x5f,0x69,0x6e,0x5d,0x5d,0x2c,0x20,0x63,0x6f,0x6e,0x73,0x74,0x61,0x6e,
    0x74,0x20,0x6d,0x65,0x73,0x68,0x33,0x64,0x5f,0x73,0x6b,0x69,0x6e,0x6e,0x65,0x64,
    0x5f,0x76,0x73,0x5f,0x70,0x61,0x72,0x61,0x6d,0x73,0x26,0x20,0x5f,0x35,0x36,0x20,
    0x5b,0x5b,0x62,0x75,0x66,0x66,0x65,0x72,0x28,0x30,0x29,0x5d,0x5d,0x29,0x0a,0x7b,
    0x0a,0x20,0x20,0x20,0x20,0x6d,0x61,0x69,0x6e,0x30,0x5f,0x6f,0x75,0x74,0x20,0x6f,
    0x75,0x74,0x20,0x3d,0x20,0x7b,0x7d,0x3b,0x0a,0x20,0x20,0x20,0x20,0x66,0x6c,0x6f,
    0x61,0x74,0x34,0x20,0x73,0x6b,0x69,0x6e,0x6e,0x65,0x64,0x5f,0x70,0x6f,0x73,0x20,
    0x3d,0x20,0x66,0x6c,0x6f,0x61,0x74,0x34,0x28,0x30,0x2e,0x30,0x29,0x3b,0x0a,0x20,
    0x20,0x20,0x20,0x66,0x6c,0x6f,0x61,0x74,0x33,0x20,0x73,0x6b,0x69,0x6e,0x6e,0x65,
    0x64,0x5f,0x6e,0x6f,0x72,0x6d,0x61,0x6c,0x20,0x3d,0x20,0x66,0x6c,0x6f,0x61,0x74,
    0x33,0x28,0x30,0x2e,0x30,0x29,0x3b,0x0a,0x20,0x20,0x20,0x20,0x66,0x6c,0x6f,0x61,
    0x74,0x33,0x20,0x73,0x6b,0x69,0x6e,0x6e,0x65,0x64,0x5f,0x74,0x61,0x6e,0x67,0x65,
    0x6e,0x74,0x20,0x3d,0x20,0x66,0x6c,0x6f,0x61,0x74,0x33,0x28,0x30,0x2e,0x30,0x29,
    0x3b,0x0a,0x20,0x20,0x20,0x20,0x66,0x6f,0x72,0x20,0x28,0x69,0x6e,0x74,0x20,0x69,
    0x20,0x3d,0x20,0x30,0x3b,0x20,0x69,0x20,0x3c,0x20,0x34,0x3b,0x20,0x69,0x2b,0x2b,
    0x29,0x0a,0x20,0x20,0x20,0x20,0x7b,0x0a,0x20,0x20,0x20,0x20,0x20,0x20,0x20,0x20,
    0x69,0x6e,0x74,0x20,0x5f,0x33,0x37,0x20,0x3d,0x20,0x69,0x6e,0x74,0x28,0x69,0x6e,
    0x2e,0x62,0x6f,0x6e,0x65,0x5f,0x69,0x6e,0x64,0x69,0x63,0x65,0x73,0x30,0x5b,0x69,
    0x5d,0x29,0x3b,0x0a,0x20,0x20,0x20,0x20,0x20,0x20,0x20,0x20,0x69,0x66,0x20,0x28,
    0x69,0x6e,0x2e,0x62,0x6f,0x6e,0x65,0x5f,0x77,0x65,0x69,0x67,0x68,0x74,0x73,0x30,
    0x5b,0x69,0x5d,0x20,0x3e,0x20,0x30,0x2e,0x30,0x29,0x0a,0x20,0x20,0x20,0x20,0x20,
    0x20,0x20,0x20,0x7b,0x0a,0x20,0x20,0x20,0x20,0x20,0x20,0x20,0x20,0x20,0x20,0x20,
    0x20,0x73,0x6b,0x69,0x6e,0x6e,0x65,0x64,0x5f,0x70,0x6f,0x73,0x20,0x2b,0x3d,0x20,
    0x28,0x28,0x5f,0x35,0x36,0x2e,0x62,0x6f,0x6e,0x65,0x5f,0x6d,0x61,0x74,0x72,0x69,
    0x63,0x65,0x73,0x5b,0x5f,0x33,0x37,0x5d,0x20,0x2a,0x20,0x66,0x6c,0x6f,0x61,0x74,
    0x34,0x28,0x69,0x6e,0x2e,0x70,0x6f,0x73,0x69,0x74,0x69,0x6f,0x6e,0x30,0x2c,0x20,
    0x31,0x2e,0x30,0x29,0x29,0x20,0x2a,0x20,0x69,0x6e,0x2e,0x62,0x6f,0x6e,0x65,0x5f,
    0x77,0x65,0x69,0x67,0x68,0x74,0x73,0x30,0x5b,0x69,0x5d,0x29,0x3b,0x0a,0x20,0x20,
    0x20,0x20,0x20,0x20,0x20,0x20,0x20,0x20,0x20,0x20,0x66,0x6c,0x6f,0x61,0x74,0x33,
    0x78,0x33,0x20,0x5f,0x38,0x34,0x20,0x3d,0x20,0x66,0x6c,0x6f,0x61,0x74,0x33,0x78,
    0x33,0x28,0x5f,0x35,0x36,0x2e,0x62,0x6f,0x6e,0x65,0x5f,0x6d,0x61,0x74,0x72,0x69,
    0x63,0x65,0x73,0x5b,0x5f,0x33,0x37,0x5d,0x5b,0x30,0x5d,0x2e,0x78,0x79,0x7a,0x2c,
    0x20,0x5f,0x35,0x36,0x2e,0x62,0x6f,0x6e,0x65,0x5f,0x6d,0x61,0x74,0x72,0x69,0x63,
    0x65,0x73,0x5b,0x5f,0x33,0x37,0x5d,0x5b,0x31,0x5d,0x2e,0x78,0x79,0x7a,0x2c,0x20,
    0x5f,0x35,0x36,0x2e,0x62,0x6f,0x6e,0x65,0x5f,0x6d,0x61,0x74,0x72,0x69,0x63,0x65,
    0x73,0x5b,0x5f,0x33,0x37,0x5d,0x5b,0x32,0x5d,0x2e,0x78,0x79,0x7a,0x29,0x3b,0x0a,
    0x20,0x20,0x20,0x20,0x20,0x20,0x20,0x20,0x20,0x20,0x20,0x20,0x73,0x6b,0x69,0x6e,
    0x6e,0x65,0x64,0x5f,0x6e,0x6f,0x72,0x6d,0x61,0x6c,0x20,0x2b,0x3d,0x20,0x28,0x28,
    0x5f,0x38,0x34,0x20,0x2a,0x20,0x69,0x6e,0x2e,0x6e,0x6f,0x72,0x6d,0x61,0x6c,0x30,
    0x29,0x20,0x2a,0x20,0x69,0x6e,0x2e,0x62,0x6f,0x6e,0x65,0x5f,0x77,0x65,0x69,0x67,
    0x68,0x74,0x73,0x30,0x5b,0x69,0x5d,0x29,0x3b,0x0a,0x20,0x20,0x20,0x20,0x20,0x20,
    0x20,0x20,0x20,0x20,0x20,0x20,0x73,0x6b,0x69,0x6e,0x6e,0x65,0x64,0x5f,0x74,0x61,
    0x6e,0x67,0x65,0x6e,0x74,0x20,0x2b,0x3d,0x20,0x28,0x28,0x5f,0x38,0x34,0x20,0x2a,
    0x20,0x69,0x6e,0x2e,0x74,0x61,0x6e,0x67,0x65,0x6e,0x74,0x30,0x2e,0x78,0x79,0x7a,
    0x29,0x20,0x2a,0x20,0x69,0x6e,0x2e,0x62,0x6f,0x6e,0x65,0x5f,0x77,0x65,0x69,0x67,
    0x68,0x74,0x73,0x30,0x5b,0x69,0x5d,0x29,0x3b,0x0a,0x20,0x20,0x20,0x20,0x20,0x20,
    0x20,0x20,0x7d,0x0a,0x20,0x20,0x20,0x20,0x7d,0x0a,0x20,0x20,0x20,0x20,0x6f,0x75,
    0x74,0x2e,0x66,0x72,0x61,0x67,0x5f,0x70,0x6f,0x73,0x20,0x3d,0x20,0x28,0x5f,0x35,
    0x36,0x2e,0x6d,0x6f,0x64,0x65,0x6c,0x20,0x2a,0x20,0x73,0x6b,0x69,0x6e,0x6e,0x65,
    0x64,0x5f,0x70,0x6f,0x73,0x29,0x2e,0x78,0x79,0x7a,0x3b,0x0a,0x20,0x20,0x20,0x20,
    0x66,0x6c,0x6f,0x61,0x74,0x33,0x78,0x33,0x20,0x5f,0x31,0x34,0x36,0x20,0x3d,0x20,
    0x66,0x6c,0x6f,0x61,0x74,0x33,0x78,0x33,0x28,0x66,0x6c,0x6f,0x61,0x74,0x33,0x28,
    0x5f,0x35,0x36,0x2e,0x6e,0x6f,0x72,0x6d,0x61,0x6c,0x5f,0x6d,0x61,0x74,0x5f,0x63,
    0x30,0x2e,0x78,0x79,0x7a,0x29,0x2c,0x20,0x66,0x6c,0x6f,0x61,0x74,0x33,0x28,0x5f,
    0x35,0x36,0x2e,0x6e,0x6f,0x72,0x6d,0x61,0x6c,0x5f,0x6d,0x61,0x74,0x5f,0x63,0x31,
    0x2e,0x78,0x79,0x7a,0x29,0x2c,0x20,0x66,0x6c,0x6f,0x61,0x74,0x33,0x28,0x5f,0x35,
    0x36,0x2e,0x6e,0x6f,0x72,0x6d,0x61,0x6c,0x5f,0x6d,0x61,0x74,0x5f,0x63,0x32,0x2e,
    0x78,0x79,0x7a,0x29,0x29,0x3b,0x0a,0x20,0x20,0x20,0x20,0x6f,0x75,0x74,0x2e,0x66,
    0x72,0x61,0x67,0x5f,0x6e,0x6f,0x72,0x6d,0x61,0x6c,0x20,0x3d,0x20,0x66,0x61,0x73,
    0x74,0x3a,0x3a,0x6e,0x6f,0x72,0x6d,0x61,0x6c,0x69,0x7a,0x65,0x28,0x5f,0x31,0x34,
    0x36,0x20,0x2a,0x20,0x73,0x6b,0x69,0x6e,0x6e,0x65,0x64,0x5f,0x6e,0x6f,0x72,0x6d,
    0x61,0x6c,0x29,0x3b,0x0a,0x20,0x20,0x20,0x20,0x6f,0x75,0x74,0x2e,0x66,0x72,0x61,
    0x67,0x5f,0x74,0x61,0x6e,0x67,0x65,0x6e,0x74,0x20,0x3d,0x20,0x66,0x61,0x73,0x74,
    0x3a,0x3a,0x6e,0x6f,0x72,0x6d,0x61,0x6c,0x69,0x7a,0x65,0x28,0x5f,0x31,0x34,0x36,
    0x20,0x2a,0x20,0x73,0x6b,0x69,0x6e,0x6e,0x65,0x64,0x5f,0x74,0x61,0x6e,0x67,0x65,
    0x6e,0x74,0x29,0x3b,0x0a,0x20,0x20,0x20,0x20,0x6f,0x75,0x74,0x2e,0x66,0x72,0x61,
    0x67,0x5f,0x62,0x69,0x74,0x61,0x6e,0x67,0x65,0x6e,0x74,0x20,0x3d,0x20,0x63,0x72,
    0x6f,0x73,0x73,0x28,0x6f,0x75,0x74,0x2e,0x66,0x72,0x61,0x67,0x5f,0x6e,0x6f,0x72,
    0x6d,0x61,0x6c,0x2c,0x20,0x6f,0x75,0x74,0x2e,0x66,0x72,0x61,0x67,0x5f,0x74,0x61,
    0x6e,0x67,0x65,0x6e,0x74,0x29,0x20,0x2a,0x20,0x69,0x6e,0x2e,0x74,0x61,0x6e,0x67,
    0x65,0x6e,0x74,0x30,0x2e,0x77,0x3b,0x0a,0x20,0x20,0x20,0x20,0x6f,0x75,0x74,0x2e,
    0x66,0x72,0x61,0x67,0x5f,0x75,0x76,0x20,0x3d,0x20,0x69,0x6e,0x2e,0x74,0x65,0x78,
    0x63,0x6f,0x6f,0x72,0x64,0x30,0x3b,0x0a,0x20,0x20,0x20,0x20,0x6f,0x75,0x74,0x2e,
    0x67,0x6c,0x5f,0x50,0x6f,0x73,0x69,0x74,0x69,0x6f,0x6e,0x20,0x3d,0x20,0x5f,0x35,
    0x36,0x2e,0x6d,0x76,0x70,0x20,0x2a,0x20,0x73,0x6b,0x69,0x6e,0x6e,0x65,0x64,0x5f,
    0x70,0x6f,0x73,0x3b,0x0a,0x20,0x20,0x20,0x20,0x72,0x65,0x74,0x75,0x72,0x6e,0x20,
    0x6f,0x75,0x74,0x3b,0x0a,0x7d,0x0a,0x0a,0x00,
};
/*
    #include <metal_stdlib>
    #include <simd/simd.h>

    using namespace metal;

    struct mesh3d_skinned_fs_params
    {
        float4 camera_pos_and_ambient;
        float4 base_color;
        float4 material_props;
        float4 light_pos_type[8];
        float4 light_color_range[8];
        float4 light_count;
    };

    struct main0_out
    {
        float4 col_out [[color(0)]];
    };

    struct main0_in
    {
        float3 frag_pos [[user(locn0)]];
        float3 frag_normal [[user(locn1)]];
        float2 frag_uv [[user(locn2)]];
        float3 frag_tangent [[user(locn3)]];
        float3 frag_bitangent [[user(locn4)]];
    };

    fragment main0_out main0(main0_in in [[stage_in]], constant mesh3d_skinned_fs_params& _17 [[buffer(0)]], texture2d<float> diffuse_tex [[texture(0)]], texture2d<float> normal_tex [[texture(1)]], texture2d<float> emissive_tex [[texture(2)]], texture2d<float> roughness_tex [[texture(3)]], sampler default_sampler [[sampler(0)]])
    {
        main0_out out = {};
        float4 _59 = diffuse_tex.sample(default_sampler, in.frag_uv);
        float3 _105 = fast::normalize(float3x3(fast::normalize(in.frag_tangent), fast::normalize(in.frag_bitangent), fast::normalize(in.frag_normal)) * ((normal_tex.sample(default_sampler, in.frag_uv).xyz * 2.0) - float3(1.0)));
        float _130 = _17.material_props.y * fast::max(1.0 - roughness_tex.sample(default_sampler, in.frag_uv).x, 0.00999999977648258209228515625);
        float3 _136 = fast::normalize(_17.camera_pos_and_ambient.xyz - in.frag_pos);
        int _142 = int(_17.light_count.x);
        float3 total_diffuse = float3(0.0);
        float3 total_specular = float3(0.0);
        float3 ambient_color = float3(1.0);
        float3 light_dir;
        for (int i = 0; i < 8; i++)
        {
            if (i >= _142)
            {
                break;
            }
            float attenuation = 1.0;
            if (_17.light_pos_type[i].w < 0.5)
            {
                light_dir = fast::normalize(_17.light_pos_type[i].xyz);
                if (i == 0)
                {
                    ambient_color = _17.light_color_range[i].xyz;
                }
            }
            else
            {
                float3 _199 = _17.light_pos_type[i].xyz - in.frag_pos;
                float _202 = length(_199);
                light_dir = -fast::normalize(_199);
                attenuation = 1.0 / (1.0 + ((_202 * _202) / (_17.light_color_range[i].w * _17.light_color_range[i].w)));
            }
            float3 _222 = -light_dir;
            total_diffuse += ((_17.light_color_range[i].xyz * fast::max(dot(_105, _222), 0.0)) * attenuation);
            total_specular += ((_17.light_color_range[i].xyz * (_17.material_props.x * pow(fast::max(dot(_105, fast::normalize(_222 + _136)), 0.0), _130))) * attenuation);
        }
        out.col_out = float4(fma((((ambient_color * _17.camera_pos_and_ambient.w) + total_diffuse) + total_specular) * _59.xyz, _17.base_color.xyz, emissive_tex.sample(default_sampler, in.frag_uv).xyz * _17.material_props.z), _59.w * _17.base_color.w);
        return out;
    }

*/
static const uint8_t mesh3d_skinned_fs_source_metal_macos[2873] = {
    0x23,0x69,0x6e,0x63,0x6c,0x75,0x64,0x65,0x20,0x3c,0x6d,0x65,0x74,0x61,0x6c,0x5f,
    0x73,0x74,0x64,0x6c,0x69,0x62,0x3e,0x0a,0x23,0x69,0x6e,0x63,0x6c,0x75,0x64,0x65,
    0x20,0x3c,0x73,0x69,0x6d,0x64,0x2f,0x73,0x69,0x6d,0x64,0x2e,0x68,0x3e,0x0a,0x0a,
    0x75,0x73,0x69,0x6e,0x67,0x20,0x6e,0x61,0x6d,0x65,0x73,0x70,0x61,0x63,0x65,0x20,
    0x6d,0x65,0x74,0x61,0x6c,0x3b,0x0a,0x0a,0x73,0x74,0x72,0x75,0x63,0x74,0x20,0x6d,
    0x65,0x73,0x68,0x33,0x64,0x5f,0x73,0x6b,0x69,0x6e,0x6e,0x65,0x64,0x5f,0x66,0x73,
    0x5f,0x70,0x61,0x72,0x61,0x6d,0x73,0x0a,0x7b,0x0a,0x20,0x20,0x20,0x20,0x66,0x6c,
    0x6f,0x61,0x74,0x34,0x20,0x63,0x61,0x6d,0x65,0x72,0x61,0x5f,0x70,0x6f,0x73,0x5f,
    0x61,0x6e,0x64,0x5f,0x61,0x6d,0x62,0x69,0x65,0x6e,0x74,0x3b,0x0a,0x20,0x20,0x20,
    0x20,0x66,0x6c,0x6f,0x61,0x74,0x34,0x20,0x62,0x61,0x73,0x65,0x5f,0x63,0x6f,0x6c,
    0x6f,0x72,0x3b,0x0a,0x20,0x20,0x20,0x20,0x66,0x6c,0x6f,0x61,0x74,0x34,0x20,0x6d,
    0x61,0x74,0x65,0x72,0x69,0x61,0x6c,0x5f,0x70,0x72,0x6f,0x70,0x73,0x3b,0x0a,0x20,
    0x20,0x20,0x20,0x66,0x6c,0x6f,0x61,0x74,0x34,0x20,0x6c,0x69,0x67,0x68,0x74,0x5f,
    0x70,0x6f,0x73,0x5f,0x74,0x79,0x70,0x65,0x5b,0x38,0x5d,0x3b,0x0a,0x20,0x20,0x20,
    0x20,0x66,0x6c,0x6f,0x61,0x74,0x34,0x20,0x6c,0x69,0x67,0x68,0x74,0x5f,0x63,0x6f,
    0x6c,0x6f,0x72,0x5f,0x72,0x61,0x6e,0x67,0x65,0x5b,0x38,0x5d,0x3b,0x0a,0x20,0x20,
    0x20,0x20,0x66,0x6c,0x6f,0x61,0x74,0x34,0x20,0x6c,0x69,0x67,0x68,0x74,0x5f,0x63,
    0x6f,0x75,0x6e,0x74,0x3b,0x0a,0x7d,0x3b,0x0a,0x0a,0x73,0x74,0x72,0x75,0x63,0x74,
    0x20,0x6d,0x61,0x69,0x6e,0x30,0x5f,0x6f,0x75,0x74,0x0a,0x7b,0x0a,0x20,0x20,0x20,
    0x20,0x66,0x6c,0x6f,0x61,0x74,0x34,0x20,0x63,0x6f,0x6c,0x5f,0x6f,0x75,0x74,0x20,
    0x5b,0x5b,0x63,0x6f,0x6c,0x6f,0x72,0x28,0x30,0x29,0x5d,0x5d,0x3b,0x0a,0x7d,0x3b,
    0x0a,0x0a,0x73,0x74,0x72,0x75,0x63,0x74,0x20,0x6d,0x61,0x69,0x6e,0x30,0x5f,0x69,
    0x6e,0x0a,0x7b,0x0a,0x20,0x20,0x20,0x20,0x66,0x6c,0x6f,0x61,0x74,0x33,0x20,0x66,
    0x72,0x61,0x67,0x5f,0x70,0x6f,0x73,0x20,0x5b,0x5b,0x75,0x73,0x65,0x72,0x28,0x6c,
    0x6f,0x63,0x6e,0x30,0x29,0x5d,0x5d,0x3b,0x0a,0x20,0x20,0x20,0x20,0x66,0x6c,0x6f,
    0x61,0x74,0x33,0x20,0x66,0x72,0x61,0x67,0x5f,0x6e,0x6f,0x72,0x6d,0x61,0x6c,0x20,
    0x5b,0x5b,0x75,0x73,0x65,0x72,0x28,0x6c,0x6f,0x63,0x6e,0x31,0x29,0x5d,0x5d,0x3b,
    0x0a,0x20,0x20,0x20,0x20,0x66,0x6c,0x6f,0x61,0x74,0x32,0x20,0x66,0x72,0x61,0x67,
    0x5f,0x75,0x76,0x20,0x5b,0x5b,0x75,0x73,0x65,0x72,0x28,0x6c,0x6f,0x63,0x6e,0x32,
    0x29,0x5d,0x5d,0x3b,0x0a,0x20,0x20,0x20,0x20,0x66,0x6c,0x6f,0x61,0x74,0x33,0x20,
    0x66,0x72,0x61,0x67,0x5f,0x74,0x61,0x6e,0x67,0x65,0x6e,0x74,0x20,0x5b,0x5b,0x75,
    0x73,0x65,0x72,0x28,0x6c,0x6f,0x63,0x6e,0x33,0x29,0x5d,0x5d,0x3b,0x0a,0x20,0x20,
    0x20,0x20,0x66,0x6c,0x6f,0x61,0x74,0x33,0x20,0x66,0x72,0x61,0x67,0x5f,0x62,0x69,
    0x74,0x61,0x6e,0x67,0x65,0x6e,0x74,0x20,0x5b,0x5b,0x75,0x73,0x65,0x72,0x28,0x6c,
    0x6f,0x63,0x6e,0x34,0x29,0x5d,0x5d,0x3b,0x0a,0x7d,0x3b,0x0a,0x0a,0x66,0x72,0x61,
    0x67,0x6d,0x65,0x6e,0x74,0x20,0x6d,0x61,0x69,0x6e,0x30,0x5f,0x6f,0x75,0x74,0x20,
    0x6d,0x61,0x69,0x6e,0x30,0x28,0x6d,0x61,0x69,0x6e,0x30,0x5f,0x69,0x6e,0x20,0x69,
    0x6e,0x20,0x5b,0x5b,0x73,0x74,0x61,0x67,0x65,0x5f,0x69,0x6e,0x5d,0x5d,0x2c,0x20,
    0x63,0x6f,0x6e,0x73,0x74,0x61,0x6e,0x74,0x20,0x6d,0x65,0x73,0x68,0x33,0x64,0x5f,
    0x73,0x6b,0x69,0x6e,0x6e,0x65,0x64,0x5f,0x66,0x73,0x5f,0x70,0x61,0x72,0x61,0x6d,
    0x73,0x26,0x20,0x5f,0x31,0x37,0x20,0x5b,0x5b,0x62,0x75,0x66,0x66,0x65,0x72,0x28,
    0x30,0x29,0x5d,0x5d,0x2c,0x20,0x74,0x65,0x78,0x74,0x75,0x72,0x65,0x32,0x64,0x3c,
    0x66,0x6c,0x6f,0x61,0x74,0x3e,0x20,0x64,0x69,0x66,0x66,0x75,0x73,0x65,0x5f,0x74,
    0x65,0x78,0x20,0x5b,0x5b,0x74,0x65,0x78,0x74,0x75,0x72,0x65,0x28,0x30,0x29,0x5d,
    0x5d,0x2c,0x20,0x74,0x65,0x78,0x74,0x75,0x72,0x65,0x32,0x64,0x3c,0x66,0x6c,0x6f,
    0x61,0x74,0x3e,0x20,0x6e,0x6f,0x72,0x6d,0x61,0x6c,0x5f,0x74,0x65,0x78,0x20,0x5b,
    0x5b,0x74,0x65,0x78,0x74,0x75,0x72,0x65,0x28,0x31,0x29,0x5d,0x5d,0x2c,0x20,0x74,
    0x65,0x78,0x74,0x75,0x72,0x65,0x32,0x64,0x3c,0x66,0x6c,0x6f,0x61,0x74,0x3e,0x20,
    0x65,0x6d,0x69,0x73,0x73,0x69,0x76,0x65,0x5f,0x74,0x65,0x78,0x20,0x5b,0x5b,0x74,
    0x65,0x78,0x74,0x75,0x72,0x65,0x28,0x32,0x29,0x5d,0x5d,0x2c,0x20,0x74,0x65,0x78,
    0x74,0x75,0x72,0x65,0x32,0x64,0x3c,0x66,0x6c,0x6f,0x61,0x74,0x3e,0x20,0x72,0x6f,
    0x75,0x67,0x68,0x6e,0x65,0x73,0x73,0x5f,0x74,0x65,0x78,0x20,0x5b,0x5b,0x74,0x65,
    0x78,0x74,0x75,0x72,0x65,0x28,0x33,0x29,0x5d,0x5d,0x2c,0x20,0x73,0x61,0x6d,0x70,
    0x6c,0x65,0x72,0x20,0x64,0x65,0x66,0x61,0x75,0x6c,0x74,0x5f,0x73,0x61,0x6d,0x70,
    0x6c,0x65,0x72,0x20,0x5b,0x5b,0x73,0x61,0x6d,0x70,0x6c,0x65,0x72,0x28,0x30,0x29,
    0x5d,0x5d,0x29,0x0a,0x7b,0x0a,0x20,0x20,0x20,0x20,0x6d,0x61,0x69,0x6e,0x30,0x5f,
    0x6f,0x75,0x74,0x20,0x6f,0x75,0x74,0x20,0x3d,0x20,0x7b,0x7d,0x3b,0x0a,0x20,0x20,
    0x20,0x20,0x66,0x6c,0x6f,0x61,0x74,0x34,0x20,0x5f,0x35,0x39,0x20,0x3d,0x20,0x64,
    0x69,0x66,0x66,0x75,0x73,0x65,0x5f,0x74,0x65,0x78,0x2e,0x73,0x61,0x6d,0x70,0x6c,
    0x65,0x28,0x64,0x65,0x66,0x61,0x75,0x6c,0x74,0x5f,0x73,0x61,0x6d,0x70,0x6c,0x65,
    0x72,0x2c,0x20,0x69,0x6e,0x2e,0x66,0x72,0x61,0x67,0x5f,0x75,0x76,0x29,0x3b,0x0a,
    0x20,0x20,0x20,0x20,0x66,0x6c,0x6f,0x61,0x74,0x33,0x20,0x5f,0x31,0x30,0x35,0x20,
    0x3d,0x20,0x66,0x61,0x73,0x74,0x3a,0x3a,0x6e,0x6f,0x72,0x6d,0x61,0x6c,0x69,0x7a,
    0x65,0x28,0x66,0x6c,0x6f,0x61,0x74,0x33,0x78,0x33,0x28,0x66,0x61,0x73,0x74,0x3a,
    0x3a,0x6e,0x6f,0x72,0x6d,0x61,0x6c,0x69,0x7a,0x65,0x28,0x69,0x6e,0x2e,0x66,0x72,
    0x61,0x67,0x5f,0x74,0x61,0x6e,0x67,0x65,0x6e,0x74,0x29,0x2c,0x20,0x66,0x61,0x73,
    0x74,0x3a,0x3a,0x6e,0x6f,0x72,0x6d,0x61,0x6c,0x69,0x7a,0x65,0x28,0x69,0x6e,0x2e,
    0x66,0x72,0x61,0x67,0x5f,0x62,0x69,0x74,0x61,0x6e,0x67,0x65,0x6e,0x74,0x29,0x2c,
    0x20,0x66,0x61,0x73,0x74,0x3a,0x3a,0x6e,0x6f,0x72,0x6d,0x61,0x6c,0x69,0x7a,0x65,
    0x28,0x69,0x6e,0x2e,0x66,0x72,0x61,0x67,0x5f,0x6e,0x6f,0x72,0x6d,0x61,0x6c,0x29,
    0x29,0x20,0x2a,0x20,0x28,0x28,0x6e,0x6f,0x72,0x6d,0x61,0x6c,0x5f,0x74,0x65,0x78,
    0x2e,0x73,0x61,0x6d,0x70,0x6c,0x65,0x28,0x64,0x65,0x66,0x61,0x75,0x6c,0x74,0x5f,
    0x73,0x61,0x6d,0x70,0x6c,0x65,0x72,0x2c,0x20,0x69,0x6e,0x2e,0x66,0x72,0x61,0x67,
    0x5f,0x75,0x76,0x29,0x2e,0x78,0x79,0x7a,0x20,0x2a,0x20,0x32,0x2e,0x30,0x29,0x20,
    0x2d,0x20,0x66,0x6c,0x6f,0x61,0x74,0x33,0x28,0x31,0x2e,0x30,0x29,0x29,0x29,0x3b,
    0x0a,0x20,0x20,0x20,0x20,0x66,0x6c,0x6f,0x61,0x74,0x20,0x5f,0x31,0x33,0x30,0x20,
    0x3d,0x20,0x5f,0x31,0x37,0x2e,0x6d,0x61,0x74,0x65,0x72,0x69,0x61,0x6c,0x5f,0x70,
    0x72,0x6f,0x70,0x73,0x2e,0x79,0x20,0x2a,0x20,0x66,0x61,0x73,0x74,0x3a,0x3a,0x6d,
    0x61,0x78,0x28,0x31,0x2e,0x30,0x20,0x2d,0x20,0x72,0x6f,0x75,0x67,0x68,0x6e,0x65,
    0x73,0x73,0x5f,0x74,0x65,0x78,0x2e,0x73,0x61,0x6d,0x70,0x6c,0x65,0x28,0x64,0x65,
    0x66,0x61,0x75,0x6c,0x74,0x5f,0x73,0x61,0x6d,0x70,0x6c,0x65,0x72,0x2c,0x20,0x69,
    0x6e,0x2e,0x66,0x72,0x61,0x67,0x5f,0x75,0x76,0x29,0x2e,0x78,0x2c,0x20,0x30,0x2e,
    0x30,0x30,0x39,0x39,0x39,0x39,0x39,0x39,0x39,0x37,0x37,0x36,0x34,0x38,0x32,0x35,
    0x38,0x32,0x30,0x39,0x32,0x32,0x38,0x35,0x31,0x35,0x36,0x32,0x35,0x29,0x3b,0x0a,
    0x20,0x20,0x20,0x20,0x66,0x6c,0x6f,0x61,0x74,0x33,0x20,0x5f,0x31,0x33,0x36,0x20,
    0x3d,0x20,0x66,0x61,0x73,0x74,0x3a,0x3a,0x6e,0x6f,0x72,0x6d,0x61,0x6c,0x69,0x7a,
    0x65,0x28,0x5f,0x31,0x37,0x2e,0x63,0x61,0x6d,0x65,0x72,0x61,0x5f,0x70,0x6f,0x73,
    0x5f,0x61,0x6e,0x64,0x5f,0x61,0x6d,0x62,0x69,0x65,0x6e,0x74,0x2e,0x78,0x79,0x7a,
    0x20,0x2d,0x20,0x69,0x6e,0x2e,0x66,0x72,0x61,0x67,0x5f,0x70,0x6f,0x73,0x29,0x3b,
    0x0a,0x20,0x20,0x20,0x20,0x69,0x6e,0x74,0x20,0x5f,0x31,0x34,0x32,0x20,0x3d,0x20,
    0x69,0x6e,0x74,0x28,0x5f,0x31,0x37,0x2e,0x6c,0x69,0x67,0x68,0x74,0x5f,0x63,0x6f,
    0x75,0x6e,0x74,0x2e,0x78,0x29,0x3b,0x0a,0x20,0x20,0x20,0x20,0x66,0x6c,0x6f,0x61,
    0x74,0x33,0x20,0x74,0x6f,0x74,0x61,0x6c,0x5f,0x64,0x69,0x66,0x66,0x75,0x73,0x65,
    0x20,0x3d,0x20,0x66,0x6c,0x6f,0x61,0x74,0x33,0x28,0x30,0x2e,0x30,0x29,0x3b,0x0a,
    0x20,0x20,0x20,0x20,0x66,0x6c,0x6f,0x61,0x74,0x33,0x20,0x74,0x6f,0x74,0x61,0x6c,
    0x5f,0x73,0x70,0x65,0x63,0x75,0x6c,0x61,0x72,0x20,0x3d,0x20,0x66,0x6c,0x6f,0x61,
    0x74,0x33,0x28,0x30,0x2e,0x30,0x29,0x3b,0x0a,0x20,0x20,0x20,0x20,0x66,0x6c,0x6f,
    0x61,0x74,0x33,0x20,0x61,0x6d,0x62,0x69,0x65,0x6e,0x74,0x5f,0x63,0x6f,0x6c,0x6f,
    0x72,0x20,0x3d,0x20,0x66,0x6c,0x6f,0x61,0x74,0x33,0x28,0x31,0x2e,0x30,0x29,0x3b,
    0x0a,0x20,0x20,0x20,0x20,0x66,0x6c,0x6f,0x61,0x74,0x33,0x20,0x6c,0x69,0x67,0x68,
    0x74,0x5f,0x64,0x69,0x72,0x3b,0x0a,0x20,0x20,0x20,0x20,0x66,0x6f,0x72,0x20,0x28,
    0x69,0x6e,0x74,0x20,0x69,0x20,0x3d,0x20,0x30,0x3b,0x20,0x69,0x20,0x3c,0x20,0x38,
    0x3b,0x20,0x69,0x2b,0x2b,0x29,0x0a,0x20,0x20,0x20,0x20,0x7b,0x0a,0x20,0x20,0x20,
    0x20,0x20,0x20,0x20,0x20,0x69,0x66,0x20,0x28,0x69,0x20,0x3e,0x3d,0x20,0x5f,0x31,
    0x34,0x32,0x29,0x0a,0x20,0x20,0x20,0x20,0x20,0x20,0x20,0x20,0x7b,0x0a,0x20,0x20,
    0x20,0x20,0x20,0x20,0x20,0x20,0x20,0x20,0x20,0x20,0x62,0x72,0x65,0x61,0x6b,0x3b,
    0x0a,0x20,0x20,0x20,0x20,0x20,0x20,0x20,0x20,0x7d,0x0a,0x20,0x20,0x20,0x20,0x20,
    0x20,0x20,0x20,0x66,0x6c,0x6f,0x61,0x74,0x20,0x61,0x74,0x74,0x65,0x6e,0x75,0x61,
    0x74,0x69,0x6f,0x6e,0x20,0x3d,0x20,0x31,0x2e,0x30,0x3b,0x0a,0x20,0x20,0x20,0x20,
    0x20,0x20,0x20,0x20,0x69,0x66,0x20,0x28,0x5f,0x31,0x37,0x2e,0x6c,0x69,0x67,0x68,
    0x74,0x5f,0x70,0x6f,0x73,0x5f,0x74,0x79,0x70,0x65,0x5b,0x69,0x5d,0x2e,0x77,0x20,
    0x3c,0x20,0x30,0x2e,0x35,0x29,0x0a,0x20,0x20,0x20,0x20,0x20,0x20,0x20,0x20,0x7b,
    0x0a,0x20,0x20,0x20,0x20,0x20,0x20,0x20,0x20,0x20,0x20,0x20,0x20,0x6c,0x69,0x67,
    0x68,0x74,0x5f,0x64,0x69,0x72,0x20,0x3d,0x20,0x66,0x61,0x73,0x74,0x3a,0x3a,0x6e,
    0x6f,0x72,0x6d,0x61,0x6c,0x69,0x7a,0x65,0x28,0x5f,0x31,0x37,0x2e,0x6c,0x69,0x67,
    0x68,0x74,0x5f,0x70,0x6f,0x73,0x5f,0x74,0x79,0x70,0x65,0x5b,0x69,0x5d,0x2e,0x78,
    0x79,0x7a,0x29,0x3b,0x0a,0x20,0x20,0x20,0x20,0x20,0x20,0x20,0x20,0x20,0x20,0x20,
    0x20,0x69,0x66,0x20,0x28,0x69,0x20,0x3d,0x3d,0x20,0x30,0x29,0x0a,0x20,0x20,0x20,
    0x20,0x20,0x20,0x20,0x20,0x20,0x20,0x20,0x20,0x7b,0x0a,0x20,0x20,0x20,0x20,0x20,
    0x20,0x20,0x20,0x20,0x20,0x20,0x20,0x20,0x20,0x20,0x20,0x61,0x6d,0x62,0x69,0x65,
    0x6e,0x74,0x5f,0x63,0x6f,0x6c,0x6f,0x72,0x20,0x3d,0x20,0x5f,0x31,0x37,0x2e,0x6c,
    0x69,0x67,0x68,0x74,0x5f,0x63,0x6f,0x6c,0x6f,0x72,0x5f,0x72,0x61,0x6e,0x67,0x65,
    0x5b,0x69,0x5d,0x2e,0x78,0x79,0x7a,0x3b,0x0a,0x20,0x20,0x20,0x20,0x20,0x20,0x20,
    0x20,0x20,0x20,0x20,0x20,0x7d,0x0a,0x20,0x20,0x20,0x20,0x20,0x20,0x20,0x20,0x7d,
    0x0a,0x20,0x20,0x20,0x20,0x20,0x20,0x20,0x20,0x65,0x6c,0x73,0x65,0x0a,0x20,0x20,
    0x20,0x20,0x20,0x20,0x20,0x20,0x7b,0x0a,0x20,0x20,0x20,0x20,0x20,0x20,0x20,0x20,
    0x20,0x20,0x20,0x20,0x66,0x6c,0x6f,0x61,0x74,0x33,0x20,0x5f,0x31,0x39,0x39,0x20,
    0x3d,0x20,0x5f,0x31,0x37,0x2e,0x6c,0x69,0x67,0x68,0x74,0x5f,0x70,0x6f,0x73,0x5f,
    0x74,0x79,0x70,0x65,0x5b,0x69,0x5d,0x2e,0x78,0x79,0x7a,0x20,0x2d,0x20,0x69,0x6e,
    0x2e,0x66,0x72,0x61,0x67,0x5f,0x70,0x6f,0x73,0x3b,0x0a,0x20,0x20,0x20,0x20,0x20,
    0x20,0x20,0x20,0x20,0x20,0x20,0x20,0x66,0x6c,0x6f,0x61,0x74,0x20,0x5f,0x32,0x30,
    0x32,0x20,0x3d,0x20,0x6c,0x65,0x6e,0x67,0x74,0x68,0x28,0x5f,0x31,0x39,0x39,0x29,
    0x3b,0x0a,0x20,0x20,0x20,0x20,0x20,0x20,0x20,0x20,0x20,0x20,0x20,0x20,0x6c,0x69,
    0x67,0x68,0x74,0x5f,0x64,0x69,0x72,0x20,0x3d,0x20,0x2d,0x66,0x61,0x73,0x74,0x3a,
    0x3a,0x6e,0x6f,0x72,0x6d,0x61,0x6c,0x69,0x7a,0x65,0x28,0x5f,0x31,0x39,0x39,0x29,
    0x3b,0x0a,0x20,0x20,0x20,0x20,0x20,0x20,0x20,0x20,0x20,0x20,0x20,0x20,0x61,0x74,
    0x74,0x65,0x6e,0x75,0x61,0x74,0x69,0x6f,0x6e,0x20,0x3d,0x20,0x31,0x2e,0x30,0x20,
    0x2f,0x20,0x28,0x31,0x2e,0x30,0x20,0x2b,0x20,0x28,0x28,0x5f,0x32,0x30,0x32,0x20,
    0x2a,0x20,0x5f,0x32,0x30,0x32,0x29,0x20,0x2f,0x20,0x28,0x5f,0x31,0x37,0x2e,0x6c,
    0x69,0x67,0x68,0x74,0x5f,0x63,0x6f,0x6c,0x6f,0x72,0x5f,0x72,0x61,0x6e,0x67,0x65,
    0x5b,0x69,0x5d,0x2e,0x77,0x20,0x2a,0x20,0x5f,0x31,0x37,0x2e,0x6c,0x69,0x67,0x68,
    0x74,0x5f,0x63,0x6f,0x6c,0x6f,0x72,0x5f,0x72,0x61,0x6e,0x67,0x65,0x5b,0x69,0x5d,
    0x2e,0x77,0x29,0x29,0x29,0x3b,0x0a,0x20,0x20,0x20,0x20,0x20,0x20,0x20,0x20,0x7d,
    0x0a,0x20,0x20,0x20,0x20,0x20,0x20,0x20,0x20,0x66,0x6c,0x6f,0x61,0x74,0x33,0x20,
    0x5f,0x32,0x32,0x32,0x20,0x3d,0x20,0x2d,0x6c,0x69,0x67,0x68,0x74,0x5f,0x64,0x69,
    0x72,0x3b,0x0a,0x20,0x20,0x20,0x20,0x20,0x20,0x20,0x20,0x74,0x6f,0x74,0x61,0x6c,
    0x5f,0x64,0x69,0x66,0x66,0x75,0x73,0x65,0x20,0x2b,0x3d,0x20,0x28,0x28,0x5f,0x31,
    0x37,0x2e,0x6c,0x69,0x67,0x68,0x74,0x5f,0x63,0x6f,0x6c,0x6f,0x72,0x5f,0x72,0x61,
    0x6e,0x67,0x65,0x5b,0x69,0x5d,0x2e,0x78,0x79,0x7a,0x20,0x2a,0x20,0x66,0x61,0x73,
    0x74,0x3a,0x3a,0x6d,0x61,0x78,0x28,0x64,0x6f,0x74,0x28,0x5f,0x31,0x30,0x35,0x2c,
    0x20,0x5f,0x32,0x32,0x32,0x29,0x2c,0x20,0x30,0x2e,0x30,0x29,0x29,0x20,0x2a,0x20,
    0x61,0x74,0x74,0x65,0x6e,0x75,0x61,0x74,0x69,0x6f,0x6e,0x29,0x3b,0x0a,0x20,0x20,
    0x20,0x20,0x20,0x20,0x20,0x20,0x74,0x6f,0x74,0x61,0x6c,0x5f,0x73,0x70,0x65,0x63,
    0x75,0x6c,0x61,0x72,0x20,0x2b,0x3d,0x20,0x28,0x28,0x5f,0x31,0x37,0x2e,0x6c,0x69,
    0x67,0x68,0x74,0x5f,0x63,0x6f,0x6c,0x6f,0x72,0x5f,0x72,0x61,0x6e,0x67,0x65,0x5b,
    0x69,0x5d,0x2e,0x78,0x79,0x7a,0x20,0x2a,0x20,0x28,0x5f,0x31,0x37,0x2e,0x6d,0x61,
    0x74,0x65,0x72,0x69,0x61,0x6c,0x5f,0x70,0x72,0x6f,0x70,0x73,0x2e,0x78,0x20,0x2a,
    0x20,0x70,0x6f,0x77,0x28,0x66,0x61,0x73,0x74,0x3a,0x3a,0x6d,0x61,0x78,0x28,0x64,
    0x6f,0x74,0x28,0x5f,0x31,0x30,0x35,0x2c,0x20,0x66,0x61,0x73,0x74,0x3a,0x3a,0x6e,
    0x6f,0x72,0x6d,0x61,0x6c,0x69,0x7a,0x65,0x28,0x5f,0x32,0x32,0x32,0x20,0x2b,0x20,
    0x5f,0x31,0x33,0x36,0x29,0x29,0x2c,0x20,0x30,0x2e,0x30,0x29,0x2c,0x20,0x5f,0x31,
    0x33,0x30,0x29,0x29,0x29,0x20,0x2a,0x20,0x61,0x74,0x74,0x65,0x6e,0x75,0x61,0x74,
    0x69,0x6f,0x6e,0x29,0x3b,0x0a,0x20,0x20,0x20,0x20,0x7d,0x0a,0x20,0x20,0x20,0x20,
    0x6f,0x75,0x74,0x2e,0x63,0x6f,0x6c,0x5f,0x6f,0x75,0x74,0x20,0x3d,0x20,0x66,0x6c,
    0x6f,0x61,0x74,0x34,0x28,0x66,0x6d,0x61,0x28,0x28,0x28,0x28,0x61,0x6d,0x62,0x69,
    0x65,0x6e,0x74,0x5f,0x63,0x6f,0x6c,0x6f,0x72,0x20,0x2a,0x20,0x5f,0x31,0x37,0x2e,
    0x63,0x61,0x6d,0x65,0x72,0x61,0x5f,0x70,0x6f,0x73,0x5f,0x61,0x6e,0x64,0x5f,0x61,
    0x6d,0x62,0x69,0x65,0x6e,0x74,0x2e,0x77,0x29,0x20,0x2b,0x20,0x74,0x6f,0x74,0x61,
    0x6c,0x5f,0x64,0x69,0x66,0x66,0x75,0x73,0x65,0x29,0x20,0x2b,0x20,0x74,0x6f,0x74,
    0x61,0x6c,0x5f,0x73,0x70,0x65,0x63,0x75,0x6c,0x61,0x72,0x29,0x20,0x2a,0x20,0x5f,
    0x35,0x39,0x2e,0x78,0x79,0x7a,0x2c,0x20,0x5f,0x31,0x37,0x2e,0x62,0x61,0x73,0x65,
    0x5f,0x63,0x6f,0x6c,0x6f,0x72,0x2e,0x78,0x79,0x7a,0x2c,0x20,0x65,0x6d,0x69,0x73,
    0x73,0x69,0x76,0x65,0x5f,0x74,0x65,0x78,0x2e,0x73,0x61,0x6d,0x70,0x6c,0x65,0x28,
    0x64,0x65,0x66,0x61,0x75,0x6c,0x74,0x5f,0x73,0x61,0x6d,0x70,0x6c,0x65,0x72,0x2c,
    0x20,0x69,0x6e,0x2e,0x66,0x72,0x61,0x67,0x5f,0x75,0x76,0x29,0x2e,0x78,0x79,0x7a,
    0x20,0x2a,0x20,0x5f,0x31,0x37,0x2e,0x6d,0x61,0x74,0x65,0x72,0x69,0x61,0x6c,0x5f,
    0x70,0x72,0x6f,0x70,0x73,0x2e,0x7a,0x29,0x2c,0x20,0x5f,0x35,0x39,0x2e,0x77,0x20,
    0x2a,0x20,0x5f,0x31,0x37,0x2e,0x62,0x61,0x73,0x65,0x5f,0x63,0x6f,0x6c,0x6f,0x72,
    0x2e,0x77,0x29,0x3b,0x0a,0x20,0x20,0x20,0x20,0x72,0x65,0x74,0x75,0x72,0x6e,0x20,
    0x6f,0x75,0x74,0x3b,0x0a,0x7d,0x0a,0x0a,0x00,
};
/*
    diagnostic(off, derivative_uniformity);

    alias Arr = array<mat4x4f, 64u>;

    struct mesh3d_skinned_vs_params {
      /_ @offset(0) _/
      mvp : mat4x4f,
      /_ @offset(64) _/
      model : mat4x4f,
      /_ @offset(128) _/
      normal_mat_c0 : vec4f,
      /_ @offset(144) _/
      normal_mat_c1 : vec4f,
      /_ @offset(160) _/
      normal_mat_c2 : vec4f,
      /_ @offset(176) _/
      bone_matrices : Arr,
    }

    var<private> bone_indices0 : vec4f;

    var<private> bone_weights0 : vec4f;

    @group(0) @binding(0) var<uniform> x_56 : mesh3d_skinned_vs_params;

    var<private> position0 : vec3f;

    var<private> normal0 : vec3f;

    var<private> tangent0 : vec4f;

    var<private> frag_pos : vec3f;

    var<private> frag_normal : vec3f;

    var<private> frag_tangent : vec3f;

    var<private> frag_bitangent : vec3f;

    var<private> frag_uv : vec2f;

    var<private> texcoord0 : vec2f;

    var<private> gl_Position : vec4f;

    const x_15 = vec3f(0.0f, 0.0f, 0.0f);

    fn main_1() {
      var skinned_pos : vec4f;
      var skinned_normal : vec3f;
      var skinned_tangent : vec3f;
      var i : i32;
      var bone_idx : i32;
      var weight : f32;
      var bone_transform : mat4x4f;
      var world_pos : vec4f;
      var normal_mat : mat3x3f;
      skinned_pos = vec4f(0.0f, 0.0f, 0.0f, 0.0f);
      skinned_normal = x_15;
      skinned_tangent = x_15;
      i = 0i;
      loop {
        let x_26 : i32 = i;
        if ((x_26 < 4i)) {
        } else {
          break;
        }
        let x_33 : i32 = i;
        let x_36 : f32 = bone_indices0[x_33];
        bone_idx = i32(x_36);
        let x_41 : i32 = i;
        let x_43 : f32 = bone_weights0[x_41];
        weight = x_43;
        let x_44 : f32 = weight;
        if ((x_44 > 0.0f)) {
          let x_58 : i32 = bone_idx;
          let x_61 : mat4x4f = x_56.bone_matrices[x_58];
          bone_transform = x_61;
          let x_62 : mat4x4f = bone_transform;
          let x_65 : vec3f = position0;
          let x_72 : f32 = weight;
          let x_74 : vec4f = skinned_pos;
          skinned_pos = (x_74 + ((x_62 * vec4f(x_65.x, x_65.y, x_65.z, 1.0f)) * x_72));
          let x_76 : mat4x4f = bone_transform;
          let x_78 : vec4f = x_76[0u];
          let x_80 : vec4f = x_76[1u];
          let x_82 : vec4f = x_76[2u];
          let x_86 : vec3f = normal0;
          let x_88 : f32 = weight;
          let x_90 : vec3f = skinned_normal;
          skinned_normal = (x_90 + ((mat3x3f(vec3f(x_78.x, x_78.y, x_78.z), vec3f(x_80.x, x_80.y, x_80.z), vec3f(x_82.x, x_82.y, x_82.z)) * x_86) * x_88));
          let x_92 : mat4x4f = bone_transform;
          let x_93 : vec4f = x_92[0u];
          let x_95 : vec4f = x_92[1u];
          let x_97 : vec4f = x_92[2u];
          let x_101 : vec4f = tangent0;
          let x_104 : f32 = weight;
          let x_106 : vec3f = skinned_tangent;
          skinned_tangent = (x_106 + ((mat3x3f(vec3f(x_93.x, x_93.y, x_93.z), vec3f(x_95.x, x_95.y, x_95.z), vec3f(x_97.x, x_97.y, x_97.z)) * vec3f(x_101.x, x_101.y, x_101.z)) * x_104));
        }

        continuing {
          let x_108 : i32 = i;
          i = (x_108 + 1i);
        }
      }
      let x_113 : mat4x4f = x_56.model;
      let x_114 : vec4f = skinned_pos;
      world_pos = (x_113 * x_114);
      let x_118 : vec4f = world_pos;
      frag_pos = vec3f(x_118.x, x_118.y, x_118.z);
      let x_125 : vec4f = x_56.normal_mat_c0;
      let x_126 : vec3f = vec3f(x_125.x, x_125.y, x_125.z);
      let x_129 : vec4f = x_56.normal_mat_c1;
      let x_130 : vec3f = vec3f(x_129.x, x_129.y, x_129.z);
      let x_132 : vec4f = x_56.normal_mat_c2;
      let x_133 : vec3f = vec3f(x_132.x, x_132.y, x_132.z);
      normal_mat = mat3x3f(vec3f(x_126.x, x_126.y, x_126.z), vec3f(x_130.x, x_130.y, x_130.z), vec3f(x_133.x, x_133.y, x_133.z));
      let x_148 : mat3x3f = normal_mat;
      let x_149 : vec3f = skinned_normal;
      frag_normal = normalize((x_148 * x_149));
      let x_153 : mat3x3f = normal_mat;
      let x_154 : vec3f = skinned_tangent;
      frag_tangent = normalize((x_153 * x_154));
      let x_158 : vec3f = frag_normal;
      let x_159 : vec3f = frag_tangent;
      let x_163 : f32 = tangent0.w;
      frag_bitangent = (cross(x_158, x_159) * x_163);
      let x_170 : vec2f = texcoord0;
      frag_uv = x_170;
      let x_177 : mat4x4f = x_56.mvp;
      let x_178 : vec4f = skinned_pos;
      gl_Position = (x_177 * x_178);
      return;
    }

    struct main_out {
      @location(0)
      frag_pos_1 : vec3f,
      @location(1)
      frag_normal_1 : vec3f,
      @location(3)
      frag_tangent_1 : vec3f,
      @location(4)
      frag_bitangent_1 : vec3f,
      @location(2)
      frag_uv_1 : vec2f,
      @builtin(position)
      gl_Position : vec4f,
    }

    @vertex
    fn main(@location(4) bone_indices0_param : vec4f, @location(5) bone_weights0_param : vec4f, @location(0) position0_param : vec3f, @location(1) normal0_param : vec3f, @location(3) tangent0_param : vec4f, @location(2) texcoord0_param : vec2f) -> main_out {
      bone_indices0 = bone_indices0_param;
      bone_weights0 = bone_weights0_param;
      position0 = position0_param;
      normal0 = normal0_param;
      tangent0 = tangent0_param;
      texcoord0 = texcoord0_param;
      main_1();
      return main_out(frag_pos, frag_normal, frag_tangent, frag_bitangent, frag_uv, gl_Position);
    }

*/
static const uint8_t mesh3d_skinned_vs_source_wgsl[4829] = {
    0x64,0x69,0x61,0x67,0x6e,0x6f,0x73,0x74,0x69,0x63,0x28,0x6f,0x66,0x66,0x2c,0x20,
    0x64,0x65,0x72,0x69,0x76,0x61,0x74,0x69,0x76,0x65,0x5f,0x75,0x6e,0x69,0x66,0x6f,
    0x72,0x6d,0x69,0x74,0x79,0x29,0x3b,0x0a,0x0a,0x61,0x6c,0x69,0x61,0x73,0x20,0x41,
    0x72,0x72,0x20,0x3d,0x20,0x61,0x72,0x72,0x61,0x79,0x3c,0x6d,0x61,0x74,0x34,0x78,
    0x34,0x66,0x2c,0x20,0x36,0x34,0x75,0x3e,0x3b,0x0a,0x0a,0x73,0x74,0x72,0x75,0x63,
    0x74,0x20,0x6d,0x65,0x73,0x68,0x33,0x64,0x5f,0x73,0x6b,0x69,0x6e,0x6e,0x65,0x64,
    0x5f,0x76,0x73,0x5f,0x70,0x61,0x72,0x61,0x6d,0x73,0x20,0x7b,0x0a,0x20,0x20,0x2f,
    0x2a,0x20,0x40,0x6f,0x66,0x66,0x73,0x65,0x74,0x28,0x30,0x29,0x20,0x2a,0x2f,0x0a,
    0x20,0x20,0x6d,0x76,0x70,0x20,0x3a,0x20,0x6d,0x61,0x74,0x34,0x78,0x34,0x66,0x2c,
    0x0a,0x20,0x20,0x2f,0x2a,0x20,0x40,0x6f,0x66,0x66,0x73,0x65,0x74,0x28,0x36,0x34,
    0x29,0x20,0x2a,0x2f,0x0a,0x20,0x20,0x6d,0x6f,0x64,0x65,0x6c,0x20,0x3a,0x20,0x6d,
    0x61,0x74,0x34,0x78,0x34,0x66,0x2c,0x0a,0x20,0x20,0x2f,0x2a,0x20,0x40,0x6f,0x66,
    0x66,0x73,0x65,0x74,0x28,0x31,0x32,0x38,0x29,0x20,0x2a,0x2f,0x0a,0x20,0x20,0x6e,
    0x6f,0x72,0x6d,0x61,0x6c,0x5f,0x6d,0x61,0x74,0x5f,0x63,0x30,0x20,0x3a,0x20,0x76,
    0x65,0x63,0x34,0x66,0x2c,0x0a,0x20,0x20,0x2f,0x2a,0x20,0x40,0x6f,0x66,0x66,0x73,
    0x65,0x74,0x28,0x31,0x34,0x34,0x29,0x20,0x2a,0x2f,0x0a,0x20,0x20,0x6e,0x6f,0x72,
    0x6d,0x61,0x6c,0x5f,0x6d,0x61,0x74,0x5f,0x63,0x31,0x20,0x3a,0x20,0x76,0x65,0x63,
    0x34,0x66,0x2c,0x0a,0x20,0x20,0x2f,0x2a,0x20,0x40,0x6f,0x66,0x66,0x73,0x65,0x74,
    0x28,0x31,0x36,0x30,0x29,0x20,0x2a,0x2f,0x0a,0x20,0x20,0x6e,0x6f,0x72,0x6d,0x61,
    0x6c,0x5f,0x6d,0x61,0x74,0x5f,0x63,0x32,0x20,0x3a,0x20,0x76,0x65,0x63,0x34,0x66,
    0x2c,0x0a,0x20,0x20,0x2f,0x2a,0x20,0x40,0x6f,0x66,0x66,0x73,0x65,0x74,0x28,0x31,
    0x37,0x36,0x29,0x20,0x2a,0x2f,0x0a,0x20,0x20,0x62,0x6f,0x6e,0x65,0x5f,0x6d,0x61,
    0x74,0x72,0x69,0x63,0x65,0x73,0x20,0x3a,0x20,0x41,0x72,0x72,0x2c,0x0a,0x7d,0x0a,
    0x0a,0x76,0x61,0x72,0x3c,0x70,0x72,0x69,0x76,0x61,0x74,0x65,0x3e,0x20,0x62,0x6f,
    0x6e,0x65,0x5f,0x69,0x6e,0x64,0x69,0x63,0x65,0x73,0x30,0x20,0x3a,0x20,0x76,0x65,
    0x63,0x34,0x66,0x3b,0x0a,0x0a,0x76,0x61,0x72,0x3c,0x70,0x72,0x69,0x76,0x61,0x74,
    0x65,0x3e,0x20,0x62,0x6f,0x6e,0x65,0x5f,0x77,0x65,0x69,0x67,0x68,0x74,0x73,0x30,
    0x20,0x3a,0x20,0x76,0x65,0x63,0x34,0x66,0x3b,0x0a,0x0a,0x40,0x67,0x72,0x6f,0x75,
    0x70,0x28,0x30,0x29,0x20,0x40,0x62,0x69,0x6e,0x64,0x69,0x6e,0x67,0x28,0x30,0x29,
    0x20,0x76,0x61,0x72,0x3c,0x75,0x6e,0x69,0x66,0x6f,0x72,0x6d,0x3e,0x20,0x78,0x5f,
    0x35,0x36,0x20,0x3a,0x20,0x6d,0x65,0x73,0x68,0x33,0x64,0x5f,0x73,0x6b,0x69,0x6e,
    0x6e,0x65,0x64,0x5f,0x76,0x73,0x5f,0x70,0x61,0x72,0x61,0x6d,0x73,0x3b,0x0a,0x0a,
    0x76,0x61,0x72,0x3c,0x70,0x72,0x69,0x76,0x61,0x74,0x65,0x3e,0x20,0x70,0x6f,0x73,
    0x69,0x74,0x69,0x6f,0x6e,0x30,0x20,0x3a,0x20,0x76,0x65,0x63,0x33,0x66,0x3b,0x0a,
    0x0a,0x76,0x61,0x72,0x3c,0x70,0x72,0x69,0x76,0x61,0x74,0x65,0x3e,0x20,0x6e,0x6f,
    0x72,0x6d,0x61,0x6c,0x30,0x20,0x3a,0x20,0x76,0x65,0x63,0x33,0x66,0x3b,0x0a,0x0a,
    0x76,0x61,0x72,0x3c,0x70,0x72,0x69,0x76,0x61,0x74,0x65,0x3e,0x20,0x74,0x61,0x6e,
    0x67,0x65,0x6e,0x74,0x30,0x20,0x3a,0x20,0x76,0x65,0x63,0x34,0x66,0x3b,0x0a,0x0a,
    0x76,0x61,0x72,0x3c,0x70,0x72,0x69,0x76,0x61,0x74,0x65,0x3e,0x20,0x66,0x72,0x61,
    0x67,0x5f,0x70,0x6f,0x73,0x20,0x3a,0x20,0x76,0x65,0x63,0x33,0x66,0x3b,0x0a,0x0a,
    0x76,0x61,0x72,0x3c,0x70,0x72,0x69,0x76,0x61,0x74,0x65,0x3e,0x20,0x66,0x72,0x61,
    0x67,0x5f,0x6e,0x6f,0x72,0x6d,0x61,0x6c,0x20,0x3a,0x20,0x76,0x65,0x63,0x33,0x66,
    0x3b,0x0a,0x0a,0x76,0x61,0x72,0x3c,0x70,0x72,0x69,0x76,0x61,0x74,0x65,0x3e,0x20,
    0x66,0x72,0x61,0x67,0x5f,0x74,0x61,0x6e,0x67,0x65,0x6e,0x74,0x20,0x3a,0x20,0x76,
    0x65,0x63,0x33,0x66,0x3b,0x0a,0x0a,0x76,0x61,0x72,0x3c,0x70,0x72,0x69,0x76,0x61,
    0x74,0x65,0x3e,0x20,0x66,0x72,0x61,0x67,0x5f,0x62,0x69,0x74,0x61,0x6e,0x67,0x65,
    0x6e,0x74,0x20,0x3a,0x20,0x76,0x65,0x63,0x33,0x66,0x3b,0x0a,0x0a,0x76,0x61,0x72,
    0x3c,0x70,0x72,0x69,0x76,0x61,0x74,0x65,0x3e,0x20,0x66,0x72,0x61,0x67,0x5f,0x75,
    0x76,0x20,0x3a,0x20,0x76,0x65,0x63,0x32,0x66,0x3b,0x0a,0x0a,0x76,0x61,0x72,0x3c,
    0x70,0x72,0x69,0x76,0x61,0x74,0x65,0x3e,0x20,0x74,0x65,0x78,0x63,0x6f,0x6f,0x72,
    0x64,0x30,0x20,0x3a,0x20,0x76,0x65,0x63,0x32,0x66,0x3b,0x0a,0x0a,0x76,0x61,0x72,
    0x3c,0x70,0x72,0x69,0x76,0x61,0x74,0x65,0x3e,0x20,0x67,0x6c,0x5f,0x50,0x6f,0x73,
    0x69,0x74,0x69,0x6f,0x6e,0x20,0x3a,0x20,0x76,0x65,0x63,0x34,0x66,0x3b,0x0a,0x0a,
    0x63,0x6f,0x6e,0x73,0x74,0x20,0x78,0x5f,0x31,0x35,0x20,0x3d,0x20,0x76,0x65,0x63,
    0x33,0x66,0x28,0x30,0x2e,0x30,0x66,0x2c,0x20,0x30,0x2e,0x30,0x66,0x2c,0x20,0x30,
    0x2e,0x30,0x66,0x29,0x3b,0x0a,0x0a,0x66,0x6e,0x20,0x6d,0x61,0x69,0x6e,0x5f,0x31,
    0x28,0x29,0x20,0x7b,0x0a,0x20,0x20,0x76,0x61,0x72,0x20,0x73,0x6b,0x69,0x6e,0x6e,
    0x65,0x64,0x5f,0x70,0x6f,0x73,0x20,0x3a,0x20,0x76,0x65,0x63,0x34,0x66,0x3b,0x0a,
    0x20,0x20,0x76,0x61,0x72,0x20,0x73,0x6b,0x69,0x6e,0x6e,0x65,0x64,0x5f,0x6e,0x6f,
    0x72,0x6d,0x61,0x6c,0x20,0x3a,0x20,0x76,0x65,0x63,0x33,0x66,0x3b,0x0a,0x20,0x20,
    0x76,0x61,0x72,0x20,0x73,0x6b,0x69,0x6e,0x6e,0x65,0x64,0x5f,0x74,0x61,0x6e,0x67,
    0x65,0x6e,0x74,0x20,0x3a,0x20,0x76,0x65,0x63,0x33,0x66,0x3b,0x0a,0x20,0x20,0x76,
    0x61,0x72,0x20,0x69,0x20,0x3a,0x20,0x69,0x33,0x32,0x3b,0x0a,0x20,0x20,0x76,0x61,
    0x72,0x20,0x62,0x6f,0x6e,0x65,0x5f,0x69,0x64,0x78,0x20,0x3a,0x20,0x69,0x33,0x32,
    0x3b,0x0a,0x20,0x20,0x76,0x61,0x72,0x20,0x77,0x65,0x69,0x67,0x68,0x74,0x20,0x3a,
    0x20,0x66,0x33,0x32,0x3b,0x0a,0x20,0x20,0x76,0x61,0x72,0x20,0x62,0x6f,0x6e,0x65,
    0x5f,0x74,0x72,0x61,0x6e,0x73,0x66,0x6f,0x72,0x6d,0x20,0x3a,0x20,0x6d,0x61,0x74,
    0x34,0x78,0x34,0x66,0x3b,0x0a,0x20,0x20,0x76,0x61,0x72,0x20,0x77,0x6f,0x72,0x6c,
    0x64,0x5f,0x70,0x6f,0x73,0x20,0x3a,0x20,0x76,0x65,0x63,0x34,0x66,0x3b,0x0a,0x20,
    0x20,0x76,0x61,0x72,0x20,0x6e,0x6f,0x72,0x6d,0x61,0x6c,0x5f,0x6d,0x61,0x74,0x20,
    0x3a,0x20,0x6d,0x61,0x74,0x33,0x78,0x33,0x66,0x3b,0x0a,0x20,0x20,0x73,0x6b,0x69,
    0x6e,0x6e,0x65,0x64,0x5f,0x70,0x6f,0x73,0x20,0x3d,0x20,0x76,0x65,0x63,0x34,0x66,
    0x28,0x30,0x2e,0x30,0x66,0x2c,0x20,0x30,0x2e,0x30,0x66,0x2c,0x20,0x30,0x2e,0x30,
    0x66,0x2c,0x20,0x30,0x2e,0x30,0x66,0x29,0x3b,0x0a,0x20,0x20,0x73,0x6b,0x69,0x6e,
    0x6e,0x65,0x64,0x5f,0x6e,0x6f,0x72,0x6d,0x61,0x6c,0x20,0x3d,0x20,0x78,0x5f,0x31,
    0x35,0x3b,0x0a,0x20,0x20,0x73,0x6b,0x69,0x6e,0x6e,0x65,0x64,0x5f,0x74,0x61,0x6e,
    0x67,0x65,0x6e,0x74,0x20,0x3d,0x20,0x78,0x5f,0x31,0x35,0x3b,0x0a,0x20,0x20,0x69,
    0x20,0x3d,0x20,0x30,0x69,0x3b,0x0a,0x20,0x20,0x6c,0x6f,0x6f,0x70,0x20,0x7b,0x0a,
    0x20,0x20,0x20,0x20,0x6c,0x65,0x74,0x20,0x78,0x5f,0x32,0x36,0x20,0x3a,0x20,0x69,
    0x33,0x32,0x20,0x3d,0x20,0x69,0x3b,0x0a,0x20,0x20,0x20,0x20,0x69,0x66,0x20,0x28,
    0x28,0x78,0x5f,0x32,0x36,0x20,0x3c,0x20,0x34,0x69,0x29,0x29,0x20,0x7b,0x0a,0x20,
    0x20,0x20,0x20,0x7d,0x20,0x65,0x6c,0x73,0x65,0x20,0x7b,0x0a,0x20,0x20,0x20,0x20,
    0x20,0x20,0x62,0x72,0x65,0x61,0x6b,0x3b,0x0a,0x20,0x20,0x20,0x20,0x7d,0x0a,0x20,
    0x20,0x20,0x20,0x6c,0x65,0x74,0x20,0x78,0x5f,0x33,0x33,0x20,0x3a,0x20,0x69,0x33,
    0x32,0x20,0x3d,0x20,0x69,0x3b,0x0a,0x20,0x20,0x20,0x20,0x6c,0x65,0x74,0x20,0x78,
    0x5f,0x33,0x36,0x20,0x3a,0x20,0x66,0x33,0x32,0x20,0x3d,0x20,0x62,0x6f,0x6e,0x65,
    0x5f,0x69,0x6e,0x64,0x69,0x63,0x65,0x73,0x30,0x5b,0x78,0x5f,0x33,0x33,0x5d,0x3b,
    0x0a,0x20,0x20,0x20,0x20,0x62,0x6f,0x6e,0x65,0x5f,0x69,0x64,0x78,0x20,0x3d,0x20,
    0x69,0x33,0x32,0x28,0x78,0x5f,0x33,0x36,0x29,0x3b,0x0a,0x20,0x20,0x20,0x20,0x6c,
    0x65,0x74,0x20,0x78,0x5f,0x34,0x31,0x20,0x3a,0x20,0x69,0x33,0x32,0x20,0x3d,0x20,
    0x69,0x3b,0x0a,0x20,0x20,0x20,0x20,0x6c,0x65,0x74,0x20,0x78,0x5f,0x34,0x33,0x20,
    0x3a,0x20,0x66,0x33,0x32,0x20,0x3d,0x20,0x62,0x6f,0x6e,0x65,0x5f,0x77,0x65,0x69,
    0x67,0x68,0x74,0x73,0x30,0x5b,0x78,0x5f,0x34,0x31,0x5d,0x3b,0x0a,0x20,0x20,0x20,
    0x20,0x77,0x65,0x69,0x67,0x68,0x74,0x20,0x3d,0x20,0x78,0x5f,0x34,0x33,0x3b,0x0a,
    0x20,0x20,0x20,0x20,0x6c,0x65,0x74,0x20,0x78,0x5f,0x34,0x34,0x20,0x3a,0x20,0x66,
    0x33,0x32,0x20,0x3d,0x20,0x77,0x65,0x69,0x67,0x68,0x74,0x3b,0x0a,0x20,0x20,0x20,
    0x20,0x69,0x66,0x20,0x28,0x28,0x78,0x5f,0x34,0x34,0x20,0x3e,0x20,0x30,0x2e,0x30,
    0x66,0x29,0x29,0x20,0x7b,0x0a,0x20,0x20,0x20,0x20,0x20,0x20,0x6c,0x65,0x74,0x20,
    0x78,0x5f,0x35,0x38,0x20,0x3a,0x20,0x69,0x33,0x32,0x20,0x3d,0x20,0x62,0x6f,0x6e,
    0x65,0x5f,0x69,0x64,0x78,0x3b,0x0a,0x20,0x20,0x20,0x20,0x20,0x20,0x6c,0x65,0x74,
    0x20,0x78,0x5f,0x36,0x31,0x20,0x3a,0x20,0x6d,0x61,0x74,0x34,0x78,0x34,0x66,0x20,
    0x3d,0x20,0x78,0x5f,0x35,0x36,0x2e,0x62,0x6f,0x6e,0x65,0x5f,0x6d,0x61,0x74,0x72,
    0x69,0x63,0x65,0x73,0x5b,0x78,0x5f,0x35,0x38,0x5d,0x3b,0x0a,0x20,0x20,0x20,0x20,
    0x20,0x20,0x62,0x6f,0x6e,0x65,0x5f,0x74,0x72,0x61,0x6e,0x73,0x66,0x6f,0x72,0x6d,
    0x20,0x3d,0x20,0x78,0x5f,0x36,0x31,0x3b,0x0a,0x20,0x20,0x20,0x20,0x20,0x20,0x6c,
    0x65,0x74,0x20,0x78,0x5f,0x36,0x32,0x20,0x3a,0x20,0x6d,0x61,0x74,0x34,0x78,0x34,
    0x66,0x20,0x3d,0x20,0x62,0x6f,0x6e,0x65,0x5f,0x74,0x72,0x61,0x6e,0x73,0x66,0x6f,
    0x72,0x6d,0x3b,0x0a,0x20,0x20,0x20,0x20,0x20,0x20,0x6c,0x65,0x74,0x20,0x78,0x5f,
    0x36,0x35,0x20,0x3a,0x20,0x76,0x65,0x63,0x33,0x66,0x20,0x3d,0x20,0x70,0x6f,0x73,
    0x69,0x74,0x69,0x6f,0x6e,0x30,0x3b,0x0a,0x20,0x20,0x20,0x20,0x20,0x20,0x6c,0x65,
    0x74,0x20,0x78,0x5f,0x37,0x32,0x20,0x3a,0x20,0x66,0x33,0x32,0x20,0x3d,0x20,0x77,
    0x65,0x69,0x67,0x68,0x74,0x3b,0x0a,0x20,0x20,0x20,0x20,0x20,0x20,0x6c,0x65,0x74,
    0x20,0x78,0x5f,0x37,0x34,0x20,0x3a,0x20,0x76,0x65,0x63,0x34,0x66,0x20,0x3d,0x20,
    0x73,0x6b,0x69,0x6e,0x6e,0x65,0x64,0x5f,0x70,0x6f,0x73,0x3b,0x0a,0x20,0x20,0x20,
    0x20,0x20,0x20,0x73,0x6b,0x69,0x6e,0x6e,0x65,0x64,0x5f,0x70,0x6f,0x73,0x20,0x3d,
    0x20,0x28,0x78,0x5f,0x37,0x34,0x20,0x2b,0x20,0x28,0x28,0x78,0x5f,0x36,0x32,0x20,
    0x2a,0x20,0x76,0x65,0x63,0x34,0x66,0x28,0x78,0x5f,0x36,0x35,0x2e,0x78,0x2c,0x20,
    0x78,0x5f,0x36,0x35,0x2e,0x79,0x2c,0x20,0x78,0x5f,0x36,0x35,0x2e,0x7a,0x2c,0x20,
    0x31,0x2e,0x30,0x66,0x29,0x29,0x20,0x2a,0x20,0x78,0x5f,0x37,0x32,0x29,0x29,0x3b,
    0x0a,0x20,0x20,0x20,0x20,0x20,0x20,0x6c,0x65,0x74,0x20,0x78,0x5f,0x37,0x36,0x20,
    0x3a,0x20,0x6d,0x61,0x74,0x34,0x78,0x34,0x66,0x20,0x3d,0x20,0x62,0x6f,0x6e,0x65,
    0x5f,0x74,0x72,0x61,0x6e,0x73,0x66,0x6f,0x72,0x6d,0x3b,0x0a,0x20,0x20,0x20,0x20,
    0x20,0x20,0x6c,0x65,0x74,0x20,0x78,0x5f,0x37,0x38,0x20,0x3a,0x20,0x76,0x65,0x63,
    0x34,0x66,0x20,0x3d,0x20,0x78,0x5f,0x37,0x36,0x5b,0x30,0x75,0x5d,0x3b,0x0a,0x20,
    0x20,0x20,0x20,0x20,0x20,0x6c,0x65,0x74,0x20,0x78,0x5f,0x38,0x30,0x20,0x3a,0x20,
    0x76,0x65,0x63,0x34,0x66,0x20,0x3d,0x20,0x78,0x5f,0x37,0x36,0x5b,0x31,0x75,0x5d,
    0x3b,0x0a,0x20,0x20,0x20,0x20,0x20,0x20,0x6c,0x65,0x74,0x20,0x78,0x5f,0x38,0x32,
    0x20,0x3a,0x20,0x76,0x65,0x63,0x34,0x66,0x20,0x3d,0x20,0x78,0x5f,0x37,0x36,0x5b,
    0x32,0x75,0x5d,0x3b,0x0a,0x20,0x20,0x20,0x20,0x20,0x20,0x6c,0x65,0x74,0x20,0x78,
    0x5f,0x38,0x36,0x20,0x3a,0x20,0x76,0x65,0x63,0x33,0x66,0x20,0x3d,0x20,0x6e,0x6f,
    0x72,0x6d,0x61,0x6c,0x30,0x3b,0x0a,0x20,0x20,0x20,0x20,0x20,0x20,0x6c,0x65,0x74,
    0x20,0x78,0x5f,0x38,0x38,0x20,0x3a,0x20,0x66,0x33,0x32,0x20,0x3d,0x20,0x77,0x65,
    0x69,0x67,0x68,0x74,0x3b,0x0a,0x20,0x20,0x20,0x20,0x20,0x20,0x6c,0x65,0x74,0x20,
    0x78,0x5f,0x39,0x30,0x20,0x3a,0x20,0x76,0x65,0x63,0x33,0x66,0x20,0x3d,0x20,0x73,
    0x6b,0x69,0x6e,0x6e,0x65,0x64,0x5f,0x6e,0x6f,0x72,0x6d,0x61,0x6c,0x3b,0x0a,0x20,
    0x20,0x20,0x20,0x20,0x20,0x73,0x6b,0x69,0x6e,0x6e,0x65,0x64,0x5f,0x6e,0x6f,0x72,
    0x6d,0x61,0x6c,0x20,0x3d,0x20,0x28,0x78,0x5f,0x39,0x30,0x20,0x2b,0x20,0x28,0x28,
    0x6d,0x61,0x74,0x33,0x78,0x33,0x66,0x28,0x76,0x65,0x63,0x33,0x66,0x28,0x78,0x5f,
    0x37,0x38,0x2e,0x78,0x2c,0x20,0x78,0x5f,0x37,0x38,0x2e,0x79,0x2c,0x20,0x78,0x5f,
    0x37,0x38,0x2e,0x7a,0x29,0x2c,0x20,0x76,0x65,0x63,0x33,0x66,0x28,0x78,0x5f,0x38,
    0x30,0x2e,0x78,0x2c,0x20,0x78,0x5f,0x38,0x30,0x2e,0x79,0x2c,0x20,0x78,0x5f,0x38,
    0x30,0x2e,0x7a,0x29,0x2c,0x20,0x76,0x65,0x63,0x33,0x66,0x28,0x78,0x5f,0x38,0x32,
    0x2e,0x78,0x2c,0x20,0x78,0x5f,0x38,0x32,0x2e,0x79,0x2c,0x20,0x78,0x5f,0x38,0x32,
    0x2e,0x7a,0x29,0x29,0x20,0x2a,0x20,0x78,0x5f,0x38,0x36,0x29,0x20,0x2a,0x20,0x78,
    0x5f,0x38,0x38,0x29,0x29,0x3b,0x0a,0x20,0x20,0x20,0x20,0x20,0x20,0x6c,0x65,0x74,
    0x20,0x78,0x5f,0x39,0x32,0x20,0x3a,0x20,0x6d,0x61,0x74,0x34,0x78,0x34,0x66,0x20,
    0x3d,0x20,0x62,0x6f,0x6e,0x65,0x5f,0x74,0x72,0x61,0x6e,0x73,0x66,0x6f,0x72,0x6d,
    0x3b,0x0a,0x20,0x20,0x20,0x20,0x20,0x20,0x6c,0x65,0x74,0x20,0x78,0x5f,0x39,0x33,
    0x20,0x3a,0x20,0x76,0x65,0x63,0x34,0x66,0x20,0x3d,0x20,0x78,0x5f,0x39,0x32,0x5b,
    0x30,0x75,0x5d,0x3b,0x0a,0x20,0x20,0x20,0x20,0x20,0x20,0x6c,0x65,0x74,0x20,0x78,
    0x5f,0x39,0x35,0x20,0x3a,0x20,0x76,0x65,0x63,0x34,0x66,0x20,0x3d,0x20,0x78,0x5f,
    0x39,0x32,0x5b,0x31,0x75,0x5d,0x3b,0x0a,0x20,0x20,0x20,0x20,0x20,0x20,0x6c,0x65,
    0x74,0x20,0x78,0x5f,0x39,0x37,0x20,0x3a,0x20,0x76,0x65,0x63,0x34,0x66,0x20,0x3d,
    0x20,0x78,0x5f,0x39,0x32,0x5b,0x32,0x75,0x5d,0x3b,0x0a,0x20,0x20,0x20,0x20,0x20,
    0x20,0x6c,0x65,0x74,0x20,0x78,0x5f,0x31,0x30,0x31,0x20,0x3a,0x20,0x76,0x65,0x63,
    0x34,0x66,0x20,0x3d,0x20,0x74,0x61,0x6e,0x67,0x65,0x6e,0x74,0x30,0x3b,0x0a,0x20,
    0x20,0x20,0x20,0x20,0x20,0x6c,0x65,0x74,0x20,0x78,0x5f,0x31,0x30,0x34,0x20,0x3a,
    0x20,0x66,0x33,0x32,0x20,0x3d,0x20,0x77,0x65,0x69,0x67,0x68,0x74,0x3b,0x0a,0x20,
    0x20,0x20,0x20,0x20,0x20,0x6c,0x65,0x74,0x20,0x78,0x5f,0x31,0x30,0x36,0x20,0x3a,
    0x20,0x76,0x65,0x63,0x33,0x66,0x20,0x3d,0x20,0x73,0x6b,0x69,0x6e,0x6e,0x65,0x64,
    0x5f,0x74,0x61,0x6e,0x67,0x65,0x6e,0x74,0x3b,0x0a,0x20,0x20,0x20,0x20,0x20,0x20,
    0x73,0x6b,0x69,0x6e,0x6e,0x65,0x64,0x5f,0x74,0x61,0x6e,0x67,0x65,0x6e,0x74,0x20,
    0x3d,0x20,0x28,0x78,0x5f,0x31,0x30,0x36,0x20,0x2b,0x20,0x28,0x28,0x6d,0x61,0x74,
    0x33,0x78,0x33,0x66,0x28,0x76,0x65,0x63,0x33,0x66,0x28,0x78,0x5f,0x39,0x33,0x2e,
    0x78,0x2c,0x20,0x78,0x5f,0x39,0x33,0x2e,0x79,0x2c,0x20,0x78,0x5f,0x39,0x33,0x2e,
    0x7a,0x29,0x2c,0x20,0x76,0x65,0x63,0x33,0x66,0x28,0x78,0x5f,0x39,0x35,0x2e,0x78,
    0x2c,0x20,0x78,0x5f,0x39,0x35,0x2e,0x79,0x2c,0x20,0x78,0x5f,0x39,0x35,0x2e,0x7a,
    0x29,0x2c,0x20,0x76,0x65,0x63,0x33,0x66,0x28,0x78,0x5f,0x39,0x37,0x2e,0x78,0x2c,
    0x20,0x78,0x5f,0x39,0x37,0x2e,0x79,0x2c,0x20,0x78,0x5f,0x39,0x37,0x2e,0x7a,0x29,
    0x29,0x20,0x2a,0x20,0x76,0x65,0x63,0x33,0x66,0x28,0x78,0x5f,0x31,0x30,0x31,0x2e,
    0x78,0x2c,0x20,0x78,0x5f,0x31,0x30,0x31,0x2e,0x79,0x2c,0x20,0x78,0x5f,0x31,0x30,
    0x31,0x2e,0x7a,0x29,0x29,0x20,0x2a,0x20,0x78,0x5f,0x31,0x30,0x34,0x29,0x29,0x3b,
    0x0a,0x20,0x20,0x20,0x20,0x7d,0x0a,0x0a,0x20,0x20,0x20,0x20,0x63,0x6f,0x6e,0x74,
    0x69,0x6e,0x75,0x69,0x6e,0x67,0x20,0x7b,0x0a,0x20,0x20,0x20,0x20,0x20,0x20,0x6c,
    0x65,0x74,0x20,0x78,0x5f,0x31,0x30,0x38,0x20,0x3a,0x20,0x69,0x33,0x32,0x20,0x3d,
    0x20,0x69,0x3b,0x0a,0x20,0x20,0x20,0x20,0x20,0x20,0x69,0x20,0x3d,0x20,0x28,0x78,
    0x5f,0x31,0x30,0x38,0x20,0x2b,0x20,0x31,0x69,0x29,0x3b,0x0a,0x20,0x20,0x20,0x20,
    0x7d,0x0a,0x20,0x20,0x7d,0x0a,0x20,0x20,0x6c,0x65,0x74,0x20,0x78,0x5f,0x31,0x31,
    0x33,0x20,0x3a,0x20,0x6d,0x61,0x74,0x34,0x78,0x34,0x66,0x20,0x3d,0x20,0x78,0x5f,
    0x35,0x36,0x2e,0x6d,0x6f,0x64,0x65,0x6c,0x3b,0x0a,0x20,0x20,0x6c,0x65,0x74,0x20,
    0x78,0x5f,0x31,0x31,0x34,0x20,0x3a,0x20,0x76,0x65,0x63,0x34,0x66,0x20,0x3d,0x20,
    0x73,0x6b,0x69,0x6e,0x6e,0x65,0x64,0x5f,0x70,0x6f,0x73,0x3b,0x0a,0x20,0x20,0x77,
    0x6f,0x72,0x6c,0x64,0x5f,0x70,0x6f,0x73,0x20,0x3d,0x20,0x28,0x78,0x5f,0x31,0x31,
    0x33,0x20,0x2a,0x20,0x78,0x5f,0x31,0x31,0x34,0x29,0x3b,0x0a,0x20,0x20,0x6c,0x65,
    0x74,0x20,0x78,0x5f,0x31,0x31,0x38,0x20,0x3a,0x20,0x76,0x65,0x63,0x34,0x66,0x20,
    0x3d,0x20,0x77,0x6f,0x72,0x6c,0x64,0x5f,0x70,0x6f,0x73,0x3b,0x0a,0x20,0x20,0x66,
    0x72,0x61,0x67,0x5f,0x70,0x6f,0x73,0x20,0x3d,0x20,0x76,0x65,0x63,0x33,0x66,0x28,
    0x78,0x5f,0x31,0x31,0x38,0x2e,0x78,0x2c,0x20,0x78,0x5f,0x31,0x31,0x38,0x2e,0x79,
    0x2c,0x20,0x78,0x5f,0x31,0x31,0x38,0x2e,0x7a,0x29,0x3b,0x0a,0x20,0x20,0x6c,0x65,
    0x74,0x20,0x78,0x5f,0x31,0x32,0x35,0x20,0x3a,0x20,0x76,0x65,0x63,0x34,0x66,0x20,
    0x3d,0x20,0x78,0x5f,0x35,0x36,0x2e,0x6e,0x6f,0x72,0x6d,0x61,0x6c,0x5f,0x6d,0x61,
    0x74,0x5f,0x63,0x30,0x3b,0x0a,0x20,0x20,0x6c,0x65,0x74,0x20,0x78,0x5f,0x31,0x32,
    0x36,0x20,0x3a,0x20,0x76,0x65,0x63,0x33,0x66,0x20,0x3d,0x20,0x76,0x65,0x63,0x33,
    0x66,0x28,0x78,0x5f,0x31,0x32,0x35,0x2e,0x78,0x2c,0x20,0x78,0x5f,0x31,0x32,0x35,
    0x2e,0x79,0x2c,0x20,0x78,0x5f,0x31,0x32,0x35,0x2e,0x7a,0x29,0x3b,0x0a,0x20,0x20,
    0x6c,0x65,0x74,0x20,0x78,0x5f,0x31,0x32,0x39,0x20,0x3a,0x20,0x76,0x65,0x63,0x34,
    0x66,0x20,0x3d,0x20,0x78,0x5f,0x35,0x36,0x2e,0x6e,0x6f,0x72,0x6d,0x61,0x6c,0x5f,
    0x6d,0x61,0x74,0x5f,0x63,0x31,0x3b,0x0a,0x20,0x20,0x6c,0x65,0x74,0x20,0x78,0x5f,
    0x31,0x33,0x30,0x20,0x3a,0x20,0x76,0x65,0x63,0x33,0x66,0x20,0x3d,0x20,0x76,0x65,
    0x63,0x33,0x66,0x28,0x78,0x5f,0x31,0x32,0x39,0x2e,0x78,0x2c,0x20,0x78,0x5f,0x31,
    0x32,0x39,0x2e,0x79,0x2c,0x20,0x78,0x5f,0x31,0x32,0x39,0x2e,0x7a,0x29,0x3b,0x0a,
    0x20,0x20,0x6c,0x65,0x74,0x20,0x78,0x5f,0x31,0x33,0x32,0x20,0x3a,0x20,0x76,0x65,
    0x63,0x34,0x66,0x20,0x3d,0x20,0x78,0x5f,0x35,0x36,0x2e,0x6e,0x6f,0x72,0x6d,0x61,
    0x6c,0x5f,0x6d,0x61,0x74,0x5f,0x63,0x32,0x3b,0x0a,0x20,0x20,0x6c,0x65,0x74,0x20,
    0x78,0x5f,0x31,0x33,0x33,0x20,0x3a,0x20,0x76,0x65,0x63,0x33,0x66,0x20,0x3d,0x20,
    0x76,0x65,0x63,0x33,0x66,0x28,0x78,0x5f,0x31,0x33,0x32,0x2e,0x78,0x2c,0x20,0x78,
    0x5f,0x31,0x33,0x32,0x2e,0x79,0x2c,0x20,0x78,0x5f,0x31,0x33,0x32,0x2e,0x7a,0x29,
    0x3b,0x0a,0x20,0x20,0x6e,0x6f,0x72,0x6d,0x61,0x6c,0x5f,0x6d,0x61,0x74,0x20,0x3d,
    0x20,0x6d,0x61,0x74,0x33,0x78,0x33,0x66,0x28,0x76,0x65,0x63,0x33,0x66,0x28,0x78,
    0x5f,0x31,0x32,0x36,0x2e,0x78,0x2c,0x20,0x78,0x5f,0x31,0x32,0x36,0x2e,0x79,0x2c,
    0x20,0x78,0x5f,0x31,0x32,0x36,0x2e,0x7a,0x29,0x2c,0x20,0x76,0x65,0x63,0x33,0x66,
    0x28,0x78,0x5f,0x31,0x33,0x30,0x2e,0x78,0x2c,0x20,0x78,0x5f,0x31,0x33,0x30,0x2e,
    0x79,0x2c,0x20,0x78,0x5f,0x31,0x33,0x30,0x2e,0x7a,0x29,0x2c,0x20,0x76,0x65,0x63,
    0x33,0x66,0x28,0x78,0x5f,0x31,0x33,0x33,0x2e,0x78,0x2c,0x20,0x78,0x5f,0x31,0x33,
    0x33,0x2e,0x79,0x2c,0x20,0x78,0x5f,0x31,0x33,0x33,0x2e,0x7a,0x29,0x29,0x3b,0x0a,
    0x20,0x20,0x6c,0x65,0x74,0x20,0x78,0x5f,0x31,0x34,0x38,0x20,0x3a,0x20,0x6d,0x61,
    0x74,0x33,0x78,0x33,0x66,0x20,0x3d,0x20,0x6e,0x6f,0x72,0x6d,0x61,0x6c,0x5f,0x6d,
    0x61,0x74,0x3b,0x0a,0x20,0x20,0x6c,0x65,0x74,0x20,0x78,0x5f,0x31,0x34,0x39,0x20,
    0x3a,0x20,0x76,0x65,0x63,0x33,0x66,0x20,0x3d,0x20,0x73,0x6b,0x69,0x6e,0x6e,0x65,
    0x64,0x5f,0x6e,0x6f,0x72,0x6d,0x61,0x6c,0x3b,0x0a,0x20,0x20,0x66,0x72,0x61,0x67,
    0x5f,0x6e,0x6f,0x72,0x6d,0x61,0x6c,0x20,0x3d,0x20,0x6e,0x6f,0x72,0x6d,0x61,0x6c,
    0x69,0x7a,0x65,0x28,0x28,0x78,0x5f,0x31,0x34,0x38,0x20,0x2a,0x20,0x78,0x5f,0x31,
    0x34,0x39,0x29,0x29,0x3b,0x0a,0x20,0x20,0x6c,0x65,0x74,0x20,0x78,0x5f,0x31,0x35,
    0x33,0x20,0x3a,0x20,0x6d,0x61,0x74,0x33,0x78,0x33,0x66,0x20,0x3d,0x20,0x6e,0x6f,
    0x72,0x6d,0x61,0x6c,0x5f,0x6d,0x61,0x74,0x3b,0x0a,0x20,0x20,0x6c,0x65,0x74,0x20,
    0x78,0x5f,0x31,0x35,0x34,0x20,0x3a,0x20,0x76,0x65,0x63,0x33,0x66,0x20,0x3d,0x20,
    0x73,0x6b,0x69,0x6e,0x6e,0x65,0x64,0x5f,0x74,0x61,0x6e,0x67,0x65,0x6e,0x74,0x3b,
    0x0a,0x20,0x20,0x66,0x72,0x61,0x67,0x5f,0x74,0x61,0x6e,0x67,0x65,0x6e,0x74,0x20,
    0x3d,0x20,0x6e,0x6f,0x72,0x6d,0x61,0x6c,0x69,0x7a,0x65,0x28,0x28,0x78,0x5f,0x31,
    0x35,0x33,0x20,0x2a,0x20,0x78,0x5f,0x31,0x35,0x34,0x29,0x29,0x3b,0x0a,0x20,0x20,
    0x6c,0x65,0x74,0x20,0x78,0x5f,0x31,0x35,0x38,0x20,0x3a,0x20,0x76,0x65,0x63,0x33,
    0x66,0x20,0x3d,0x20,0x66,0x72,0x61,0x67,0x5f,0x6e,0x6f,0x72,0x6d,0x61,0x6c,0x3b,
    0x0a,0x20,0x20,0x6c,0x65,0x74,0x20,0x78,0x5f,0x31,0x35,0x39,0x20,0x3a,0x20,0x76,
    0x65,0x63,0x33,0x66,0x20,0x3d,0x20,0x66,0x72,0x61,0x67,0x5f,0x74,0x61,0x6e,0x67,
    0x65,0x6e,0x74,0x3b,0x0a,0x20,0x20,0x6c,0x65,0x74,0x20,0x78,0x5f,0x31,0x36,0x33,
    0x20,0x3a,0x20,0x66,0x33,0x32,0x20,0x3d,0x20,0x74,0x61,0x6e,0x67,0x65,0x6e,0x74,
    0x30,0x2e,0x77,0x3b,0x0a,0x20,0x20,0x66,0x72,0x61,0x67,0x5f,0x62,0x69,0x74,0x61,
    0x6e,0x67,0x65,0x6e,0x74,0x20,0x3d,0x20,0x28,0x63,0x72,0x6f,0x73,0x73,0x28,0x78,
    0x5f,0x31,0x35,0x38,0x2c,0x20,0x78,0x5f,0x31,0x35,0x39,0x29,0x20,0x2a,0x20,0x78,
    0x5f,0x31,0x36,0x33,0x29,0x3b,0x0a,0x20,0x20,0x6c,0x65,0x74,0x20,0x78,0x5f,0x31,
    0x37,0x30,0x20,0x3a,0x20,0x76,0x65,0x63,0x32,0x66,0x20,0x3d,0x20,0x74,0x65,0x78,
    0x63,0x6f,0x6f,0x72,0x64,0x30,0x3b,0x0a,0x20,0x20,0x66,0x72,0x61,0x67,0x5f,0x75,
    0x76,0x20,0x3d,0x20,0x78,0x5f,0x31,0x37,0x30,0x3b,0x0a,0x20,0x20,0x6c,0x65,0x74,
    0x20,0x78,0x5f,0x31,0x37,0x37,0x20,0x3a,0x20,0x6d,0x61,0x74,0x34,0x78,0x34,0x66,
    0x20,0x3d,0x20,0x78,0x5f,0x35,0x36,0x2e,0x6d,0x76,0x70,0x3b,0x0a,0x20,0x20,0x6c,
    0x65,0x74,0x20,0x78,0x5f,0x31,0x37,0x38,0x20,0x3a,0x20,0x76,0x65,0x63,0x34,0x66,
    0x20,0x3d,0x20,0x73,0x6b,0x69,0x6e,0x6e,0x65,0x64,0x5f,0x70,0x6f,0x73,0x3b,0x0a,
    0x20,0x20,0x67,0x6c,0x5f,0x50,0x6f,0x73,0x69,0x74,0x69,0x6f,0x6e,0x20,0x3d,0x20,
    0x28,0x78,0x5f,0x31,0x37,0x37,0x20,0x2a,0x20,0x78,0x5f,0x31,0x37,0x38,0x29,0x3b,
    0x0a,0x20,0x20,0x72,0x65,0x74,0x75,0x72,0x6e,0x3b,0x0a,0x7d,0x0a,0x0a,0x73,0x74,
    0x72,0x75,0x63,0x74,0x20,0x6d,0x61,0x69,0x6e,0x5f,0x6f,0x75,0x74,0x20,0x7b,0x0a,
    0x20,0x20,0x40,0x6c,0x6f,0x63,0x61,0x74,0x69,0x6f,0x6e,0x28,0x30,0x29,0x0a,0x20,
    0x20,0x66,0x72,0x61,0x67,0x5f,0x70,0x6f,0x73,0x5f,0x31,0x20,0x3a,0x20,0x76,0x65,
    0x63,0x33,0x66,0x2c,0x0a,0x20,0x20,0x40,0x6c,0x6f,0x63,0x61,0x74,0x69,0x6f,0x6e,
    0x28,0x31,0x29,0x0a,0x20,0x20,0x66,0x72,0x61,0x67,0x5f,0x6e,0x6f,0x72,0x6d,0x61,
    0x6c,0x5f,0x31,0x20,0x3a,0x20,0x76,0x65,0x63,0x33,0x66,0x2c,0x0a,0x20,0x20,0x40,
    0x6c,0x6f,0x63,0x61,0x74,0x69,0x6f,0x6e,0x28,0x33,0x29,0x0a,0x20,0x20,0x66,0x72,
    0x61,0x67,0x5f,0x74,0x61,0x6e,0x67,0x65,0x6e,0x74,0x5f,0x31,0x20,0x3a,0x20,0x76,
    0x65,0x63,0x33,0x66,0x2c,0x0a,0x20,0x20,0x40,0x6c,0x6f,0x63,0x61,0x74,0x69,0x6f,
    0x6e,0x28,0x34,0x29,0x0a,0x20,0x20,0x66,0x72,0x61,0x67,0x5f,0x62,0x69,0x74,0x61,
    0x6e,0x67,0x65,0x6e,0x74,0x5f,0x31,0x20,0x3a,0x20,0x76,0x65,0x63,0x33,0x66,0x2c,
    0x0a,0x20,0x20,0x40,0x6c,0x6f,0x63,0x61,0x74,0x69,0x6f,0x6e,0x28,0x32,0x29,0x0a,
    0x20,0x20,0x66,0x72,0x61,0x67,0x5f,0x75,0x76,0x5f,0x31,0x20,0x3a,0x20,0x76,0x65,
    0x63,0x32,0x66,0x2c,0x0a,0x20,0x20,0x40,0x62,0x75,0x69,0x6c,0x74,0x69,0x6e,0x28,
    0x70,0x6f,0x73,0x69,0x74,0x69,0x6f,0x6e,0x29,0x0a,0x20,0x20,0x67,0x6c,0x5f,0x50,
    0x6f,0x73,0x69,0x74,0x69,0x6f,0x6e,0x20,0x3a,0x20,0x76,0x65,0x63,0x34,0x66,0x2c,
    0x0a,0x7d,0x0a,0x0a,0x40,0x76,0x65,0x72,0x74,0x65,0x78,0x0a,0x66,0x6e,0x20,0x6d,
    0x61,0x69,0x6e,0x28,0x40,0x6c,0x6f,0x63,0x61,0x74,0x69,0x6f,0x6e,0x28,0x34,0x29,
    0x20,0x62,0x6f,0x6e,0x65,0x5f,0x69,0x6e,0x64,0x69,0x63,0x65,0x73,0x30,0x5f,0x70,
    0x61,0x72,0x61,0x6d,0x20,0x3a,0x20,0x76,0x65,0x63,0x34,0x66,0x2c,0x20,0x40,0x6c,
    0x6f,0x63,0x61,0x74,0x69,0x6f,0x6e,0x28,0x35,0x29,0x20,0x62,0x6f,0x6e,0x65,0x5f,
    0x77,0x65,0x69,0x67,0x68,0x74,0x73,0x30,0x5f,0x70,0x61,0x72,0x61,0x6d,0x20,0x3a,
    0x20,0x76,0x65,0x63,0x34,0x66,0x2c,0x20,0x40,0x6c,0x6f,0x63,0x61,0x74,0x69,0x6f,
    0x6e,0x28,0x30,0x29,0x20,0x70,0x6f,0x73,0x69,0x74,0x69,0x6f,0x6e,0x30,0x5f,0x70,
    0x61,0x72,0x61,0x6d,0x20,0x3a,0x20,0x76,0x65,0x63,0x33,0x66,0x2c,0x20,0x40,0x6c,
    0x6f,0x63,0x61,0x74,0x69,0x6f,0x6e,0x28,0x31,0x29,0x20,0x6e,0x6f,0x72,0x6d,0x61,
    0x6c,0x30,0x5f,0x70,0x61,0x72,0x61,0x6d,0x20,0x3a,0x20,0x76,0x65,0x63,0x33,0x66,
    0x2c,0x20,0x40,0x6c,0x6f,0x63,0x61,0x74,0x69,0x6f,0x6e,0x28,0x33,0x29,0x20,0x74,
    0x61,0x6e,0x67,0x65,0x6e,0x74,0x30,0x5f,0x70,0x61,0x72,0x61,0x6d,0x20,0x3a,0x20,
    0x76,0x65,0x63,0x34,0x66,0x2c,0x20,0x40,0x6c,0x6f,0x63,0x61,0x74,0x69,0x6f,0x6e,
    0x28,0x32,0x29,0x20,0x74,0x65,0x78,0x63,0x6f,0x6f,0x72,0x64,0x30,0x5f,0x70,0x61,
    0x72,0x61,0x6d,0x20,0x3a,0x20,0x76,0x65,0x63,0x32,0x66,0x29,0x20,0x2d,0x3e,0x20,
    0x6d,0x61,0x69,0x6e,0x5f,0x6f,0x75,0x74,0x20,0x7b,0x0a,0x20,0x20,0x62,0x6f,0x6e,
    0x65,0x5f,0x69,0x6e,0x64,0x69,0x63,0x65,0x73,0x30,0x20,0x3d,0x20,0x62,0x6f,0x6e,
    0x65,0x5f,0x69,0x6e,0x64,0x69,0x63,0x65,0x73,0x30,0x5f,0x70,0x61,0x72,0x61,0x6d,
    0x3b,0x0a,0x20,0x20,0x62,0x6f,0x6e,0x65,0x5f,0x77,0x65,0x69,0x67,0x68,0x74,0x73,
    0x30,0x20,0x3d,0x20,0x62,0x6f,0x6e,0x65,0x5f,0x77,0x65,0x69,0x67,0x68,0x74,0x73,
    0x30,0x5f,0x70,0x61,0x72,0x61,0x6d,0x3b,0x0a,0x20,0x20,0x70,0x6f,0x73,0x69,0x74,
    0x69,0x6f,0x6e,0x30,0x20,0x3d,0x20,0x70,0x6f,0x73,0x69,0x74,0x69,0x6f,0x6e,0x30,
    0x5f,0x70,0x61,0x72,0x61,0x6d,0x3b,0x0a,0x20,0x20,0x6e,0x6f,0x72,0x6d,0x61,0x6c,
    0x30,0x20,0x3d,0x20,0x6e,0x6f,0x72,0x6d,0x61,0x6c,0x30,0x5f,0x70,0x61,0x72,0x61,
    0x6d,0x3b,0x0a,0x20,0x20,0x74,0x61,0x6e,0x67,0x65,0x6e,0x74,0x30,0x20,0x3d,0x20,
    0x74,0x61,0x6e,0x67,0x65,0x6e,0x74,0x30,0x5f,0x70,0x61,0x72,0x61,0x6d,0x3b,0x0a,
    0x20,0x20,0x74,0x65,0x78,0x63,0x6f,0x6f,0x72,0x64,0x30,0x20,0x3d,0x20,0x74,0x65,
    0x78,0x63,0x6f,0x6f,0x72,0x64,0x30,0x5f,0x70,0x61,0x72,0x61,0x6d,0x3b,0x0a,0x20,
    0x20,0x6d,0x61,0x69,0x6e,0x5f,0x31,0x28,0x29,0x3b,0x0a,0x20,0x20,0x72,0x65,0x74,
    0x75,0x72,0x6e,0x20,0x6d,0x61,0x69,0x6e,0x5f,0x6f,0x75,0x74,0x28,0x66,0x72,0x61,
    0x67,0x5f,0x70,0x6f,0x73,0x2c,0x20,0x66,0x72,0x61,0x67,0x5f,0x6e,0x6f,0x72,0x6d,
    0x61,0x6c,0x2c,0x20,0x66,0x72,0x61,0x67,0x5f,0x74,0x61,0x6e,0x67,0x65,0x6e,0x74,
    0x2c,0x20,0x66,0x72,0x61,0x67,0x5f,0x62,0x69,0x74,0x61,0x6e,0x67,0x65,0x6e,0x74,
    0x2c,0x20,0x66,0x72,0x61,0x67,0x5f,0x75,0x76,0x2c,0x20,0x67,0x6c,0x5f,0x50,0x6f,
    0x73,0x69,0x74,0x69,0x6f,0x6e,0x29,0x3b,0x0a,0x7d,0x0a,0x0a,0x00,
};
/*
    diagnostic(off, derivative_uniformity);

    alias Arr = array<vec4f, 8u>;

    alias Arr_1 = array<vec4f, 8u>;

    struct mesh3d_skinned_fs_params {
      /_ @offset(0) _/
      camera_pos_and_ambient : vec4f,
      /_ @offset(16) _/
      base_color : vec4f,
      /_ @offset(32) _/
      material_props : vec4f,
      /_ @offset(48) _/
      light_pos_type : Arr_1,
      /_ @offset(176) _/
      light_color_range : Arr_1,
      /_ @offset(304) _/
      light_count : vec4f,
    }

    @group(0) @binding(8) var<uniform> x_17 : mesh3d_skinned_fs_params;

    @group(1) @binding(64) var diffuse_tex : texture_2d<f32>;

    @group(1) @binding(80) var default_sampler : sampler;

    var<private> frag_uv : vec2f;

    var<private> frag_tangent : vec3f;

    var<private> frag_bitangent : vec3f;

    var<private> frag_normal : vec3f;

    @group(1) @binding(65) var normal_tex : texture_2d<f32>;

    @group(1) @binding(66) var emissive_tex : texture_2d<f32>;

    @group(1) @binding(67) var roughness_tex : texture_2d<f32>;

    var<private> frag_pos : vec3f;

    var<private> col_out : vec4f;

    const x_144 = vec3f(0.0f, 0.0f, 0.0f);

    fn main_1() {
      var camera_pos : vec3f;
      var ambient_strength : f32;
      var specular_strength : f32;
      var shininess : f32;
      var emissive_strength : f32;
      var tex_col : vec4f;
      var TBN : mat3x3f;
      var normal_sample : vec3f;
      var norm : vec3f;
      var emissive : vec3f;
      var roughness : f32;
      var effective_shininess : f32;
      var view_dir : vec3f;
      var num_lights : i32;
      var total_diffuse : vec3f;
      var total_specular : vec3f;
      var ambient_color : vec3f;
      var i : i32;
      var l_color : vec3f;
      var l_type : f32;
      var attenuation : f32;
      var light_dir : vec3f;
      var to_light : vec3f;
      var dist : f32;
      var range : f32;
      var diff : f32;
      var halfway : vec3f;
      var spec : f32;
      var ambient : vec3f;
      var result : vec3f;
      let x_22 : vec4f = x_17.camera_pos_and_ambient;
      camera_pos = vec3f(x_22.x, x_22.y, x_22.z);
      let x_29 : f32 = x_17.camera_pos_and_ambient.w;
      ambient_strength = x_29;
      let x_34 : f32 = x_17.material_props.x;
      specular_strength = x_34;
      let x_38 : f32 = x_17.material_props.y;
      shininess = x_38;
      let x_42 : f32 = x_17.material_props.z;
      emissive_strength = x_42;
      let x_58 : vec2f = frag_uv;
      let x_59 : vec4f = textureSample(diffuse_tex, default_sampler, x_58);
      tex_col = x_59;
      let x_65 : vec3f = frag_tangent;
      let x_66 : vec3f = normalize(x_65);
      let x_68 : vec3f = frag_bitangent;
      let x_69 : vec3f = normalize(x_68);
      let x_71 : vec3f = frag_normal;
      let x_72 : vec3f = normalize(x_71);
      TBN = mat3x3f(vec3f(x_66.x, x_66.y, x_66.z), vec3f(x_69.x, x_69.y, x_69.z), vec3f(x_72.x, x_72.y, x_72.z));
      let x_93 : vec2f = frag_uv;
      let x_94 : vec4f = textureSample(normal_tex, default_sampler, x_93);
      normal_sample = vec3f(x_94.x, x_94.y, x_94.z);
      let x_96 : vec3f = normal_sample;
      normal_sample = ((x_96 * 2.0f) - vec3f(1.0f, 1.0f, 1.0f));
      let x_102 : mat3x3f = TBN;
      let x_103 : vec3f = normal_sample;
      norm = normalize((x_102 * x_103));
      let x_111 : vec2f = frag_uv;
      let x_112 : vec4f = textureSample(emissive_tex, default_sampler, x_111);
      let x_114 : f32 = emissive_strength;
      emissive = (vec3f(x_112.x, x_112.y, x_112.z) * x_114);
      let x_121 : vec2f = frag_uv;
      let x_122 : vec4f = textureSample(roughness_tex, default_sampler, x_121);
      roughness = x_122.x;
      let x_125 : f32 = shininess;
      let x_126 : f32 = roughness;
      effective_shininess = (x_125 * max((1.0f - x_126), 0.00999999977648258209f));
      let x_132 : vec3f = camera_pos;
      let x_134 : vec3f = frag_pos;
      view_dir = normalize((x_132 - x_134));
      let x_141 : f32 = x_17.light_count.x;
      num_lights = i32(x_141);
      total_diffuse = x_144;
      total_specular = x_144;
      ambient_color = vec3f(1.0f, 1.0f, 1.0f);
      i = 0i;
      loop {
        let x_154 : i32 = i;
        if ((x_154 < 8i)) {
        } else {
          break;
        }
        let x_158 : i32 = i;
        let x_159 : i32 = num_lights;
        if ((x_158 >= x_159)) {
          break;
        }
        let x_166 : i32 = i;
        let x_168 : vec4f = x_17.light_color_range[x_166];
        l_color = vec3f(x_168.x, x_168.y, x_168.z);
        let x_172 : i32 = i;
        let x_174 : f32 = x_17.light_pos_type[x_172].w;
        l_type = x_174;
        attenuation = 1.0f;
        let x_176 : f32 = l_type;
        if ((x_176 < 0.5f)) {
          let x_182 : i32 = i;
          let x_184 : vec4f = x_17.light_pos_type[x_182];
          light_dir = normalize(vec3f(x_184.x, x_184.y, x_184.z));
          let x_187 : i32 = i;
          if ((x_187 == 0i)) {
            let x_191 : vec3f = l_color;
            ambient_color = x_191;
          }
        } else {
          let x_194 : i32 = i;
          let x_196 : vec4f = x_17.light_pos_type[x_194];
          let x_198 : vec3f = frag_pos;
          to_light = (vec3f(x_196.x, x_196.y, x_196.z) - x_198);
          let x_201 : vec3f = to_light;
          dist = length(x_201);
          let x_203 : vec3f = to_light;
          light_dir = -(normalize(x_203));
          let x_207 : i32 = i;
          let x_209 : f32 = x_17.light_color_range[x_207].w;
          range = x_209;
          let x_210 : f32 = dist;
          let x_211 : f32 = dist;
          let x_213 : f32 = range;
          let x_214 : f32 = range;
          attenuation = (1.0f / (1.0f + ((x_210 * x_211) / (x_213 * x_214))));
        }
        let x_220 : vec3f = norm;
        let x_221 : vec3f = light_dir;
        diff = max(dot(x_220, -(x_221)), 0.0f);
        let x_225 : f32 = diff;
        let x_226 : vec3f = l_color;
        let x_228 : f32 = attenuation;
        let x_230 : vec3f = total_diffuse;
        total_diffuse = (x_230 + ((x_226 * x_225) * x_228));
        let x_233 : vec3f = light_dir;
        let x_235 : vec3f = view_dir;
        halfway = normalize((-(x_233) + x_235));
        let x_239 : vec3f = norm;
        let x_240 : vec3f = halfway;
        let x_243 : f32 = effective_shininess;
        spec = pow(max(dot(x_239, x_240), 0.0f), x_243);
        let x_245 : f32 = specular_strength;
        let x_246 : f32 = spec;
        let x_248 : vec3f = l_color;
        let x_250 : f32 = attenuation;
        let x_252 : vec3f = total_specular;
        total_specular = (x_252 + ((x_248 * (x_245 * x_246)) * x_250));

        continuing {
          let x_254 : i32 = i;
          i = (x_254 + 1i);
        }
      }
      let x_258 : f32 = ambient_strength;
      let x_259 : vec3f = ambient_color;
      ambient = (x_259 * x_258);
      let x_262 : vec3f = ambient;
      let x_263 : vec3f = total_diffuse;
      let x_265 : vec3f = total_specular;
      let x_267 : vec4f = tex_col;
      let x_271 : vec4f = x_17.base_color;
      let x_274 : vec3f = emissive;
      result = (((((x_262 + x_263) + x_265) * vec3f(x_267.x, x_267.y, x_267.z)) * vec3f(x_271.x, x_271.y, x_271.z)) + x_274);
      let x_278 : vec3f = result;
      let x_280 : f32 = tex_col.w;
      let x_282 : f32 = x_17.base_color.w;
      col_out = vec4f(x_278.x, x_278.y, x_278.z, (x_280 * x_282));
      return;
    }

    struct main_out {
      @location(0)
      col_out_1 : vec4f,
    }

    @fragment
    fn main(@location(2) frag_uv_param : vec2f, @location(3) frag_tangent_param : vec3f, @location(4) frag_bitangent_param : vec3f, @location(1) frag_normal_param : vec3f, @location(0) frag_pos_param : vec3f) -> main_out {
      frag_uv = frag_uv_param;
      frag_tangent = frag_tangent_param;
      frag_bitangent = frag_bitangent_param;
      frag_normal = frag_normal_param;
      frag_pos = frag_pos_param;
      main_1();
      return main_out(col_out);
    }

*/
static const uint8_t mesh3d_skinned_fs_source_wgsl[7112] = {
    0x64,0x69,0x61,0x67,0x6e,0x6f,0x73,0x74,0x69,0x63,0x28,0x6f,0x66,0x66,0x2c,0x20,
    0x64,0x65,0x72,0x69,0x76,0x61,0x74,0x69,0x76,0x65,0x5f,0x75,0x6e,0x69,0x66,0x6f,
    0x72,0x6d,0x69,0x74,0x79,0x29,0x3b,0x0a,0x0a,0x61,0x6c,0x69,0x61,0x73,0x20,0x41,
    0x72,0x72,0x20,0x3d,0x20,0x61,0x72,0x72,0x61,0x79,0x3c,0x76,0x65,0x63,0x34,0x66,
    0x2c,0x20,0x38,0x75,0x3e,0x3b,0x0a,0x0a,0x61,0x6c,0x69,0x61,0x73,0x20,0x41,0x72,
    0x72,0x5f,0x31,0x20,0x3d,0x20,0x61,0x72,0x72,0x61,0x79,0x3c,0x76,0x65,0x63,0x34,
    0x66,0x2c,0x20,0x38,0x75,0x3e,0x3b,0x0a,0x0a,0x73,0x74,0x72,0x75,0x63,0x74,0x20,
    0x6d,0x65,0x73,0x68,0x33,0x64,0x5f,0x73,0x6b,0x69,0x6e,0x6e,0x65,0x64,0x5f,0x66,
    0x73,0x5f,0x70,0x61,0x72,0x61,0x6d,0x73,0x20,0x7b,0x0a,0x20,0x20,0x2f,0x2a,0x20,
    0x40,0x6f,0x66,0x66,0x73,0x65,0x74,0x28,0x30,0x29,0x20,0x2a,0x2f,0x0a,0x20,0x20,
    0x63,0x61,0x6d,0x65,0x72,0x61,0x5f,0x70,0x6f,0x73,0x5f,0x61,0x6e,0x64,0x5f,0x61,
    0x6d,0x62,0x69,0x65,0x6e,0x74,0x20,0x3a,0x20,0x76,0x65,0x63,0x34,0x66,0x2c,0x0a,
    0x20,0x20,0x2f,0x2a,0x20,0x40,0x6f,0x66,0x66,0x73,0x65,0x74,0x28,0x31,0x36,0x29,
    0x20,0x2a,0x2f,0x0a,0x20,0x20,0x62,0x61,0x73,0x65,0x5f,0x63,0x6f,0x6c,0x6f,0x72,
    0x20,0x3a,0x20,0x76,0x65,0x63,0x34,0x66,0x2c,0x0a,0x20,0x20,0x2f,0x2a,0x20,0x40,
    0x6f,0x66,0x66,0x73,0x65,0x74,0x28,0x33,0x32,0x29,0x20,0x2a,0x2f,0x0a,0x20,0x20,
    0x6d,0x61,0x74,0x65,0x72,0x69,0x61,0x6c,0x5f,0x70,0x72,0x6f,0x70,0x73,0x20,0x3a,
    0x20,0x76,0x65,0x63,0x34,0x66,0x2c,0x0a,0x20,0x20,0x2f,0x2a,0x20,0x40,0x6f,0x66,
    0x66,0x73,0x65,0x74,0x28,0x34,0x38,0x29,0x20,0x2a,0x2f,0x0a,0x20,0x20,0x6c,0x69,
    0x67,0x68,0x74,0x5f,0x70,0x6f,0x73,0x5f,0x74,0x79,0x70,0x65,0x20,0x3a,0x20,0x41,
    0x72,0x72,0x5f,0x31,0x2c,0x0a,0x20,0x20,0x2f,0x2a,0x20,0x40,0x6f,0x66,0x66,0x73,
    0x65,0x74,0x28,0x31,0x37,0x36,0x29,0x20,0x2a,0x2f,0x0a,0x20,0x20,0x6c,0x69,0x67,
    0x68,0x74,0x5f,0x63,0x6f,0x6c,0x6f,0x72,0x5f,0x72,0x61,0x6e,0x67,0x65,0x20,0x3a,
    0x20,0x41,0x72,0x72,0x5f,0x31,0x2c,0x0a,0x20,0x20,0x2f,0x2a,0x20,0x40,0x6f,0x66,
    0x66,0x73,0x65,0x74,0x28,0x33,0x30,0x34,0x29,0x20,0x2a,0x2f,0x0a,0x20,0x20,0x6c,
    0x69,0x67,0x68,0x74,0x5f,0x63,0x6f,0x75,0x6e,0x74,0x20,0x3a,0x20,0x76,0x65,0x63,
    0x34,0x66,0x2c,0x0a,0x7d,0x0a,0x0a,0x40,0x67,0x72,0x6f,0x75,0x70,0x28,0x30,0x29,
    0x20,0x40,0x62,0x69,0x6e,0x64,0x69,0x6e,0x67,0x28,0x38,0x29,0x20,0x76,0x61,0x72,
    0x3c,0x75,0x6e,0x69,0x66,0x6f,0x72,0x6d,0x3e,0x20,0x78,0x5f,0x31,0x37,0x20,0x3a,
    0x20,0x6d,0x65,0x73,0x68,0x33,0x64,0x5f,0x73,0x6b,0x69,0x6e,0x6e,0x65,0x64,0x5f,
    0x66,0x73,0x5f,0x70,0x61,0x72,0x61,0x6d,0x73,0x3b,0x0a,0x0a,0x40,0x67,0x72,0x6f,
    0x75,0x70,0x28,0x31,0x29,0x20,0x40,0x62,0x69,0x6e,0x64,0x69,0x6e,0x67,0x28,0x36,
    0x34,0x29,0x20,0x76,0x61,0x72,0x20,0x64,0x69,0x66,0x66,0x75,0x73,0x65,0x5f,0x74,
    0x65,0x78,0x20,0x3a,0x20,0x74,0x65,0x78,0x74,0x75,0x72,0x65,0x5f,0x32,0x64,0x3c,
    0x66,0x33,0x32,0x3e,0x3b,0x0a,0x0a,0x40,0x67,0x72,0x6f,0x75,0x70,0x28,0x31,0x29,
    0x20,0x40,0x62,0x69,0x6e,0x64,0x69,0x6e,0x67,0x28,0x38,0x30,0x29,0x20,0x76,0x61,
    0x72,0x20,0x64,0x65,0x66,0x61,0x75,0x6c,0x74,0x5f,0x73,0x61,0x6d,0x70,0x6c,0x65,
    0x72,0x20,0x3a,0x20,0x73,0x61,0x6d,0x70,0x6c,0x65,0x72,0x3b,0x0a,0x0a,0x76,0x61,
    0x72,0x3c,0x70,0x72,0x69,0x76,0x61,0x74,0x65,0x3e,0x20,0x66,0x72,0x61,0x67,0x5f,
    0x75,0x76,0x20,0x3a,0x20,0x76,0x65,0x63,0x32,0x66,0x3b,0x0a,0x0a,0x76,0x61,0x72,
    0x3c,0x70,0x72,0x69,0x76,0x61,0x74,0x65,0x3e,0x20,0x66,0x72,0x61,0x67,0x5f,0x74,
    0x61,0x6e,0x67,0x65,0x6e,0x74,0x20,0x3a,0x20,0x76,0x65,0x63,0x33,0x66,0x3b,0x0a,
    0x0a,0x76,0x61,0x72,0x3c,0x70,0x72,0x69,0x76,0x61,0x74,0x65,0x3e,0x20,0x66,0x72,
    0x61,0x67,0x5f,0x62,0x69,0x74,0x61,0x6e,0x67,0x65,0x6e,0x74,0x20,0x3a,0x20,0x76,
    0x65,0x63,0x33,0x66,0x3b,0x0a,0x0a,0x76,0x61,0x72,0x3c,0x70,0x72,0x69,0x76,0x61,
    0x74,0x65,0x3e,0x20,0x66,0x72,0x61,0x67,0x5f,0x6e,0x6f,0x72,0x6d,0x61,0x6c,0x20,
    0x3a,0x20,0x76,0x65,0x63,0x33,0x66,0x3b,0x0a,0x0a,0x40,0x67,0x72,0x6f,0x75,0x70,
    0x28,0x31,0x29,0x20,0x40,0x62,0x69,0x6e,0x64,0x69,0x6e,0x67,0x28,0x36,0x35,0x29,
    0x20,0x76,0x61,0x72,0x20,0x6e,0x6f,0x72,0x6d,0x61,0x6c,0x5f,0x74,0x65,0x78,0x20,
    0x3a,0x20,0x74,0x65,0x78,0x74,0x75,0x72,0x65,0x5f,0x32,0x64,0x3c,0x66,0x33,0x32,
    0x3e,0x3b,0x0a,0x0a,0x40,0x67,0x72,0x6f,0x75,0x70,0x28,0x31,0x29,0x20,0x40,0x62,
    0x69,0x6e,0x64,0x69,0x6e,0x67,0x28,0x36,0x36,0x29,0x20,0x76,0x61,0x72,0x20,0x65,
    0x6d,0x69,0x73,0x73,0x69,0x76,0x65,0x5f,0x74,0x65,0x78,0x20,0x3a,0x20,0x74,0x65,
    0x78,0x74,0x75,0x72,0x65,0x5f,0x32,0x64,0x3c,0x66,0x33,0x32,0x3e,0x3b,0x0a,0x0a,
    0x40,0x67,0x72,0x6f,0x75,0x70,0x28,0x31,0x29,0x20,0x40,0x62,0x69,0x6e,0x64,0x69,
    0x6e,0x67,0x28,0x36,0x37,0x29,0x20,0x76,0x61,0x72,0x20,0x72,0x6f,0x75,0x67,0x68,
    0x6e,0x65,0x73,0x73,0x5f,0x74,0x65,0x78,0x20,0x3a,0x20,0x74,0x65,0x78,0x74,0x75,
    0x72,0x65,0x5f,0x32,0x64,0x3c,0x66,0x33,0x32,0x3e,0x3b,0x0a,0x0a,0x76,0x61,0x72,
    0x3c,0x70,0x72,0x69,0x76,0x61,0x74,0x65,0x3e,0x20,0x66,0x72,0x61,0x67,0x5f,0x70,
    0x6f,0x73,0x20,0x3a,0x20,0x76,0x65,0x63,0x33,0x66,0x3b,0x0a,0x0a,0x76,0x61,0x72,
    0x3c,0x70,0x72,0x69,0x76,0x61,0x74,0x65,0x3e,0x20,0x63,0x6f,0x6c,0x5f,0x6f,0x75,
    0x74,0x20,0x3a,0x20,0x76,0x65,0x63,0x34,0x66,0x3b,0x0a,0x0a,0x63,0x6f,0x6e,0x73,
    0x74,0x20,0x78,0x5f,0x31,0x34,0x34,0x20,0x3d,0x20,0x76,0x65,0x63,0x33,0x66,0x28,
    0x30,0x2e,0x30,0x66,0x2c,0x20,0x30,0x2e,0x30,0x66,0x2c,0x20,0x30,0x2e,0x30,0x66,
    0x29,0x3b,0x0a,0x0a,0x66,0x6e,0x20,0x6d,0x61,0x69,0x6e,0x5f,0x31,0x28,0x29,0x20,
    0x7b,0x0a,0x20,0x20,0x76,0x61,0x72,0x20,0x63,0x61,0x6d,0x65,0x72,0x61,0x5f,0x70,
    0x6f,0x73,0x20,0x3a,0x20,0x76,0x65,0x63,0x33,0x66,0x3b,0x0a,0x20,0x20,0x76,0x61,
    0x72,0x20,0x61,0x6d,0x62,0x69,0x65,0x6e,0x74,0x5f,0x73,0x74,0x72,0x65,0x6e,0x67,
    0x74,0x68,0x20,0x3a,0x20,0x66,0x33,0x32,0x3b,0x0a,0x20,0x20,0x76,0x61,0x72,0x20,
    0x73,0x70,0x65,0x63,0x75,0x6c,0x61,0x72,0x5f,0x73,0x74,0x72,0x65,0x6e,0x67,0x74,
    0x68,0x20,0x3a,0x20,0x66,0x33,0x32,0x3b,0x0a,0x20,0x20,0x76,0x61,0x72,0x20,0x73,
    0x68,0x69,0x6e,0x69,0x6e,0x65,0x73,0x73,0x20,0x3a,0x20,0x66,0x33,0x32,0x3b,0x0a,
    0x20,0x20,0x76,0x61,0x72,0x20,0x65,0x6d,0x69,0x73,0x73,0x69,0x76,0x65,0x5f,0x73,
    0x74,0x72,0x65,0x6e,0x67,0x74,0x68,0x20,0x3a,0x20,0x66,0x33,0x32,0x3b,0x0a,0x20,
    0x20,0x76,0x61,0x72,0x20,0x74,0x65,0x78,0x5f,0x63,0x6f,0x6c,0x20,0x3a,0x20,0x76,
    0x65,0x63,0x34,0x66,0x3b,0x0a,0x20,0x20,0x76,0x61,0x72,0x20,0x54,0x42,0x4e,0x20,
    0x3a,0x20,0x6d,0x61,0x74,0x33,0x78,0x33,0x66,0x3b,0x0a,0x20,0x20,0x76,0x61,0x72,
    0x20,0x6e,0x6f,0x72,0x6d,0x61,0x6c,0x5f,0x73,0x61,0x6d,0x70,0x6c,0x65,0x20,0x3a,
    0x20,0x76,0x65,0x63,0x33,0x66,0x3b,0x0a,0x20,0x20,0x76,0x61,0x72,0x20,0x6e,0x6f,
    0x72,0x6d,0x20,0x3a,0x20,0x76,0x65,0x63,0x33,0x66,0x3b,0x0a,0x20,0x20,0x76,0x61,
    0x72,0x20,0x65,0x6d,0x69,0x73,0x73,0x69,0x76,0x65,0x20,0x3a,0x20,0x76,0x65,0x63,
    0x33,0x66,0x3b,0x0a,0x20,0x20,0x76,0x61,0x72,0x20,0x72,0x6f,0x75,0x67,0x68,0x6e,
    0x65,0x73,0x73,0x20,0x3a,0x20,0x66,0x33,0x32,0x3b,0x0a,0x20,0x20,0x76,0x61,0x72,
    0x20,0x65,0x66,0x66,0x65,0x63,0x74,0x69,0x76,0x65,0x5f,0x73,0x68,0x69,0x6e,0x69,
    0x6e,0x65,0x73,0x73,0x20,0x3a,0x20,0x66,0x33,0x32,0x3b,0x0a,0x20,0x20,0x76,0x61,
    0x72,0x20,0x76,0x69,0x65,0x77,0x5f,0x64,0x69,0x72,0x20,0x3a,0x20,0x76,0x65,0x63,
    0x33,0x66,0x3b,0x0a,0x20,0x20,0x76,0x61,0x72,0x20,0x6e,0x75,0x6d,0x5f,0x6c,0x69,
    0x67,0x68,0x74,0x73,0x20,0x3a,0x20,0x69,0x33,0x32,0x3b,0x0a,0x20,0x20,0x76,0x61,
    0x72,0x20,0x74,0x6f,0x74,0x61,0x6c,0x5f,0x64,0x69,0x66,0x66,0x75,0x73,0x65,0x20,
    0x3a,0x20,0x76,0x65,0x63,0x33,0x66,0x3b,0x0a,0x20,0x20,0x76,0x61,0x72,0x20,0x74,
    0x6f,0x74,0x61,0x6c,0x5f,0x73,0x70,0x65,0x63,0x75,0x6c,0x61,0x72,0x20,0x3a,0x20,
    0x76,0x65,0x63,0x33,0x66,0x3b,0x0a,0x20,0x20,0x76,0x61,0x72,0x20,0x61,0x6d,0x62,
    0x69,0x65,0x6e,0x74,0x5f,0x63,0x6f,0x6c,0x6f,0x72,0x20,0x3a,0x20,0x76,0x65,0x63,
    0x33,0x66,0x3b,0x0a,0x20,0x20,0x76,0x61,0x72,0x20,0x69,0x20,0x3a,0x20,0x69,0x33,
    0x32,0x3b,0x0a,0x20,0x20,0x76,0x61,0x72,0x20,0x6c,0x5f,0x63,0x6f,0x6c,0x6f,0x72,
    0x20,0x3a,0x20,0x76,0x65,0x63,0x33,0x66,0x3b,0x0a,0x20,0x20,0x76,0x61,0x72,0x20,
    0x6c,0x5f,0x74,0x79,0x70,0x65,0x20,0x3a,0x20,0x66,0x33,0x32,0x3b,0x0a,0x20,0x20,
    0x76,0x61,0x72,0x20,0x61,0x74,0x74,0x65,0x6e,0x75,0x61,0x74,0x69,0x6f,0x6e,0x20,
    0x3a,0x20,0x66,0x33,0x32,0x3b,0x0a,0x20,0x20,0x76,0x61,0x72,0x20,0x6c,0x69,0x67,
    0x68,0x74,0x5f,0x64,0x69,0x72,0x20,0x3a,0x20,0x76,0x65,0x63,0x33,0x66,0x3b,0x0a,
    0x20,0x20,0x76,0x61,0x72,0x20,0x74,0x6f,0x5f,0x6c,0x69,0x67,0x68,0x74,0x20,0x3a,
    0x20,0x76,0x65,0x63,0x33,0x66,0x3b,0x0a,0x20,0x20,0x76,0x61,0x72,0x20,0x64,0x69,
    0x73,0x74,0x20,0x3a,0x20,0x66,0x33,0x32,0x3b,0x0a,0x20,0x20,0x76,0x61,0x72,0x20,
    0x72,0x61,0x6e,0x67,0x65,0x20,0x3a,0x20,0x66,0x33,0x32,0x3b,0x0a,0x20,0x20,0x76,
    0x61,0x72,0x20,0x64,0x69,0x66,0x66,0x20,0x3a,0x20,0x66,0x33,0x32,0x3b,0x0a,0x20,
    0x20,0x76,0x61,0x72,0x20,0x68,0x61,0x6c,0x66,0x77,0x61,0x79,0x20,0x3a,0x20,0x76,
    0x65,0x63,0x33,0x66,0x3b,0x0a,0x20,0x20,0x76,0x61,0x72,0x20,0x73,0x70,0x65,0x63,
    0x20,0x3a,0x20,0x66,0x33,0x32,0x3b,0x0a,0x20,0x20,0x76,0x61,0x72,0x20,0x61,0x6d,
    0x62,0x69,0x65,0x6e,0x74,0x20,0x3a,0x20,0x76,0x65,0x63,0x33,0x66,0x3b,0x0a,0x20,
    0x20,0x76,0x61,0x72,0x20,0x72,0x65,0x73,0x75,0x6c,0x74,0x20,0x3a,0x20,0x76,0x65,
    0x63,0x33,0x66,0x3b,0x0a,0x20,0x20,0x6c,0x65,0x74,0x20,0x78,0x5f,0x32,0x32,0x20,
    0x3a,0x20,0x76,0x65,0x63,0x34,0x66,0x20,0x3d,0x20,0x78,0x5f,0x31,0x37,0x2e,0x63,
    0x61,0x6d,0x65,0x72,0x61,0x5f,0x70,0x6f,0x73,0x5f,0x61,0x6e,0x64,0x5f,0x61,0x6d,
    0x62,0x69,0x65,0x6e,0x74,0x3b,0x0a,0x20,0x20,0x63,0x61,0x6d,0x65,0x72,0x61,0x5f,
    0x70,0x6f,0x73,0x20,0x3d,0x20,0x76,0x65,0x63,0x33,0x66,0x28,0x78,0x5f,0x32,0x32,
    0x2e,0x78,0x2c,0x20,0x78,0x5f,0x32,0x32,0x2e,0x79,0x2c,0x20,0x78,0x5f,0x32,0x32,
    0x2e,0x7a,0x29,0x3b,0x0a,0x20,0x20,0x6c,0x65,0x74,0x20,0x78,0x5f,0x32,0x39,0x20,
    0x3a,0x20,0x66,0x33,0x32,0x20,0x3d,0x20,0x78,0x5f,0x31,0x37,0x2e,0x63,0x61,0x6d,
    0x65,0x72,0x61,0x5f,0x70,0x6f,0x73,0x5f,0x61,0x6e,0x64,0x5f,0x61,0x6d,0x62,0x69,
    0x65,0x6e,0x74,0x2e,0x77,0x3b,0x0a,0x20,0x20,0x61,0x6d,0x62,0x69,0x65,0x6e,0x74,
    0x5f,0x73,0x74,0x72,0x65,0x6e,0x67,0x74,0x68,0x20,0x3d,0x20,0x78,0x5f,0x32,0x39,
    0x3b,0x0a,0x20,0x20,0x6c,0x65,0x74,0x20,0x78,0x5f,0x33,0x34,0x20,0x3a,0x20,0x66,
    0x33,0x32,0x20,0x3d,0x20,0x78,0x5f,0x31,0x37,0x2e,0x6d,0x61,0x74,0x65,0x72,0x69,
    0x61,0x6c,0x5f,0x70,0x72,0x6f,0x70,0x73,0x2e,0x78,0x3b,0x0a,0x20,0x20,0x73,0x70,
    0x65,0x63,0x75,0x6c,0x61,0x72,0x5f,0x73,0x74,0x72,0x65,0x6e,0x67,0x74,0x68,0x20,
    0x3d,0x20,0x78,0x5f,0x33,0x34,0x3b,0x0a,0x20,0x20,0x6c,0x65,0x74,0x20,0x78,0x5f,
    0x33,0x38,0x20,0x3a,0x20,0x66,0x33,0x32,0x20,0x3d,0x20,0x78,0x5f,0x31,0x37,0x2e,
    0x6d,0x61,0x74,0x65,0x72,0x69,0x61,0x6c,0x5f,0x70,0x72,0x6f,0x70,0x73,0x2e,0x79,
    0x3b,0x0a,0x20,0x20,0x73,0x68,0x69,0x6e,0x69,0x6e,0x65,0x73,0x73,0x20,0x3d,0x20,
    0x78,0x5f,0x33,0x38,0x3b,0x0a,0x20,0x20,0x6c,0x65,0x74,0x20,0x78,0x5f,0x34,0x32,
    0x20,0x3a,0x20,0x66,0x33,0x32,0x20,0x3d,0x20,0x78,0x5f,0x31,0x37,0x2e,0x6d,0x61,
    0x74,0x65,0x72,0x69,0x61,0x6c,0x5f,0x70,0x72,0x6f,0x70,0x73,0x2e,0x7a,0x3b,0x0a,
    0x20,0x20,0x65,0x6d,0x69,0x73,0x73,0x69,0x76,0x65,0x5f,0x73,0x74,0x72,0x65,0x6e,
    0x67,0x74,0x68,0x20,0x3d,0x20,0x78,0x5f,0x34,0x32,0x3b,0x0a,0x20,0x20,0x6c,0x65,
    0x74,0x20,0x78,0x5f,0x35,0x38,0x20,0x3a,0x20,0x76,0x65,0x63,0x32,0x66,0x20,0x3d,
    0x20,0x66,0x72,0x61,0x67,0x5f,0x75,0x76,0x3b,0x0a,0x20,0x20,0x6c,0x65,0x74,0x20,
    0x78,0x5f,0x35,0x39,0x20,0x3a,0x20,0x76,0x65,0x63,0x34,0x66,0x20,0x3d,0x20,0x74,
    0x65,0x78,0x74,0x75,0x72,0x65,0x53,0x61,0x6d,0x70,0x6c,0x65,0x28,0x64,0x69,0x66,
    0x66,0x75,0x73,0x65,0x5f,0x74,0x65,0x78,0x2c,0x20,0x64,0x65,0x66,0x61,0x75,0x6c,
    0x74,0x5f,0x73,0x61,0x6d,0x70,0x6c,0x65,0x72,0x2c,0x20,0x78,0x5f,0x35,0x38,0x29,
    0x3b,0x0a,0x20,0x20,0x74,0x65,0x78,0x5f,0x63,0x6f,0x6c,0x20,0x3d,0x20,0x78,0x5f,
    0x35,0x39,0x3b,0x0a,0x20,0x20,0x6c,0x65,0x74,0x20,0x78,0x5f,0x36,0x35,0x20,0x3a,
    0x20,0x76,0x65,0x63,0x33,0x66,0x20,0x3d,0x20,0x66,0x72,0x61,0x67,0x5f,0x74,0x61,
    0x6e,0x67,0x65,0x6e,0x74,0x3b,0x0a,0x20,0x20,0x6c,0x65,0x74,0x20,0x78,0x5f,0x36,
    0x36,0x20,0x3a,0x20,0x76,0x65,0x63,0x33,0x66,0x20,0x3d,0x20,0x6e,0x6f,0x72,0x6d,
    0x61,0x6c,0x69,0x7a,0x65,0x28,0x78,0x5f,0x36,0x35,0x29,0x3b,0x0a,0x20,0x20,0x6c,
    0x65,0x74,0x20,0x78,0x5f,0x36,0x38,0x20,0x3a,0x20,0x76,0x65,0x63,0x33,0x66,0x20,
    0x3d,0x20,0x66,0x72,0x61,0x67,0x5f,0x62,0x69,0x74,0x61,0x6e,0x67,0x65,0x6e,0x74,
    0x3b,0x0a,0x20,0x20,0x6c,0x65,0x74,0x20,0x78,0x5f,0x36,0x39,0x20,0x3a,0x20,0x76,
    0x65,0x63,0x33,0x66,0x20,0x3d,0x20,0x6e,0x6f,0x72,0x6d,0x61,0x6c,0x69,0x7a,0x65,
    0x28,0x78,0x5f,0x36,0x38,0x29,0x3b,0x0a,0x20,0x20,0x6c,0x65,0x74,0x20,0x78,0x5f,
    0x37,0x31,0x20,0x3a,0x20,0x76,0x65,0x63,0x33,0x66,0x20,0x3d,0x20,0x66,0x72,0x61,
    0x67,0x5f,0x6e,0x6f,0x72,0x6d,0x61,0x6c,0x3b,0x0a,0x20,0x20,0x6c,0x65,0x74,0x20,
    0x78,0x5f,0x37,0x32,0x20,0x3a,0x20,0x76,0x65,0x63,0x33,0x66,0x20,0x3d,0x20,0x6e,
    0x6f,0x72,0x6d,0x61,0x6c,0x69,0x7a,0x65,0x28,0x78,0x5f,0x37,0x31,0x29,0x3b,0x0a,
    0x20,0x20,0x54,0x42,0x4e,0x20,0x3d,0x20,0x6d,0x61,0x74,0x33,0x78,0x33,0x66,0x28,
    0x76,0x65,0x63,0x33,0x66,0x28,0x78,0x5f,0x36,0x36,0x2e,0x78,0x2c,0x20,0x78,0x5f,
    0x36,0x36,0x2e,0x79,0x2c,0x20,0x78,0x5f,0x36,0x36,0x2e,0x7a,0x29,0x2c,0x20,0x76,
    0x65,0x63,0x33,0x66,0x28,0x78,0x5f,0x36,0x39,0x2e,0x78,0x2c,0x20,0x78,0x5f,0x36,
    0x39,0x2e,0x79,0x2c,0x20,0x78,0x5f,0x36,0x39,0x2e,0x7a,0x29,0x2c,0x20,0x76,0x65,
    0x63,0x33,0x66,0x28,0x78,0x5f,0x37,0x32,0x2e,0x78,0x2c,0x20,0x78,0x5f,0x37,0x32,
    0x2e,0x79,0x2c,0x20,0x78,0x5f,0x37,0x32,0x2e,0x7a,0x29,0x29,0x3b,0x0a,0x20,0x20,
    0x6c,0x65,0x74,0x20,0x78,0x5f,0x39,0x33,0x20,0x3a,0x20,0x76,0x65,0x63,0x32,0x66,
    0x20,0x3d,0x20,0x66,0x72,0x61,0x67,0x5f,0x75,0x76,0x3b,0x0a,0x20,0x20,0x6c,0x65,
    0x74,0x20,0x78,0x5f,0x39,0x34,0x20,0x3a,0x20,0x76,0x65,0x63,0x34,0x66,0x20,0x3d,
    0x20,0x74,0x65,0x78,0x74,0x75,0x72,0x65,0x53,0x61,0x6d,0x70,0x6c,0x65,0x28,0x6e,
    0x6f,0x72,0x6d,0x61,0x6c,0x5f,0x74,0x65,0x78,0x2c,0x20,0x64,0x65,0x66,0x61,0x75,
    0x6c,0x74,0x5f,0x73,0x61,0x6d,0x70,0x6c,0x65,0x72,0x2c,0x20,0x78,0x5f,0x39,0x33,
    0x29,0x3b,0x0a,0x20,0x20,0x6e,0x6f,0x72,0x6d,0x61,0x6c,0x5f,0x73,0x61,0x6d,0x70,
    0x6c,0x65,0x20,0x3d,0x20,0x76,0x65,0x63,0x33,0x66,0x28,0x78,0x5f,0x39,0x34,0x2e,
    0x78,0x2c,0x20,0x78,0x5f,0x39,0x34,0x2e,0x79,0x2c,0x20,0x78,0x5f,0x39,0x34,0x2e,
    0x7a,0x29,0x3b,0x0a,0x20,0x20,0x6c,0x65,0x74,0x20,0x78,0x5f,0x39,0x36,0x20,0x3a,
    0x20,0x76,0x65,0x63,0x33,0x66,0x20,0x3d,0x20,0x6e,0x6f,0x72,0x6d,0x61,0x6c,0x5f,
    0x73,0x61,0x6d,0x70,0x6c,0x65,0x3b,0x0a,0x20,0x20,0x6e,0x6f,0x72,0x6d,0x61,0x6c,
    0x5f,0x73,0x61,0x6d,0x70,0x6c,0x65,0x20,0x3d,0x20,0x28,0x28,0x78,0x5f,0x39,0x36,
    0x20,0x2a,0x20,0x32,0x2e,0x30,0x66,0x29,0x20,0x2d,0x20,0x76,0x65,0x63,0x33,0x66,
    0x28,0x31,0x2e,0x30,0x66,0x2c,0x20,0x31,0x2e,0x30,0x66,0x2c,0x20,0x31,0x2e,0x30,
    0x66,0x29,0x29,0x3b,0x0a,0x20,0x20,0x6c,0x65,0x74,0x20,0x78,0x5f,0x31,0x30,0x32,
    0x20,0x3a,0x20,0x6d,0x61,0x74,0x33,0x78,0x33,0x66,0x20,0x3d,0x20,0x54,0x42,0x4e,
    0x3b,0x0a,0x20,0x20,0x6c,0x65,0x74,0x20,0x78,0x5f,0x31,0x30,0x33,0x20,0x3a,0x20,
    0x76,0x65,0x63,0x33,0x66,0x20,0x3d,0x20,0x6e,0x6f,0x72,0x6d,0x61,0x6c,0x5f,0x73,
    0x61,0x6d,0x70,0x6c,0x65,0x3b,0x0a,0x20,0x20,0x6e,0x6f,0x72,0x6d,0x20,0x3d,0x20,
    0x6e,0x6f,0x72,0x6d,0x61,0x6c,0x69,0x7a,0x65,0x28,0x28,0x78,0x5f,0x31,0x30,0x32,
    0x20,0x2a,0x20,0x78,0x5f,0x31,0x30,0x33,0x29,0x29,0x3b,0x0a,0x20,0x20,0x6c,0x65,
    0x74,0x20,0x78,0x5f,0x31,0x31,0x31,0x20,0x3a,0x20,0x76,0x65,0x63,0x32,0x66,0x20,
    0x3d,0x20,0x66,0x72,0x61,0x67,0x5f,0x75,0x76,0x3b,0x0a,0x20,0x20,0x6c,0x65,0x74,
    0x20,0x78,0x5f,0x31,0x31,0x32,0x20,0x3a,0x20,0x76,0x65,0x63,0x34,0x66,0x20,0x3d,
    0x20,0x74,0x65,0x78,0x74,0x75,0x72,0x65,0x53,0x61,0x6d,0x70,0x6c,0x65,0x28,0x65,
    0x6d,0x69,0x73,0x73,0x69,0x76,0x65,0x5f,0x74,0x65,0x78,0x2c,0x20,0x64,0x65,0x66,
    0x61,0x75,0x6c,0x74,0x5f,0x73,0x61,0x6d,0x70,0x6c,0x65,0x72,0x2c,0x20,0x78,0x5f,
    0x31,0x31,0x31,0x29,0x3b,0x0a,0x20,0x20,0x6c,0x65,0x74,0x20,0x78,0x5f,0x31,0x31,
    0x34,0x20,0x3a,0x20,0x66,0x33,0x32,0x20,0x3d,0x20,0x65,0x6d,0x69,0x73,0x73,0x69,
    0x76,0x65,0x5f,0x73,0x74,0x72,0x65,0x6e,0x67,0x74,0x68,0x3b,0x0a,0x20,0x20,0x65,
    0x6d,0x69,0x73,0x73,0x69,0x76,0x65,0x20,0x3d,0x20,0x28,0x76,0x65,0x63,0x33,0x66,
    0x28,0x78,0x5f,0x31,0x31,0x32,0x2e,0x78,0x2c,0x20,0x78,0x5f,0x31,0x31,0x32,0x2e,
    0x79,0x2c,0x20,0x78,0x5f,0x31,0x31,0x32,0x2e,0x7a,0x29,0x20,0x2a,0x20,0x78,0x5f,
    0x31,0x31,0x34,0x29,0x3b,0x0a,0x20,0x20,0x6c,0x65,0x74,0x20,0x78,0x5f,0x31,0x32,
    0x31,0x20,0x3a,0x20,0x76,0x65,0x63,0x32,0x66,0x20,0x3d,0x20,0x66,0x72,0x61,0x67,
    0x5f,0x75,0x76,0x3b,0x0a,0x20,0x20,0x6c,0x65,0x74,0x20,0x78,0x5f,0x31,0x32,0x32,
    0x20,0x3a,0x20,0x76,0x65,0x63,0x34,0x66,0x20,0x3d,0x20,0x74,0x65,0x78,0x74,0x75,
    0x72,0x65,0x53,0x61,0x6d,0x70,0x6c,0x65,0x28,0x72,0x6f,0x75,0x67,0x68,0x6e,0x65,
    0x73,0x73,0x5f,0x74,0x65,0x78,0x2c,0x20,0x64,0x65,0x66,0x61,0x75,0x6c,0x74,0x5f,
    0x73,0x61,0x6d,0x70,0x6c,0x65,0x72,0x2c,0x20,0x78,0x5f,0x31,0x32,0x31,0x29,0x3b,
    0x0a,0x20,0x20,0x72,0x6f,0x75,0x67,0x68,0x6e,0x65,0x73,0x73,0x20,0x3d,0x20,0x78,
    0x5f,0x31,0x32,0x32,0x2e,0x78,0x3b,0x0a,0x20,0x20,0x6c,0x65,0x74,0x20,0x78,0x5f,
    0x31,0x32,0x35,0x20,0x3a,0x20,0x66,0x33,0x32,0x20,0x3d,0x20,0x73,0x68,0x69,0x6e,
    0x69,0x6e,0x65,0x73,0x73,0x3b,0x0a,0x20,0x20,0x6c,0x65,0x74,0x20,0x78,0x5f,0x31,
    0x32,0x36,0x20,0x3a,0x20,0x66,0x33,0x32,0x20,0x3d,0x20,0x72,0x6f,0x75,0x67,0x68,
    0x6e,0x65,0x73,0x73,0x3b,0x0a,0x20,0x20,0x65,0x66,0x66,0x65,0x63,0x74,0x69,0x76,
    0x65,0x5f,0x73,0x68,0x69,0x6e,0x69,0x6e,0x65,0x73,0x73,0x20,0x3d,0x20,0x28,0x78,
    0x5f,0x31,0x32,0x35,0x20,0x2a,0x20,0x6d,0x61,0x78,0x28,0x28,0x31,0x2e,0x30,0x66,
    0x20,0x2d,0x20,0x78,0x5f,0x31,0x32,0x36,0x29,0x2c,0x20,0x30,0x2e,0x30,0x30,0x39,
    0x39,0x39,0x39,0x39,0x39,0x39,0x37,0x37,0x36,0x34,0x38,0x32,0x35,0x38,0x32,0x30,
    0x39,0x66,0x29,0x29,0x3b,0x0a,0x20,0x20,0x6c,0x65,0x74,0x20,0x78,0x5f,0x31,0x33,
    0x32,0x20,0x3a,0x20,0x76,0x65,0x63,0x33,0x66,0x20,0x3d,0x20,0x63,0x61,0x6d,0x65,
    0x72,0x61,0x5f,0x70,0x6f,0x73,0x3b,0x0a,0x20,0x20,0x6c,0x65,0x74,0x20,0x78,0x5f,
    0x31,0x33,0x34,0x20,0x3a,0x20,0x76,0x65,0x63,0x33,0x66,0x20,0x3d,0x20,0x66,0x72,
    0x61,0x67,0x5f,0x70,0x6f,0x73,0x3b,0x0a,0x20,0x20,0x76,0x69,0x65,0x77,0x5f,0x64,
    0x69,0x72,0x20,0x3d,0x20,0x6e,0x6f,0x72,0x6d,0x61,0x6c,0x69,0x7a,0x65,0x28,0x28,
    0x78,0x5f,0x31,0x33,0x32,0x20,0x2d,0x20,0x78,0x5f,0x31,0x33,0x34,0x29,0x29,0x3b,
    0x0a,0x20,0x20,0x6c,0x65,0x74,0x20,0x78,0x5f,0x31,0x34,0x31,0x20,0x3a,0x20,0x66,
    0x33,0x32,0x20,0x3d,0x20,0x78,0x5f,0x31,0x37,0x2e,0x6c,0x69,0x67,0x68,0x74,0x5f,
    0x63,0x6f,0x75,0x6e,0x74,0x2e,0x78,0x3b,0x0a,0x20,0x20,0x6e,0x75,0x6d,0x5f,0x6c,
    0x69,0x67,0x68,0x74,0x73,0x20,0x3d,0x20,0x69,0x33,0x32,0x28,0x78,0x5f,0x31,0x34,
    0x31,0x29,0x3b,0x0a,0x20,0x20,0x74,0x6f,0x74,0x61,0x6c,0x5f,0x64,0x69,0x66,0x66,
    0x75,0x73,0x65,0x20,0x3d,0x20,0x78,0x5f,0x31,0x34,0x34,0x3b,0x0a,0x20,0x20,0x74,
    0x6f,0x74,0x61,0x6c,0x5f,0x73,0x70,0x65,0x63,0x75,0x6c,0x61,0x72,0x20,0x3d,0x20,
    0x78,0x5f,0x31,0x34,0x34,0x3b,0x0a,0x20,0x20,0x61,0x6d,0x62,0x69,0x65,0x6e,0x74,
    0x5f,0x63,0x6f,0x6c,0x6f,0x72,0x20,0x3d,0x20,0x76,0x65,0x63,0x33,0x66,0x28,0x31,
    0x2e,0x30,0x66,0x2c,0x20,0x31,0x2e,0x30,0x66,0x2c,0x20,0x31,0x2e,0x30,0x66,0x29,
    0x3b,0x0a,0x20,0x20,0x69,0x20,0x3d,0x20,0x30,0x69,0x3b,0x0a,0x20,0x20,0x6c,0x6f,
    0x6f,0x70,0x20,0x7b,0x0a,0x20,0x20,0x20,0x20,0x6c,0x65,0x74,0x20,0x78,0x5f,0x31,
    0x35,0x34,0x20,0x3a,0x20,0x69,0x33,0x32,0x20,0x3d,0x20,0x69,0x3b,0x0a,0x20,0x20,
    0x20,0x20,0x69,0x66,0x20,0x28,0x28,0x78,0x5f,0x31,0x35,0x34,0x20,0x3c,0x20,0x38,
    0x69,0x29,0x29,0x20,0x7b,0x0a,0x20,0x20,0x20,0x20,0x7d,0x20,0x65,0x6c,0x73,0x65,
    0x20,0x7b,0x0a,0x20,0x20,0x20,0x20,0x20,0x20,0x62,0x72,0x65,0x61,0x6b,0x3b,0x0a,
    0x20,0x20,0x20,0x20,0x7d,0x0a,0x20,0x20,0x20,0x20,0x6c,0x65,0x74,0x20,0x78,0x5f,
    0x31,0x35,0x38,0x20,0x3a,0x20,0x69,0x33,0x32,0x20,0x3d,0x20,0x69,0x3b,0x0a,0x20,
    0x20,0x20,0x20,0x6c,0x65,0x74,0x20,0x78,0x5f,0x31,0x35,0x39,0x20,0x3a,0x20,0x69,
    0x33,0x32,0x20,0x3d,0x20,0x6e,0x75,0x6d,0x5f,0x6c,0x69,0x67,0x68,0x74,0x73,0x3b,
    0x0a,0x20,0x20,0x20,0x20,0x69,0x66,0x20,0x28,0x28,0x78,0x5f,0x31,0x35,0x38,0x20,
    0x3e,0x3d,0x20,0x78,0x5f,0x31,0x35,0x39,0x29,0x29,0x20,0x7b,0x0a,0x20,0x20,0x20,
    0x20,0x20,0x20,0x62,0x72,0x65,0x61,0x6b,0x3b,0x0a,0x20,0x20,0x20,0x20,0x7d,0x0a,
    0x20,0x20,0x20,0x20,0x6c,0x65,0x74,0x20,0x78,0x5f,0x31,0x36,0x36,0x20,0x3a,0x20,
    0x69,0x33,0x32,0x20,0x3d,0x20,0x69,0x3b,0x0a,0x20,0x20,0x20,0x20,0x6c,0x65,0x74,
    0x20,0x78,0x5f,0x31,0x36,0x38,0x20,0x3a,0x20,0x76,0x65,0x63,0x34,0x66,0x20,0x3d,
    0x20,0x78,0x5f,0x31,0x37,0x2e,0x6c,0x69,0x67,0x68,0x74,0x5f,0x63,0x6f,0x6c,0x6f,
    0x72,0x5f,0x72,0x61,0x6e,0x67,0x65,0x5b,0x78,0x5f,0x31,0x36,0x36,0x5d,0x3b,0x0a,
    0x20,0x20,0x20,0x20,0x6c,0x5f,0x63,0x6f,0x6c,0x6f,0x72,0x20,0x3d,0x20,0x76,0x65,
    0x63,0x33,0x66,0x28,0x78,0x5f,0x31,0x36,0x38,0x2e,0x78,0x2c,0x20,0x78,0x5f,0x31,
    0x36,0x38,0x2e,0x79,0x2c,0x20,0x78,0x5f,0x31,0x36,0x38,0x2e,0x7a,0x29,0x3b,0x0a,
    0x20,0x20,0x20,0x20,0x6c,0x65,0x74,0x20,0x78,0x5f,0x31,0x37,0x32,0x20,0x3a,0x20,
    0x69,0x33,0x32,0x20,0x3d,0x20,0x69,0x3b,0x0a,0x20,0x20,0x20,0x20,0x6c,0x65,0x74,
    0x20,0x78,0x5f,0x31,0x37,0x34,0x20,0x3a,0x20,0x66,0x33,0x32,0x20,0x3d,0x20,0x78,
    0x5f,0x31,0x37,0x2e,0x6c,0x69,0x67,0x68,0x74,0x5f,0x70,0x6f,0x73,0x5f,0x74,0x79,
    0x70,0x65,0x5b,0x78,0x5f,0x31,0x37,0x32,0x5d,0x2e,0x77,0x3b,0x0a,0x20,0x20,0x20,
    0x20,0x6c,0x5f,0x74,0x79,0x70,0x65,0x20,0x3d,0x20,0x78,0x5f,0x31,0x37,0x34,0x3b,
    0x0a,0x20,0x20,0x20,0x20,0x61,0x74,0x74,0x65,0x6e,0x75,0x61,0x74,0x69,0x6f,0x6e,
    0x20,0x3d,0x20,0x31,0x2e,0x30,0x66,0x3b,0x0a,0x20,0x20,0x20,0x20,0x6c,0x65,0x74,
    0x20,0x78,0x5f,0x31,0x37,0x36,0x20,0x3a,0x20,0x66,0x33,0x32,0x20,0x3d,0x20,0x6c,
    0x5f,0x74,0x79,0x70,0x65,0x3b,0x0a,0x20,0x20,0x20,0x20,0x69,0x66,0x20,0x28,0x28,
    0x78,0x5f,0x31,0x37,0x36,0x20,0x3c,0x20,0x30,0x2e,0x35,0x66,0x29,0x29,0x20,0x7b,
    0x0a,0x20,0x20,0x20,0x20,0x20,0x20,0x6c,0x65,0x74,0x20,0x78,0x5f,0x31,0x38,0x32,
    0x20,0x3a,0x20,0x69,0x33,0x32,0x20,0x3d,0x20,0x69,0x3b,0x0a,0x20,0x20,0x20,0x20,
    0x20,0x20,0x6c,0x65,0x74,0x20,0x78,0x5f,0x31,0x38,0x34,0x20,0x3a,0x20,0x76,0x65,
    0x63,0x34,0x66,0x20,0x3d,0x20,0x78,0x5f,0x31,0x37,0x2e,0x6c,0x69,0x67,0x68,0x74,
    0x5f,0x70,0x6f,0x73,0x5f,0x74,0x79,0x70,0x65,0x5b,0x78,0x5f,0x31,0x38,0x32,0x5d,
    0x3b,0x0a,0x20,0x20,0x20,0x20,0x20,0x20,0x6c,0x69,0x67,0x68,0x74,0x5f,0x64,0x69,
    0x72,0x20,0x3d,0x20,0x6e,0x6f,0x72,0x6d,0x61,0x6c,0x69,0x7a,0x65,0x28,0x76,0x65,
    0x63,0x33,0x66,0x28,0x78,0x5f,0x31,0x38,0x34,0x2e,0x78,0x2c,0x20,0x78,0x5f,0x31,
    0x38,0x34,0x2e,0x79,0x2c,0x20,0x78,0x5f,0x31,0x38,0x34,0x2e,0x7a,0x29,0x29,0x3b,
    0x0a,0x20,0x20,0x20,0x20,0x20,0x20,0x6c,0x65,0x74,0x20,0x78,0x5f,0x31,0x38,0x37,
    0x20,0x3a,0x20,0x69,0x33,0x32,0x20,0x3d,0x20,0x69,0x3b,0x0a,0x20,0x20,0x20,0x20,
    0x20,0x20,0x69,0x66,0x20,0x28,0x28,0x78,0x5f,0x31,0x38,0x37,0x20,0x3d,0x3d,0x20,
    0x30,0x69,0x29,0x29,0x20,0x7b,0x0a,0x20,0x20,0x20,0x20,0x20,0x20,0x20,0x20,0x6c,
    0x65,0x74,0x20,0x78,0x5f,0x31,0x39,0x31,0x20,0x3a,0x20,0x76,0x65,0x63,0x33,0x66,
    0x20,0x3d,0x20,0x6c,0x5f,0x63,0x6f,0x6c,0x6f,0x72,0x3b,0x0a,0x20,0x20,0x20,0x20,
    0x20,0x20,0x20,0x20,0x61,0x6d,0x62,0x69,0x65,0x6e,0x74,0x5f,0x63,0x6f,0x6c,0x6f,
    0x72,0x20,0x3d,0x20,0x78,0x5f,0x31,0x39,0x31,0x3b,0x0a,0x20,0x20,0x20,0x20,0x20,
    0x20,0x7d,0x0a,0x20,0x20,0x20,0x20,0x7d,0x20,0x65,0x6c,0x73,0x65,0x20,0x7b,0x0a,
    0x20,0x20,0x20,0x20,0x20,0x20,0x6c,0x65,0x74,0x20,0x78,0x5f,0x31,0x39,0x34,0x20,
    0x3a,0x20,0x69,0x33,0x32,0x20,0x3d,0x20,0x69,0x3b,0x0a,0x20,0x20,0x20,0x20,0x20,
    0x20,0x6c,0x65,0x74,0x20,0x78,0x5f,0x31,0x39,0x36,0x20,0x3a,0x20,0x76,0x65,0x63,
    0x34,0x66,0x20,0x3d,0x20,0x78,0x5f,0x31,0x37,0x2e,0x6c,0x69,0x67,0x68,0x74,0x5f,
    0x70,0x6f,0x73,0x5f,0x74,0x79,0x70,0x65,0x5b,0x78,0x5f,0x31,0x39,0x34,0x5d,0x3b,
    0x0a,0x20,0x20,0x20,0x20,0x20,0x20,0x6c,0x65,0x74,0x20,0x78,0x5f,0x31,0x39,0x38,
    0x20,0x3a,0x20,0x76,0x65,0x63,0x33,0x66,0x20,0x3d,0x20,0x66,0x72,0x61,0x67,0x5f,
    0x70,0x6f,0x73,0x3b,0x0a,0x20,0x20,0x20,0x20,0x20,0x20,0x74,0x6f,0x5f,0x6c,0x69,
    0x67,0x68,0x74,0x20,0x3d,0x20,0x28,0x76,0x65,0x63,0x33,0x66,0x28,0x78,0x5f,0x31,
    0x39,0x36,0x2e,0x78,0x2c,0x20,0x78,0x5f,0x31,0x39,0x36,0x2e,0x79,0x2c,0x20,0x78,
    0x5f,0x31,0x39,0x36,0x2e,0x7a,0x29,0x20,0x2d,0x20,0x78,0x5f,0x31,0x39,0x38,0x29,
    0x3b,0x0a,0x20,0x20,0x20,0x20,0x20,0x20,0x6c,0x65,0x74,0x20,0x78,0x5f,0x32,0x30,
    0x31,0x20,0x3a,0x20,0x76,0x65,0x63,0x33,0x66,0x20,0x3d,0x20,0x74,0x6f,0x5f,0x6c,
    0x69,0x67,0x68,0x74,0x3b,0x0a,0x20,0x20,0x20,0x20,0x20,0x20,0x64,0x69,0x73,0x74,
    0x20,0x3d,0x20,0x6c,0x65,0x6e,0x67,0x74,0x68,0x28,0x78,0x5f,0x32,0x30,0x31,0x29,
    0x3b,0x0a,0x20,0x20,0x20,0x20,0x20,0x20,0x6c,0x65,0x74,0x20,0x78,0x5f,0x32,0x30,
    0x33,0x20,0x3a,0x20,0x76,0x65,0x63,0x33,0x66,0x20,0x3d,0x20,0x74,0x6f,0x5f,0x6c,
    0x69,0x67,0x68,0x74,0x3b,0x0a,0x20,0x20,0x20,0x20,0x20,0x20,0x6c,0x69,0x67,0x68,
    0x74,0x5f,0x64,0x69,0x72,0x20,0x3d,0x20,0x2d,0x28,0x6e,0x6f,0x72,0x6d,0x61,0x6c,
    0x69,0x7a,0x65,0x28,0x78,0x5f,0x32,0x30,0x33,0x29,0x29,0x3b,0x0a,0x20,0x20,0x20,
    0x20,0x20,0x20,0x6c,0x65,0x74,0x20,0x78,0x5f,0x32,0x30,0x37,0x20,0x3a,0x20,0x69,
    0x33,0x32,0x20,0x3d,0x20,0x69,0x3b,0x0a,0x20,0x20,0x20,0x20,0x20,0x20,0x6c,0x65,
    0x74,0x20,0x78,0x5f,0x32,0x30,0x39,0x20,0x3a,0x20,0x66,0x33,0x32,0x20,0x3d,0x20,
    0x78,0x5f,0x31,0x37,0x2e,0x6c,0x69,0x67,0x68,0x74,0x5f,0x63,0x6f,0x6c,0x6f,0x72,
    0x5f,0x72,0x61,0x6e,0x67,0x65,0x5b,0x78,0x5f,0x32,0x30,0x37,0x5d,0x2e,0x77,0x3b,
    0x0a,0x20,0x20,0x20,0x20,0x20,0x20,0x72,0x61,0x6e,0x67,0x65,0x20,0x3d,0x20,0x78,
    0x5f,0x32,0x30,0x39,0x3b,0x0a,0x20,0x20,0x20,0x20,0x20,0x20,0x6c,0x65,0x74,0x20,
    0x78,0x5f,0x32,0x31,0x30,0x20,0x3a,0x20,0x66,0x33,0x32,0x20,0x3d,0x20,0x64,0x69,
    0x73,0x74,0x3b,0x0a,0x20,0x20,0x20,0x20,0x20,0x20,0x6c,0x65,0x74,0x20,0x78,0x5f,
    0x32,0x31,0x31,0x20,0x3a,0x20,0x66,0x33,0x32,0x20,0x3d,0x20,0x64,0x69,0x73,0x74,
    0x3b,0x0a,0x20,0x20,0x20,0x20,0x20,0x20,0x6c,0x65,0x74,0x20,0x78,0x5f,0x32,0x31,
    0x33,0x20,0x3a,0x20,0x66,0x33,0x32,0x20,0x3d,0x20,0x72,0x61,0x6e,0x67,0x65,0x3b,
    0x0a,0x20,0x20,0x20,0x20,0x20,0x20,0x6c,0x65,0x74,0x20,0x78,0x5f,0x32,0x31,0x34,
    0x20,0x3a,0x20,0x66,0x33,0x32,0x20,0x3d,0x20,0x72,0x61,0x6e,0x67,0x65,0x3b,0x0a,
    0x20,0x20,0x20,0x20,0x20,0x20,0x61,0x74,0x74,0x65,0x6e,0x75,0x61,0x74,0x69,0x6f,
    0x6e,0x20,0x3d,0x20,0x28,0x31,0x2e,0x30,0x66,0x20,0x2f,0x20,0x28,0x31,0x2e,0x30,
    0x66,0x20,0x2b,0x20,0x28,0x28,0x78,0x5f,0x32,0x31,0x30,0x20,0x2a,0x20,0x78,0x5f,
    0x32,0x31,0x31,0x29,0x20,0x2f,0x20,0x28,0x78,0x5f,0x32,0x31,0x33,0x20,0x2a,0x20,
    0x78,0x5f,0x32,0x31,0x34,0x29,0x29,0x29,0x29,0x3b,0x0a,0x20,0x20,0x20,0x20,0x7d,
    0x0a,0x20,0x20,0x20,0x20,0x6c,0x65,0x74,0x20,0x78,0x5f,0x32,0x32,0x30,0x20,0x3a,
    0x20,0x76,0x65,0x63,0x33,0x66,0x20,0x3d,0x20,0x6e,0x6f,0x72,0x6d,0x3b,0x0a,0x20,
    0x20,0x20,0x20,0x6c,0x65,0x74,0x20,0x78,0x5f,0x32,0x32,0x31,0x20,0x3a,0x20,0x76,
    0x65,0x63,0x33,0x66,0x20,0x3d,0x20,0x6c,0x69,0x67,0x68,0x74,0x5f,0x64,0x69,0x72,
    0x3b,0x0a,0x20,0x20,0x20,0x20,0x64,0x69,0x66,0x66,0x20,0x3d,0x20,0x6d,0x61,0x78,
    0x28,0x64,0x6f,0x74,0x28,0x78,0x5f,0x32,0x32,0x30,0x2c,0x20,0x2d,0x28,0x78,0x5f,
    0x32,0x32,0x31,0x29,0x29,0x2c,0x20,0x30,0x2e,0x30,0x66,0x29,0x3b,0x0a,0x20,0x20,
    0x20,0x20,0x6c,0x65,0x74,0x20,0x78,0x5f,0x32,0x32,0x35,0x20,0x3a,0x20,0x66,0x33,
    0x32,0x20,0x3d,0x20,0x64,0x69,0x66,0x66,0x3b,0x0a,0x20,0x20,0x20,0x20,0x6c,0x65,
    0x74,0x20,0x78,0x5f,0x32,0x32,0x36,0x20,0x3a,0x20,0x76,0x65,0x63,0x33,0x66,0x20,
    0x3d,0x20,0x6c,0x5f,0x63,0x6f,0x6c,0x6f,0x72,0x3b,0x0a,0x20,0x20,0x20,0x20,0x6c,
    0x65,0x74,0x20,0x78,0x5f,0x32,0x32,0x38,0x20,0x3a,0x20,0x66,0x33,0x32,0x20,0x3d,
    0x20,0x61,0x74,0x74,0x65,0x6e,0x75,0x61,0x74,0x69,0x6f,0x6e,0x3b,0x0a,0x20,0x20,
    0x20,0x20,0x6c,0x65,0x74,0x20,0x78,0x5f,0x32,0x33,0x30,0x20,0x3a,0x20,0x76,0x65,
    0x63,0x33,0x66,0x20,0x3d,0x20,0x74,0x6f,0x74,0x61,0x6c,0x5f,0x64,0x69,0x66,0x66,
    0x75,0x73,0x65,0x3b,0x0a,0x20,0x20,0x20,0x20,0x74,0x6f,0x74,0x61,0x6c,0x5f,0x64,
    0x69,0x66,0x66,0x75,0x73,0x65,0x20,0x3d,0x20,0x28,0x78,0x5f,0x32,0x33,0x30,0x20,
    0x2b,0x20,0x28,0x28,0x78,0x5f,0x32,0x32,0x36,0x20,0x2a,0x20,0x78,0x5f,0x32,0x32,
    0x35,0x29,0x20,0x2a,0x20,0x78,0x5f,0x32,0x32,0x38,0x29,0x29,0x3b,0x0a,0x20,0x20,
    0x20,0x20,0x6c,0x65,0x74,0x20,0x78,0x5f,0x32,0x33,0x33,0x20,0x3a,0x20,0x76,0x65,
    0x63,0x33,0x66,0x20,0x3d,0x20,0x6c,0x69,0x67,0x68,0x74,0x5f,0x64,0x69,0x72,0x3b,
    0x0a,0x20,0x20,0x20,0x20,0x6c,0x65,0x74,0x20,0x78,0x5f,0x32,0x33,0x35,0x20,0x3a,
    0x20,0x76,0x65,0x63,0x33,0x66,0x20,0x3d,0x20,0x76,0x69,0x65,0x77,0x5f,0x64,0x69,
    0x72,0x3b,0x0a,0x20,0x20,0x20,0x20,0x68,0x61,0x6c,0x66,0x77,0x61,0x79,0x20,0x3d,
    0x20,0x6e,0x6f,0x72,0x6d,0x61,0x6c,0x69,0x7a,0x65,0x28,0x28,0x2d,0x28,0x78,0x5f,
    0x32,0x33,0x33,0x29,0x20,0x2b,0x20,0x78,0x5f,0x32,0x33,0x35,0x29,0x29,0x3b,0x0a,
    0x20,0x20,0x20,0x20,0x6c,0x65,0x74,0x20,0x78,0x5f,0x32,0x33,0x39,0x20,0x3a,0x20,
    0x76,0x65,0x63,0x33,0x66,0x20,0x3d,0x20,0x6e,0x6f,0x72,0x6d,0x3b,0x0a,0x20,0x20,
    0x20,0x20,0x6c,0x65,0x74,0x20,0x78,0x5f,0x32,0x34,0x30,0x20,0x3a,0x20,0x76,0x65,
    0x63,0x33,0x66,0x20,0x3d,0x20,0x68,0x61,0x6c,0x66,0x77,0x61,0x79,0x3b,0x0a,0x20,
    0x20,0x20,0x20,0x6c,0x65,0x74,0x20,0x78,0x5f,0x32,0x34,0x33,0x20,0x3a,0x20,0x66,
    0x33,0x32,0x20,0x3d,0x20,0x65,0x66,0x66,0x65,0x63,0x74,0x69,0x76,0x65,0x5f,0x73,
    0x68,0x69,0x6e,0x69,0x6e,0x65,0x73,0x73,0x3b,0x0a,0x20,0x20,0x20,0x20,0x73,0x70,
    0x65,0x63,0x20,0x3d,0x20,0x70,0x6f,0x77,0x28,0x6d,0x61,0x78,0x28,0x64,0x6f,0x74,
    0x28,0x78,0x5f,0x32,0x33,0x39,0x2c,0x20,0x78,0x5f,0x32,0x34,0x30,0x29,0x2c,0x20,
    0x30,0x2e,0x30,0x66,0x29,0x2c,0x20,0x78,0x5f,0x32,0x34,0x33,0x29,0x3b,0x0a,0x20,
    0x20,0x20,0x20,0x6c,0x65,0x74,0x20,0x78,0x5f,0x32,0x34,0x35,0x20,0x3a,0x20,0x66,
    0x33,0x32,0x20,0x3d,0x20,0x73,0x70,0x65,0x63,0x75,0x6c,0x61,0x72,0x5f,0x73,0x74,
    0x72,0x65,0x6e,0x67,0x74,0x68,0x3b,0x0a,0x20,0x20,0x20,0x20,0x6c,0x65,0x74,0x20,
    0x78,0x5f,0x32,0x34,0x36,0x20,0x3a,0x20,0x66,0x33,0x32,0x20,0x3d,0x20,0x73,0x70,
    0x65,0x63,0x3b,0x0a,0x20,0x20,0x20,0x20,0x6c,0x65,0x74,0x20,0x78,0x5f,0x32,0x34,
    0x38,0x20,0x3a,0x20,0x76,0x65,0x63,0x33,0x66,0x20,0x3d,0x20,0x6c,0x5f,0x63,0x6f,
    0x6c,0x6f,0x72,0x3b,0x0a,0x20,0x20,0x20,0x20,0x6c,0x65,0x74,0x20,0x78,0x5f,0x32,
    0x35,0x30,0x20,0x3a,0x20,0x66,0x33,0x32,0x20,0x3d,0x20,0x61,0x74,0x74,0x65,0x6e,
    0x75,0x61,0x74,0x69,0x6f,0x6e,0x3b,0x0a,0x20,0x20,0x20,0x20,0x6c,0x65,0x74,0x20,
    0x78,0x5f,0x32,0x35,0x32,0x20,0x3a,0x20,0x76,0x65,0x63,0x33,0x66,0x20,0x3d,0x20,
    0x74,0x6f,0x74,0x61,0x6c,0x5f,0x73,0x70,0x65,0x63,0x75,0x6c,0x61,0x72,0x3b,0x0a,
    0x20,0x20,0x20,0x20,0x74,0x6f,0x74,0x61,0x6c,0x5f,0x73,0x70,0x65,0x63,0x75,0x6c,
    0x61,0x72,0x20,0x3d,0x20,0x28,0x78,0x5f,0x32,0x35,0x32,0x20,0x2b,0x20,0x28,0x28,
    0x78,0x5f,0x32,0x34,0x38,0x20,0x2a,0x20,0x28,0x78,0x5f,0x32,0x34,0x35,0x20,0x2a,
    0x20,0x78,0x5f,0x32,0x34,0x36,0x29,0x29,0x20,0x2a,0x20,0x78,0x5f,0x32,0x35,0x30,
    0x29,0x29,0x3b,0x0a,0x0a,0x20,0x20,0x20,0x20,0x63,0x6f,0x6e,0x74,0x69,0x6e,0x75,
    0x69,0x6e,0x67,0x20,0x7b,0x0a,0x20,0x20,0x20,0x20,0x20,0x20,0x6c,0x65,0x74,0x20,
    0x78,0x5f,0x32,0x35,0x34,0x20,0x3a,0x20,0x69,0x33,0x32,0x20,0x3d,0x20,0x69,0x3b,
    0x0a,0x20,0x20,0x20,0x20,0x20,0x20,0x69,0x20,0x3d,0x20,0x28,0x78,0x5f,0x32,0x35,
    0x34,0x20,0x2b,0x20,0x31,0x69,0x29,0x3b,0x0a,0x20,0x20,0x20,0x20,0x7d,0x0a,0x20,
    0x20,0x7d,0x0a,0x20,0x20,0x6c,0x65,0x74,0x20,0x78,0x5f,0x32,0x35,0x38,0x20,0x3a,
    0x20,0x66,0x33,0x32,0x20,0x3d,0x20,0x61,0x6d,0x62,0x69,0x65,0x6e,0x74,0x5f,0x73,
    0x74,0x72,0x65,0x6e,0x67,0x74,0x68,0x3b,0x0a,0x20,0x20,0x6c,0x65,0x74,0x20,0x78,
    0x5f,0x32,0x35,0x39,0x20,0x3a,0x20,0x76,0x65,0x63,0x33,0x66,0x20,0x3d,0x20,0x61,
    0x6d,0x62,0x69,0x65,0x6e,0x74,0x5f,0x63,0x6f,0x6c,0x6f,0x72,0x3b,0x0a,0x20,0x20,
    0x61,0x6d,0x62,0x69,0x65,0x6e,0x74,0x20,0x3d,0x20,0x28,0x78,0x5f,0x32,0x35,0x39,
    0x20,0x2a,0x20,0x78,0x5f,0x32,0x35,0x38,0x29,0x3b,0x0a,0x20,0x20,0x6c,0x65,0x74,
    0x20,0x78,0x5f,0x32,0x36,0x32,0x20,0x3a,0x20,0x76,0x65,0x63,0x33,0x66,0x20,0x3d,
    0x20,0x61,0x6d,0x62,0x69,0x65,0x6e,0x74,0x3b,0x0a,0x20,0x20,0x6c,0x65,0x74,0x20,
    0x78,0x5f,0x32,0x36,0x33,0x20,0x3a,0x20,0x76,0x65,0x63,0x33,0x66,0x20,0x3d,0x20,
    0x74,0x6f,0x74,0x61,0x6c,0x5f,0x64,0x69,0x66,0x66,0x75,0x73,0x65,0x3b,0x0a,0x20,
    0x20,0x6c,0x65,0x74,0x20,0x78,0x5f,0x32,0x36,0x35,0x20,0x3a,0x20,0x76,0x65,0x63,
    0x33,0x66,0x20,0x3d,0x20,0x74,0x6f,0x74,0x61,0x6c,0x5f,0x73,0x70,0x65,0x63,0x75,
    0x6c,0x61,0x72,0x3b,0x0a,0x20,0x20,0x6c,0x65,0x74,0x20,0x78,0x5f,0x32,0x36,0x37,
    0x20,0x3a,0x20,0x76,0x65,0x63,0x34,0x66,0x20,0x3d,0x20,0x74,0x65,0x78,0x5f,0x63,
    0x6f,0x6c,0x3b,0x0a,0x20,0x20,0x6c,0x65,0x74,0x20,0x78,0x5f,0x32,0x37,0x31,0x20,
    0x3a,0x20,0x76,0x65,0x63,0x34,0x66,0x20,0x3d,0x20,0x78,0x5f,0x31,0x37,0x2e,0x62,
    0x61,0x73,0x65,0x5f,0x63,0x6f,0x6c,0x6f,0x72,0x3b,0x0a,0x20,0x20,0x6c,0x65,0x74,
    0x20,0x78,0x5f,0x32,0x37,0x34,0x20,0x3a,0x20,0x76,0x65,0x63,0x33,0x66,0x20,0x3d,
    0x20,0x65,0x6d,0x69,0x73,0x73,0x69,0x76,0x65,0x3b,0x0a,0x20,0x20,0x72,0x65,0x73,
    0x75,0x6c,0x74,0x20,0x3d,0x20,0x28,0x28,0x28,0x28,0x28,0x78,0x5f,0x32,0x36,0x32,
    0x20,0x2b,0x20,0x78,0x5f,0x32,0x36,0x33,0x29,0x20,0x2b,0x20,0x78,0x5f,0x32,0x36,
    0x35,0x29,0x20,0x2a,0x20,0x76,0x65,0x63,0x33,0x66,0x28,0x78,0x5f,0x32,0x36,0x37,
    0x2e,0x78,0x2c,0x20,0x78,0x5f,0x32,0x36,0x37,0x2e,0x79,0x2c,0x20,0x78,0x5f,0x32,
    0x36,0x37,0x2e,0x7a,0x29,0x29,0x20,0x2a,0x20,0x76,0x65,0x63,0x33,0x66,0x28,0x78,
    0x5f,0x32,0x37,0x31,0x2e,0x78,0x2c,0x20,0x78,0x5f,0x32,0x37,0x31,0x2e,0x79,0x2c,
    0x20,0x78,0x5f,0x32,0x37,0x31,0x2e,0x7a,0x29,0x29,0x20,0x2b,0x20,0x78,0x5f,0x32,
    0x37,0x34,0x29,0x3b,0x0a,0x20,0x20,0x6c,0x65,0x74,0x20,0x78,0x5f,0x32,0x37,0x38,
    0x20,0x3a,0x20,0x76,0x65,0x63,0x33,0x66,0x20,0x3d,0x20,0x72,0x65,0x73,0x75,0x6c,
    0x74,0x3b,0x0a,0x20,0x20,0x6c,0x65,0x74,0x20,0x78,0x5f,0x32,0x38,0x30,0x20,0x3a,
    0x20,0x66,0x33,0x32,0x20,0x3d,0x20,0x74,0x65,0x78,0x5f,0x63,0x6f,0x6c,0x2e,0x77,
    0x3b,0x0a,0x20,0x20,0x6c,0x65,0x74,0x20,0x78,0x5f,0x32,0x38,0x32,0x20,0x3a,0x20,
    0x66,0x33,0x32,0x20,0x3d,0x20,0x78,0x5f,0x31,0x37,0x2e,0x62,0x61,0x73,0x65,0x5f,
    0x63,0x6f,0x6c,0x6f,0x72,0x2e,0x77,0x3b,0x0a,0x20,0x20,0x63,0x6f,0x6c,0x5f,0x6f,
    0x75,0x74,0x20,0x3d,0x20,0x76,0x65,0x63,0x34,0x66,0x28,0x78,0x5f,0x32,0x37,0x38,
    0x2e,0x78,0x2c,0x20,0x78,0x5f,0x32,0x37,0x38,0x2e,0x79,0x2c,0x20,0x78,0x5f,0x32,
    0x37,0x38,0x2e,0x7a,0x2c,0x20,0x28,0x78,0x5f,0x32,0x38,0x30,0x20,0x2a,0x20,0x78,
    0x5f,0x32,0x38,0x32,0x29,0x29,0x3b,0x0a,0x20,0x20,0x72,0x65,0x74,0x75,0x72,0x6e,
    0x3b,0x0a,0x7d,0x0a,0x0a,0x73,0x74,0x72,0x75,0x63,0x74,0x20,0x6d,0x61,0x69,0x6e,
    0x5f,0x6f,0x75,0x74,0x20,0x7b,0x0a,0x20,0x20,0x40,0x6c,0x6f,0x63,0x61,0x74,0x69,
    0x6f,0x6e,0x28,0x30,0x29,0x0a,0x20,0x20,0x63,0x6f,0x6c,0x5f,0x6f,0x75,0x74,0x5f,
    0x31,0x20,0x3a,0x20,0x76,0x65,0x63,0x34,0x66,0x2c,0x0a,0x7d,0x0a,0x0a,0x40,0x66,
    0x72,0x61,0x67,0x6d,0x65,0x6e,0x74,0x0a,0x66,0x6e,0x20,0x6d,0x61,0x69,0x6e,0x28,
    0x40,0x6c,0x6f,0x63,0x61,0x74,0x69,0x6f,0x6e,0x28,0x32,0x29,0x20,0x66,0x72,0x61,
    0x67,0x5f,0x75,0x76,0x5f,0x70,0x61,0x72,0x61,0x6d,0x20,0x3a,0x20,0x76,0x65,0x63,
    0x32,0x66,0x2c,0x20,0x40,0x6c,0x6f,0x63,0x61,0x74,0x69,0x6f,0x6e,0x28,0x33,0x29,
    0x20,0x66,0x72,0x61,0x67,0x5f,0x74,0x61,0x6e,0x67,0x65,0x6e,0x74,0x5f,0x70,0x61,
    0x72,0x61,0x6d,0x20,0x3a,0x20,0x76,0x65,0x63,0x33,0x66,0x2c,0x20,0x40,0x6c,0x6f,
    0x63,0x61,0x74,0x69,0x6f,0x6e,0x28,0x34,0x29,0x20,0x66,0x72,0x61,0x67,0x5f,0x62,
    0x69,0x74,0x61,0x6e,0x67,0x65,0x6e,0x74,0x5f,0x70,0x61,0x72,0x61,0x6d,0x20,0x3a,
    0x20,0x76,0x65,0x63,0x33,0x66,0x2c,0x20,0x40,0x6c,0x6f,0x63,0x61,0x74,0x69,0x6f,
    0x6e,0x28,0x31,0x29,0x20,0x66,0x72,0x61,0x67,0x5f,0x6e,0x6f,0x72,0x6d,0x61,0x6c,
    0x5f,0x70,0x61,0x72,0x61,0x6d,0x20,0x3a,0x20,0x76,0x65,0x63,0x33,0x66,0x2c,0x20,
    0x40,0x6c,0x6f,0x63,0x61,0x74,0x69,0x6f,0x6e,0x28,0x30,0x29,0x20,0x66,0x72,0x61,
    0x67,0x5f,0x70,0x6f,0x73,0x5f,0x70,0x61,0x72,0x61,0x6d,0x20,0x3a,0x20,0x76,0x65,
    0x63,0x33,0x66,0x29,0x20,0x2d,0x3e,0x20,0x6d,0x61,0x69,0x6e,0x5f,0x6f,0x75,0x74,
    0x20,0x7b,0x0a,0x20,0x20,0x66,0x72,0x61,0x67,0x5f,0x75,0x76,0x20,0x3d,0x20,0x66,
    0x72,0x61,0x67,0x5f,0x75,0x76,0x5f,0x70,0x61,0x72,0x61,0x6d,0x3b,0x0a,0x20,0x20,
    0x66,0x72,0x61,0x67,0x5f,0x74,0x61,0x6e,0x67,0x65,0x6e,0x74,0x20,0x3d,0x20,0x66,
    0x72,0x61,0x67,0x5f,0x74,0x61,0x6e,0x67,0x65,0x6e,0x74,0x5f,0x70,0x61,0x72,0x61,
    0x6d,0x3b,0x0a,0x20,0x20,0x66,0x72,0x61,0x67,0x5f,0x62,0x69,0x74,0x61,0x6e,0x67,
    0x65,0x6e,0x74,0x20,0x3d,0x20,0x66,0x72,0x61,0x67,0x5f,0x62,0x69,0x74,0x61,0x6e,
    0x67,0x65,0x6e,0x74,0x5f,0x70,0x61,0x72,0x61,0x6d,0x3b,0x0a,0x20,0x20,0x66,0x72,
    0x61,0x67,0x5f,0x6e,0x6f,0x72,0x6d,0x61,0x6c,0x20,0x3d,0x20,0x66,0x72,0x61,0x67,
    0x5f,0x6e,0x6f,0x72,0x6d,0x61,0x6c,0x5f,0x70,0x61,0x72,0x61,0x6d,0x3b,0x0a,0x20,
    0x20,0x66,0x72,0x61,0x67,0x5f,0x70,0x6f,0x73,0x20,0x3d,0x20,0x66,0x72,0x61,0x67,
    0x5f,0x70,0x6f,0x73,0x5f,0x70,0x61,0x72,0x61,0x6d,0x3b,0x0a,0x20,0x20,0x6d,0x61,
    0x69,0x6e,0x5f,0x31,0x28,0x29,0x3b,0x0a,0x20,0x20,0x72,0x65,0x74,0x75,0x72,0x6e,
    0x20,0x6d,0x61,0x69,0x6e,0x5f,0x6f,0x75,0x74,0x28,0x63,0x6f,0x6c,0x5f,0x6f,0x75,
    0x74,0x29,0x3b,0x0a,0x7d,0x0a,0x0a,0x00,
};
static inline const sg_shader_desc* mesh3d_skinned_shader_desc(sg_backend backend) {
    if (backend == SG_BACKEND_GLCORE) {
        static sg_shader_desc desc;
        static bool valid;
        if (!valid) {
            valid = true;
            desc.vertex_func.source = (const char*)mesh3d_skinned_vs_source_glsl410;
            desc.vertex_func.entry = "main";
            desc.fragment_func.source = (const char*)mesh3d_skinned_fs_source_glsl410;
            desc.fragment_func.entry = "main";
            desc.attrs[0].glsl_name = "position0";
            desc.attrs[1].glsl_name = "normal0";
            desc.attrs[2].glsl_name = "texcoord0";
            desc.attrs[3].glsl_name = "tangent0";
            desc.attrs[4].glsl_name = "bone_indices0";
            desc.attrs[5].glsl_name = "bone_weights0";
            desc.uniform_blocks[0].stage = SG_SHADERSTAGE_VERTEX;
            desc.uniform_blocks[0].layout = SG_UNIFORMLAYOUT_STD140;
            desc.uniform_blocks[0].size = 4272;
            desc.uniform_blocks[0].glsl_uniforms[0].type = SG_UNIFORMTYPE_FLOAT4;
            desc.uniform_blocks[0].glsl_uniforms[0].array_count = 267;
            desc.uniform_blocks[0].glsl_uniforms[0].glsl_name = "mesh3d_skinned_vs_params";
            desc.uniform_blocks[1].stage = SG_SHADERSTAGE_FRAGMENT;
            desc.uniform_blocks[1].layout = SG_UNIFORMLAYOUT_STD140;
            desc.uniform_blocks[1].size = 320;
            desc.uniform_blocks[1].glsl_uniforms[0].type = SG_UNIFORMTYPE_FLOAT4;
            desc.uniform_blocks[1].glsl_uniforms[0].array_count = 20;
            desc.uniform_blocks[1].glsl_uniforms[0].glsl_name = "mesh3d_skinned_fs_params";
            desc.images[0].stage = SG_SHADERSTAGE_FRAGMENT;
            desc.images[0].image_type = SG_IMAGETYPE_2D;
            desc.images[0].sample_type = SG_IMAGESAMPLETYPE_FLOAT;
            desc.images[0].multisampled = false;
            desc.images[1].stage = SG_SHADERSTAGE_FRAGMENT;
            desc.images[1].image_type = SG_IMAGETYPE_2D;
            desc.images[1].sample_type = SG_IMAGESAMPLETYPE_FLOAT;
            desc.images[1].multisampled = false;
            desc.images[2].stage = SG_SHADERSTAGE_FRAGMENT;
            desc.images[2].image_type = SG_IMAGETYPE_2D;
            desc.images[2].sample_type = SG_IMAGESAMPLETYPE_FLOAT;
            desc.images[2].multisampled = false;
            desc.images[3].stage = SG_SHADERSTAGE_FRAGMENT;
            desc.images[3].image_type = SG_IMAGETYPE_2D;
            desc.images[3].sample_type = SG_IMAGESAMPLETYPE_FLOAT;
            desc.images[3].multisampled = false;
            desc.samplers[0].stage = SG_SHADERSTAGE_FRAGMENT;
            desc.samplers[0].sampler_type = SG_SAMPLERTYPE_FILTERING;
            desc.image_sampler_pairs[0].stage = SG_SHADERSTAGE_FRAGMENT;
            desc.image_sampler_pairs[0].image_slot = 0;
            desc.image_sampler_pairs[0].sampler_slot = 0;
            desc.image_sampler_pairs[0].glsl_name = "diffuse_tex_default_sampler";
            desc.image_sampler_pairs[1].stage = SG_SHADERSTAGE_FRAGMENT;
            desc.image_sampler_pairs[1].image_slot = 1;
            desc.image_sampler_pairs[1].sampler_slot = 0;
            desc.image_sampler_pairs[1].glsl_name = "normal_tex_default_sampler";
            desc.image_sampler_pairs[2].stage = SG_SHADERSTAGE_FRAGMENT;
            desc.image_sampler_pairs[2].image_slot = 2;
            desc.image_sampler_pairs[2].sampler_slot = 0;
            desc.image_sampler_pairs[2].glsl_name = "emissive_tex_default_sampler";
            desc.image_sampler_pairs[3].stage = SG_SHADERSTAGE_FRAGMENT;
            desc.image_sampler_pairs[3].image_slot = 3;
            desc.image_sampler_pairs[3].sampler_slot = 0;
            desc.image_sampler_pairs[3].glsl_name = "roughness_tex_default_sampler";
            desc.label = "mesh3d_skinned_shader";
        }
        return &desc;
    }
    if (backend == SG_BACKEND_D3D11) {
        static sg_shader_desc desc;
        static bool valid;
        if (!valid) {
            valid = true;
            desc.vertex_func.source = (const char*)mesh3d_skinned_vs_source_hlsl5;
            desc.vertex_func.d3d11_target = "vs_5_0";
            desc.vertex_func.entry = "main";
            desc.fragment_func.source = (const char*)mesh3d_skinned_fs_source_hlsl5;
            desc.fragment_func.d3d11_target = "ps_5_0";
            desc.fragment_func.entry = "main";
            desc.attrs[0].hlsl_sem_name = "TEXCOORD";
            desc.attrs[0].hlsl_sem_index = 0;
            desc.attrs[1].hlsl_sem_name = "TEXCOORD";
            desc.attrs[1].hlsl_sem_index = 1;
            desc.attrs[2].hlsl_sem_name = "TEXCOORD";
            desc.attrs[2].hlsl_sem_index = 2;
            desc.attrs[3].hlsl_sem_name = "TEXCOORD";
            desc.attrs[3].hlsl_sem_index = 3;
            desc.attrs[4].hlsl_sem_name = "TEXCOORD";
            desc.attrs[4].hlsl_sem_index = 4;
            desc.attrs[5].hlsl_sem_name = "TEXCOORD";
            desc.attrs[5].hlsl_sem_index = 5;
            desc.uniform_blocks[0].stage = SG_SHADERSTAGE_VERTEX;
            desc.uniform_blocks[0].layout = SG_UNIFORMLAYOUT_STD140;
            desc.uniform_blocks[0].size = 4272;
            desc.uniform_blocks[0].hlsl_register_b_n = 0;
            desc.uniform_blocks[1].stage = SG_SHADERSTAGE_FRAGMENT;
            desc.uniform_blocks[1].layout = SG_UNIFORMLAYOUT_STD140;
            desc.uniform_blocks[1].size = 320;
            desc.uniform_blocks[1].hlsl_register_b_n = 0;
            desc.images[0].stage = SG_SHADERSTAGE_FRAGMENT;
            desc.images[0].image_type = SG_IMAGETYPE_2D;
            desc.images[0].sample_type = SG_IMAGESAMPLETYPE_FLOAT;
            desc.images[0].multisampled = false;
            desc.images[0].hlsl_register_t_n = 0;
            desc.images[1].stage = SG_SHADERSTAGE_FRAGMENT;
            desc.images[1].image_type = SG_IMAGETYPE_2D;
            desc.images[1].sample_type = SG_IMAGESAMPLETYPE_FLOAT;
            desc.images[1].multisampled = false;
            desc.images[1].hlsl_register_t_n = 1;
            desc.images[2].stage = SG_SHADERSTAGE_FRAGMENT;
            desc.images[2].image_type = SG_IMAGETYPE_2D;
            desc.images[2].sample_type = SG_IMAGESAMPLETYPE_FLOAT;
            desc.images[2].multisampled = false;
            desc.images[2].hlsl_register_t_n = 2;
            desc.images[3].stage = SG_SHADERSTAGE_FRAGMENT;
            desc.images[3].image_type = SG_IMAGETYPE_2D;
            desc.images[3].sample_type = SG_IMAGESAMPLETYPE_FLOAT;
            desc.images[3].multisampled = false;
            desc.images[3].hlsl_register_t_n = 3;
            desc.samplers[0].stage = SG_SHADERSTAGE_FRAGMENT;
            desc.samplers[0].sampler_type = SG_SAMPLERTYPE_FILTERING;
            desc.samplers[0].hlsl_register_s_n = 0;
            desc.image_sampler_pairs[0].stage = SG_SHADERSTAGE_FRAGMENT;
            desc.image_sampler_pairs[0].image_slot = 0;
            desc.image_sampler_pairs[0].sampler_slot = 0;
            desc.image_sampler_pairs[1].stage = SG_SHADERSTAGE_FRAGMENT;
            desc.image_sampler_pairs[1].image_slot = 1;
            desc.image_sampler_pairs[1].sampler_slot = 0;
            desc.image_sampler_pairs[2].stage = SG_SHADERSTAGE_FRAGMENT;
            desc.image_sampler_pairs[2].image_slot = 2;
            desc.image_sampler_pairs[2].sampler_slot = 0;
            desc.image_sampler_pairs[3].stage = SG_SHADERSTAGE_FRAGMENT;
            desc.image_sampler_pairs[3].image_slot = 3;
            desc.image_sampler_pairs[3].sampler_slot = 0;
            desc.label = "mesh3d_skinned_shader";
        }
        return &desc;
    }
    if (backend == SG_BACKEND_METAL_MACOS) {
        static sg_shader_desc desc;
        static bool valid;
        if (!valid) {
            valid = true;
            desc.vertex_func.source = (const char*)mesh3d_skinned_vs_source_metal_macos;
            desc.vertex_func.entry = "main0";
            desc.fragment_func.source = (const char*)mesh3d_skinned_fs_source_metal_macos;
            desc.fragment_func.entry = "main0";
            desc.uniform_blocks[0].stage = SG_SHADERSTAGE_VERTEX;
            desc.uniform_blocks[0].layout = SG_UNIFORMLAYOUT_STD140;
            desc.uniform_blocks[0].size = 4272;
            desc.uniform_blocks[0].msl_buffer_n = 0;
            desc.uniform_blocks[1].stage = SG_SHADERSTAGE_FRAGMENT;
            desc.uniform_blocks[1].layout = SG_UNIFORMLAYOUT_STD140;
            desc.uniform_blocks[1].size = 320;
            desc.uniform_blocks[1].msl_buffer_n = 0;
            desc.images[0].stage = SG_SHADERSTAGE_FRAGMENT;
            desc.images[0].image_type = SG_IMAGETYPE_2D;
            desc.images[0].sample_type = SG_IMAGESAMPLETYPE_FLOAT;
            desc.images[0].multisampled = false;
            desc.images[0].msl_texture_n = 0;
            desc.images[1].stage = SG_SHADERSTAGE_FRAGMENT;
            desc.images[1].image_type = SG_IMAGETYPE_2D;
            desc.images[1].sample_type = SG_IMAGESAMPLETYPE_FLOAT;
            desc.images[1].multisampled = false;
            desc.images[1].msl_texture_n = 1;
            desc.images[2].stage = SG_SHADERSTAGE_FRAGMENT;
            desc.images[2].image_type = SG_IMAGETYPE_2D;
            desc.images[2].sample_type = SG_IMAGESAMPLETYPE_FLOAT;
            desc.images[2].multisampled = false;
            desc.images[2].msl_texture_n = 2;
            desc.images[3].stage = SG_SHADERSTAGE_FRAGMENT;
            desc.images[3].image_type = SG_IMAGETYPE_2D;
            desc.images[3].sample_type = SG_IMAGESAMPLETYPE_FLOAT;
            desc.images[3].multisampled = false;
            desc.images[3].msl_texture_n = 3;
            desc.samplers[0].stage = SG_SHADERSTAGE_FRAGMENT;
            desc.samplers[0].sampler_type = SG_SAMPLERTYPE_FILTERING;
            desc.samplers[0].msl_sampler_n = 0;
            desc.image_sampler_pairs[0].stage = SG_SHADERSTAGE_FRAGMENT;
            desc.image_sampler_pairs[0].image_slot = 0;
            desc.image_sampler_pairs[0].sampler_slot = 0;
            desc.image_sampler_pairs[1].stage = SG_SHADERSTAGE_FRAGMENT;
            desc.image_sampler_pairs[1].image_slot = 1;
            desc.image_sampler_pairs[1].sampler_slot = 0;
            desc.image_sampler_pairs[2].stage = SG_SHADERSTAGE_FRAGMENT;
            desc.image_sampler_pairs[2].image_slot = 2;
            desc.image_sampler_pairs[2].sampler_slot = 0;
            desc.image_sampler_pairs[3].stage = SG_SHADERSTAGE_FRAGMENT;
            desc.image_sampler_pairs[3].image_slot = 3;
            desc.image_sampler_pairs[3].sampler_slot = 0;
            desc.label = "mesh3d_skinned_shader";
        }
        return &desc;
    }
    if (backend == SG_BACKEND_WGPU) {
        static sg_shader_desc desc;
        static bool valid;
        if (!valid) {
            valid = true;
            desc.vertex_func.source = (const char*)mesh3d_skinned_vs_source_wgsl;
            desc.vertex_func.entry = "main";
            desc.fragment_func.source = (const char*)mesh3d_skinned_fs_source_wgsl;
            desc.fragment_func.entry = "main";
            desc.uniform_blocks[0].stage = SG_SHADERSTAGE_VERTEX;
            desc.uniform_blocks[0].layout = SG_UNIFORMLAYOUT_STD140;
            desc.uniform_blocks[0].size = 4272;
            desc.uniform_blocks[0].wgsl_group0_binding_n = 0;
            desc.uniform_blocks[1].stage = SG_SHADERSTAGE_FRAGMENT;
            desc.uniform_blocks[1].layout = SG_UNIFORMLAYOUT_STD140;
            desc.uniform_blocks[1].size = 320;
            desc.uniform_blocks[1].wgsl_group0_binding_n = 8;
            desc.images[0].stage = SG_SHADERSTAGE_FRAGMENT;
            desc.images[0].image_type = SG_IMAGETYPE_2D;
            desc.images[0].sample_type = SG_IMAGESAMPLETYPE_FLOAT;
            desc.images[0].multisampled = false;
            desc.images[0].wgsl_group1_binding_n = 64;
            desc.images[1].stage = SG_SHADERSTAGE_FRAGMENT;
            desc.images[1].image_type = SG_IMAGETYPE_2D;
            desc.images[1].sample_type = SG_IMAGESAMPLETYPE_FLOAT;
            desc.images[1].multisampled = false;
            desc.images[1].wgsl_group1_binding_n = 65;
            desc.images[2].stage = SG_SHADERSTAGE_FRAGMENT;
            desc.images[2].image_type = SG_IMAGETYPE_2D;
            desc.images[2].sample_type = SG_IMAGESAMPLETYPE_FLOAT;
            desc.images[2].multisampled = false;
            desc.images[2].wgsl_group1_binding_n = 66;
            desc.images[3].stage = SG_SHADERSTAGE_FRAGMENT;
            desc.images[3].image_type = SG_IMAGETYPE_2D;
            desc.images[3].sample_type = SG_IMAGESAMPLETYPE_FLOAT;
            desc.images[3].multisampled = false;
            desc.images[3].wgsl_group1_binding_n = 67;
            desc.samplers[0].stage = SG_SHADERSTAGE_FRAGMENT;
            desc.samplers[0].sampler_type = SG_SAMPLERTYPE_FILTERING;
            desc.samplers[0].wgsl_group1_binding_n = 80;
            desc.image_sampler_pairs[0].stage = SG_SHADERSTAGE_FRAGMENT;
            desc.image_sampler_pairs[0].image_slot = 0;
            desc.image_sampler_pairs[0].sampler_slot = 0;
            desc.image_sampler_pairs[1].stage = SG_SHADERSTAGE_FRAGMENT;
            desc.image_sampler_pairs[1].image_slot = 1;
            desc.image_sampler_pairs[1].sampler_slot = 0;
            desc.image_sampler_pairs[2].stage = SG_SHADERSTAGE_FRAGMENT;
            desc.image_sampler_pairs[2].image_slot = 2;
            desc.image_sampler_pairs[2].sampler_slot = 0;
            desc.image_sampler_pairs[3].stage = SG_SHADERSTAGE_FRAGMENT;
            desc.image_sampler_pairs[3].image_slot = 3;
            desc.image_sampler_pairs[3].sampler_slot = 0;
            desc.label = "mesh3d_skinned_shader";
        }
        return &desc;
    }
    return 0;
}
