# Blender 4.0.2
# www.blender.org
mtllib Ant.mtl
o Ant
v 0.000412 0.003167 -0.002171
v 0.000703 0.003089 -0.002146
v 0.000916 0.003303 -0.002127
v 0.000838 0.003595 -0.002134
v 0.000547 0.003673 -0.002159
v 0.000335 0.003459 -0.002178
v 0.000325 0.003192 -0.001175
v 0.000613 0.003123 -0.001113
v 0.000834 0.003312 -0.001194
v 0.000768 0.003570 -0.001336
v 0.000481 0.003639 -0.001398
v 0.000259 0.003450 -0.001317
v 0.000407 0.003440 -0.002172
v 0.000567 0.003600 -0.002158
v 0.000785 0.003541 -0.002139
v 0.000843 0.003322 -0.002134
v 0.000684 0.003162 -0.002147
v 0.000465 0.003221 -0.002167
v 0.002396 0.006395 -0.006729
v 0.002628 0.006321 -0.006590
v 0.002748 0.006496 -0.006406
v 0.002634 0.006745 -0.006361
v 0.002401 0.006820 -0.006499
v 0.002282 0.006643 -0.006683
v 0.002490 0.006909 -0.007118
v 0.002661 0.007135 -0.006899
v 0.002946 0.007023 -0.006713
v 0.003060 0.006685 -0.006745
v 0.002889 0.006459 -0.006964
v 0.002604 0.006570 -0.007151
v 0.002715 0.006684 -0.007096
v 0.002874 0.006623 -0.006993
v 0.002967 0.006748 -0.006871
v 0.002902 0.006935 -0.006851
v 0.002743 0.006997 -0.006953
v 0.002649 0.006870 -0.007076
v 0.004820 0.003287 -0.009685
v 0.005085 0.003413 -0.009624
v 0.005212 0.003367 -0.009354
v 0.005075 0.003196 -0.009146
v 0.004811 0.003071 -0.009207
v 0.004683 0.003116 -0.009477
v 0.004773 0.003159 -0.009456
v 0.004857 0.003129 -0.009279
v 0.005032 0.003212 -0.009238
v 0.005122 0.003324 -0.009376
v 0.005038 0.003354 -0.009553
v 0.004863 0.003272 -0.009593
v 0.006363 0.001758 -0.010876
v 0.006471 0.001812 -0.010862
v 0.006535 0.001792 -0.010762
v 0.006492 0.001720 -0.010675
v 0.006384 0.001666 -0.010689
v 0.006320 0.001686 -0.010789
v 0.007445 0.000264 -0.011802
v 0.007509 0.000245 -0.011702
v 0.007616 0.000298 -0.011687
v 0.007660 0.000370 -0.011773
v 0.007596 0.000389 -0.011873
v 0.007489 0.000336 -0.011888
v 0.007540 0.000267 -0.011899
v 0.007625 0.000309 -0.011887
v 0.007676 0.000293 -0.011808
v 0.007641 0.000236 -0.011741
v 0.007556 0.000194 -0.011752
v 0.007506 0.000210 -0.011831
v 0.004907 0.003108 -0.009481
v 0.004953 0.003167 -0.009552
v 0.005044 0.003209 -0.009531
v 0.005087 0.003194 -0.009439
v 0.005041 0.003135 -0.009368
v 0.004950 0.003093 -0.009389
v 0.002856 0.006651 -0.007208
v 0.002867 0.006771 -0.007269
v 0.002968 0.006855 -0.007241
v 0.003063 0.006816 -0.007153
v 0.003054 0.006693 -0.007092
v 0.002947 0.006612 -0.007117
v 0.000678 0.003255 -0.002284
v 0.000525 0.003296 -0.002291
v 0.000788 0.003366 -0.002258
v 0.000745 0.003517 -0.002239
v 0.000592 0.003557 -0.002246
v 0.000482 0.003447 -0.002272
v 0.001376 0.004520 -0.004120
v 0.001231 0.004555 -0.004171
v 0.001451 0.004616 -0.004021
v 0.001380 0.004748 -0.003972
v 0.001235 0.004782 -0.004022
v 0.001161 0.004685 -0.004122
v 0.007339 0.000515 -0.011556
v 0.007272 0.000535 -0.011660
v 0.007451 0.000570 -0.011541
v 0.007496 0.000646 -0.011630
v 0.007430 0.000666 -0.011734
v 0.007318 0.000611 -0.011749
v 0.000101 0.003626 -0.001045
v 0.000434 0.003803 -0.001274
v 0.000850 0.003738 -0.001143
v 0.000933 0.003497 -0.000784
v 0.000600 0.003321 -0.000555
v 0.000184 0.003385 -0.000686
v 0.000166 0.003787 -0.000477
v 0.000582 0.003722 -0.000347
v 0.000914 0.003898 -0.000575
v 0.000831 0.004139 -0.000935
v 0.000416 0.004215 -0.001065
v 0.000083 0.004027 -0.000837
v 0.007785 0.000184 -0.012054
v 0.007833 0.000170 -0.012017
v 0.007846 0.000207 -0.011972
v 0.007811 0.000258 -0.011964
v 0.007764 0.000272 -0.012001
v 0.007751 0.000235 -0.012046
v 0.008033 0.000288 -0.012269
v 0.008050 0.000311 -0.012254
v 0.008073 0.000303 -0.012230
v 0.008077 0.000271 -0.012222
v 0.008059 0.000247 -0.012237
v 0.008037 0.000255 -0.012260
v 0.008280 0.000039 -0.012471
v 0.008296 0.000033 -0.012449
v 0.008316 0.000049 -0.012443
v 0.008321 0.000071 -0.012458
v 0.008306 0.000077 -0.012479
v 0.008285 0.000060 -0.012485
v 0.008301 0.000055 -0.012464
v 0.002764 0.006672 -0.007134
v 0.002725 0.006833 -0.007143
v 0.002821 0.006942 -0.007052
v 0.002957 0.006890 -0.006955
v 0.002997 0.006728 -0.006948
v 0.002899 0.006619 -0.007036
v 0.002729 0.006666 -0.007126
v 0.002672 0.006858 -0.007120
v 0.002777 0.006988 -0.007002
v 0.002940 0.006925 -0.006892
v 0.002997 0.006732 -0.006898
v 0.002892 0.006603 -0.007015
v 0.000689 0.003180 -0.002217
v 0.000474 0.003237 -0.002232
v 0.000845 0.003336 -0.002193
v 0.000786 0.003550 -0.002185
v 0.000572 0.003608 -0.002201
v 0.000416 0.003451 -0.002224
v 0.004805 0.003117 -0.009476
v 0.004892 0.003225 -0.009608
v 0.005059 0.003304 -0.009570
v 0.005139 0.003275 -0.009399
v 0.005053 0.003167 -0.009268
v 0.004886 0.003088 -0.009306
v 0.007658 0.000133 -0.011851
v 0.007612 0.000152 -0.011906
v 0.007705 0.000183 -0.011825
v 0.007705 0.000251 -0.011855
v 0.007659 0.000270 -0.011909
v 0.007613 0.000220 -0.011935
v 0.000505 0.003630 -0.002163
v 0.000436 0.003601 -0.001382
v 0.000535 0.003568 -0.002161
v 0.002377 0.006783 -0.006536
v 0.002627 0.007090 -0.006943
v 0.002724 0.006971 -0.006978
v 0.005032 0.003387 -0.009637
v 0.005003 0.003338 -0.009561
v 0.006449 0.001801 -0.010865
v 0.007575 0.000379 -0.011876
v 0.007608 0.000300 -0.011890
v 0.005026 0.003201 -0.009536
v 0.002948 0.006838 -0.007247
v 0.000570 0.003535 -0.002251
v 0.001220 0.004762 -0.004042
v 0.007408 0.000655 -0.011737
v 0.000367 0.003767 -0.001228
v 0.000349 0.004169 -0.001020
v 0.007761 0.000264 -0.012010
v 0.008047 0.000307 -0.012257
v 0.008302 0.000073 -0.012480
v 0.002801 0.006920 -0.007070
v 0.002755 0.006962 -0.007026
v 0.000540 0.003576 -0.002205
v 0.005025 0.003288 -0.009577
v 0.007650 0.000260 -0.011915
v 0.000610 0.003656 -0.002154
v 0.000543 0.003624 -0.001385
v 0.000614 0.003587 -0.002154
v 0.002451 0.006803 -0.006470
v 0.002722 0.007111 -0.006859
v 0.002777 0.006983 -0.006931
v 0.005112 0.003403 -0.009566
v 0.005056 0.003348 -0.009515
v 0.006485 0.001808 -0.010841
v 0.007610 0.000385 -0.011852
v 0.007636 0.000305 -0.011870
v 0.005053 0.003206 -0.009512
v 0.002988 0.006847 -0.007222
v 0.000625 0.003549 -0.002244
v 0.001266 0.004774 -0.004012
v 0.007444 0.000661 -0.011712
v 0.000523 0.003789 -0.001246
v 0.000505 0.004190 -0.001037
v 0.007774 0.000269 -0.011993
v 0.008055 0.000310 -0.012249
v 0.008309 0.000075 -0.012474
v 0.002850 0.006931 -0.007031
v 0.002811 0.006974 -0.006978
v 0.000618 0.003595 -0.002197
v 0.005076 0.003298 -0.009533
v 0.007669 0.000266 -0.011898
v 0.000399 0.003217 -0.002172
v 0.000314 0.003236 -0.001199
v 0.000456 0.003258 -0.002167
v 0.002376 0.006438 -0.006721
v 0.002585 0.006628 -0.007145
v 0.002704 0.006716 -0.007092
v 0.004706 0.003145 -0.009512
v 0.004789 0.003178 -0.009480
v 0.006327 0.001698 -0.010804
v 0.007452 0.000276 -0.011817
v 0.007511 0.000219 -0.011843
v 0.004915 0.003118 -0.009493
v 0.002858 0.006671 -0.007218
v 0.000518 0.003321 -0.002288
v 0.001219 0.004577 -0.004163
v 0.007280 0.000548 -0.011676
v 0.000170 0.003426 -0.000747
v 0.000152 0.003859 -0.000538
v 0.007780 0.000193 -0.012053
v 0.008036 0.000261 -0.012262
v 0.008281 0.000042 -0.012473
v 0.002757 0.006700 -0.007136
v 0.002719 0.006699 -0.007125
v 0.000464 0.003273 -0.002231
v 0.004820 0.003136 -0.009499
v 0.007612 0.000163 -0.011911
v 0.000152 0.004108 -0.000538
v 0.000505 0.004470 -0.001037
v 0.000349 0.004449 -0.001020
v 0.000499 0.004243 -0.000706
v 0.000083 0.004308 -0.000837
v 0.000416 0.004484 -0.001065
v 0.000831 0.004419 -0.000935
v 0.000914 0.004179 -0.000575
v 0.000582 0.004002 -0.000347
v 0.000166 0.004067 -0.000477
v -0.002089 0.003148 -0.000192
v -0.002014 0.003071 -0.000474
v -0.001958 0.003279 -0.000680
v -0.001979 0.003563 -0.000604
v -0.002054 0.003638 -0.000323
v -0.002109 0.003431 -0.000116
v -0.001123 0.003192 0.000067
v -0.001012 0.003123 -0.000205
v -0.001053 0.003312 -0.000437
v -0.001205 0.003568 -0.000397
v -0.001316 0.003636 -0.000125
v -0.001275 0.003450 0.000107
v -0.002090 0.003412 -0.000187
v -0.002049 0.003568 -0.000341
v -0.001992 0.003511 -0.000553
v -0.001977 0.003298 -0.000610
v -0.002019 0.003142 -0.000455
v -0.002075 0.003199 -0.000243
v -0.004382 0.004208 -0.000726
v -0.004371 0.004143 -0.001001
v -0.004240 0.004312 -0.001180
v -0.004120 0.004547 -0.001085
v -0.004130 0.004612 -0.000811
v -0.004261 0.004442 -0.000631
v -0.004706 0.004703 -0.000605
v -0.004539 0.004918 -0.000833
v -0.004525 0.004835 -0.001182
v -0.004679 0.004536 -0.001303
v -0.004846 0.004321 -0.001075
v -0.004859 0.004404 -0.000726
v -0.004832 0.004524 -0.000835
v -0.004824 0.004477 -0.001029
v -0.004732 0.004597 -0.001156
v -0.004647 0.004762 -0.001089
v -0.004654 0.004809 -0.000895
v -0.004747 0.004689 -0.000769
v -0.007215 0.003062 -0.000808
v -0.007394 0.003179 -0.001015
v -0.007339 0.003130 -0.001308
v -0.007106 0.002964 -0.001392
v -0.006927 0.002846 -0.001185
v -0.006982 0.002895 -0.000893
v -0.007043 0.002933 -0.000964
v -0.007007 0.002901 -0.001156
v -0.007125 0.002978 -0.001293
v -0.007278 0.003088 -0.001237
v -0.007314 0.003120 -0.001044
v -0.007196 0.003043 -0.000908
v -0.008018 0.002066 -0.000958
v -0.008087 0.002117 -0.001042
v -0.008066 0.002097 -0.001159
v -0.007975 0.002025 -0.001193
v -0.007906 0.001973 -0.001110
v -0.007927 0.001994 -0.000992
v -0.009404 0.000248 -0.000866
v -0.009412 0.000229 -0.000985
v -0.009499 0.000282 -0.001049
v -0.009579 0.000354 -0.000995
v -0.009571 0.000373 -0.000876
v -0.009484 0.000320 -0.000812
v -0.009534 0.000253 -0.000823
v -0.009603 0.000295 -0.000874
v -0.009609 0.000280 -0.000968
v -0.009546 0.000223 -0.001011
v -0.009477 0.000181 -0.000960
v -0.009471 0.000196 -0.000866
v -0.007166 0.002878 -0.001027
v -0.007245 0.002935 -0.000998
v -0.007306 0.002976 -0.001069
v -0.007288 0.002959 -0.001169
v -0.007208 0.002902 -0.001198
v -0.007147 0.002862 -0.001127
v -0.004994 0.004534 -0.000910
v -0.005030 0.004660 -0.000880
v -0.005036 0.004751 -0.000978
v -0.005006 0.004715 -0.001104
v -0.004970 0.004590 -0.001134
v -0.004964 0.004499 -0.001036
v -0.002154 0.003226 -0.000473
v -0.002188 0.003266 -0.000324
v -0.002109 0.003334 -0.000576
v -0.002098 0.003482 -0.000531
v -0.002131 0.003521 -0.000382
v -0.002176 0.003413 -0.000278
v -0.002830 0.003519 -0.000654
v -0.002850 0.003554 -0.000501
v -0.002748 0.003615 -0.000747
v -0.002685 0.003747 -0.000688
v -0.002705 0.003782 -0.000536
v -0.002788 0.003685 -0.000442
v -0.009194 0.000484 -0.001047
v -0.009186 0.000504 -0.000923
v -0.009285 0.000540 -0.001114
v -0.009368 0.000615 -0.001057
v -0.009360 0.000634 -0.000933
v -0.009269 0.000579 -0.000866
v -0.001034 0.003626 0.000310
v -0.001201 0.003801 -0.000057
v -0.001000 0.003738 -0.000444
v -0.000632 0.003497 -0.000463
v -0.000465 0.003321 -0.000096
v -0.000666 0.003385 0.000291
v -0.000464 0.003704 0.000345
v -0.000263 0.003640 -0.000042
v -0.000430 0.003816 -0.000409
v -0.000798 0.004057 -0.000390
v -0.000999 0.004137 -0.000003
v -0.000832 0.003945 0.000364
v -0.009822 0.000175 -0.000794
v -0.009846 0.000161 -0.000848
v -0.009836 0.000198 -0.000896
v -0.009802 0.000248 -0.000889
v -0.009778 0.000261 -0.000834
v -0.009788 0.000225 -0.000787
v -0.010142 0.000280 -0.000716
v -0.010150 0.000304 -0.000738
v -0.010158 0.000295 -0.000769
v -0.010157 0.000263 -0.000778
v -0.010149 0.000240 -0.000756
v -0.010141 0.000248 -0.000725
v -0.010454 0.000034 -0.000642
v -0.010457 0.000028 -0.000668
v -0.010472 0.000045 -0.000684
v -0.010484 0.000067 -0.000674
v -0.010480 0.000072 -0.000648
v -0.010465 0.000056 -0.000632
v -0.010469 0.000050 -0.000658
v -0.004889 0.004527 -0.000861
v -0.004846 0.004678 -0.000808
v -0.004788 0.004787 -0.000924
v -0.004772 0.004745 -0.001094
v -0.004815 0.004594 -0.001148
v -0.004873 0.004485 -0.001031
v -0.004868 0.004514 -0.000836
v -0.004797 0.004689 -0.000769
v -0.004714 0.004814 -0.000903
v -0.004702 0.004765 -0.001104
v -0.004772 0.004591 -0.001171
v -0.004855 0.004465 -0.001037
v -0.002086 0.003156 -0.000472
v -0.002138 0.003212 -0.000263
v -0.002036 0.003309 -0.000621
v -0.002038 0.003517 -0.000562
v -0.002090 0.003573 -0.000354
v -0.002140 0.003420 -0.000204
v -0.007081 0.002891 -0.000968
v -0.007228 0.002996 -0.000915
v -0.007341 0.003070 -0.001046
v -0.007306 0.003039 -0.001230
v -0.007159 0.002934 -0.001284
v -0.007047 0.002860 -0.001153
v -0.009614 0.000123 -0.000916
v -0.009600 0.000141 -0.000846
v -0.009642 0.000172 -0.000962
v -0.009657 0.000240 -0.000938
v -0.009643 0.000257 -0.000868
v -0.009615 0.000208 -0.000822
v -0.002065 0.003597 -0.000281
v -0.001307 0.003599 -0.000078
v -0.002057 0.003536 -0.000310
v -0.004156 0.004578 -0.000775
v -0.004572 0.004874 -0.000788
v -0.004673 0.004784 -0.000870
v -0.007358 0.003155 -0.000974
v -0.007290 0.003105 -0.001017
v -0.008073 0.002107 -0.001025
v -0.009553 0.000363 -0.000863
v -0.009589 0.000287 -0.000864
v -0.007294 0.002967 -0.001055
v -0.005035 0.004732 -0.000958
v -0.002140 0.003500 -0.000361
v -0.002722 0.003762 -0.000517
v -0.009342 0.000623 -0.000920
v -0.001168 0.003767 0.000016
v -0.000966 0.004086 0.000071
v -0.009780 0.000254 -0.000825
v -0.010148 0.000299 -0.000734
v -0.010477 0.000069 -0.000644
v -0.004799 0.004765 -0.000901
v -0.004731 0.004789 -0.000877
v -0.002100 0.003542 -0.000324
v -0.007318 0.003055 -0.001020
v -0.009637 0.000248 -0.000859
v -0.002038 0.003622 -0.000383
v -0.001292 0.003621 -0.000183
v -0.002037 0.003555 -0.000387
v -0.004128 0.004598 -0.000870
v -0.004536 0.004899 -0.000908
v -0.004652 0.004798 -0.000937
v -0.007382 0.003168 -0.001078
v -0.007306 0.003113 -0.001086
v -0.008083 0.002113 -0.001067
v -0.009573 0.000369 -0.000902
v -0.009604 0.000292 -0.000894
v -0.007302 0.002972 -0.001091
v -0.005029 0.004743 -0.001005
v -0.002124 0.003513 -0.000414
v -0.002701 0.003774 -0.000569
v -0.009362 0.000630 -0.000960
v -0.001158 0.003787 -0.000140
v -0.000956 0.004108 -0.000086
v -0.009783 0.000259 -0.000846
v -0.010152 0.000302 -0.000745
v -0.010481 0.000071 -0.000653
v -0.004784 0.004778 -0.000961
v -0.004711 0.004804 -0.000947
v -0.002079 0.003561 -0.000398
v -0.007333 0.003063 -0.001085
v -0.009646 0.000254 -0.000884
v -0.002092 0.003196 -0.000179
v -0.001149 0.003236 0.000074
v -0.002078 0.003235 -0.000234
v -0.004361 0.004247 -0.000710
v -0.004833 0.004454 -0.000705
v -0.004817 0.004552 -0.000824
v -0.007022 0.002922 -0.000878
v -0.007069 0.002952 -0.000954
v -0.007942 0.002006 -0.000986
v -0.009417 0.000260 -0.000857
v -0.009482 0.000206 -0.000859
v -0.007179 0.002888 -0.001022
v -0.005000 0.004555 -0.000905
v -0.002186 0.003291 -0.000316
v -0.002839 0.003576 -0.000491
v -0.009200 0.000517 -0.000914
v -0.000728 0.003426 0.000294
v -0.000526 0.003766 0.000348
v -0.009816 0.000183 -0.000792
v -0.010141 0.000254 -0.000723
v -0.010456 0.000038 -0.000641
v -0.004881 0.004553 -0.000852
v -0.004856 0.004543 -0.000824
v -0.002139 0.003247 -0.000253
v -0.007106 0.002908 -0.000959
v -0.009602 0.000152 -0.000842
v -0.000397 0.004342 0.000271
v -0.000827 0.004704 -0.000164
v -0.000837 0.004683 -0.000007
v -0.000502 0.004477 -0.000100
v -0.000703 0.004542 0.000287
v -0.000870 0.004717 -0.000081
v -0.000669 0.004653 -0.000467
v -0.000301 0.004412 -0.000487
v -0.000134 0.004236 -0.000119
v -0.000335 0.004301 0.000267
v -0.001006 0.003167 -0.001380
v -0.000767 0.003089 -0.001547
v -0.000592 0.003303 -0.001670
v -0.000656 0.003595 -0.001625
v -0.000895 0.003673 -0.001458
v -0.001070 0.003459 -0.001335
v -0.000432 0.003192 -0.000560
v -0.000172 0.003123 -0.000698
v -0.000055 0.003312 -0.000902
v -0.000197 0.003570 -0.000969
v -0.000457 0.003639 -0.000831
v -0.000574 0.003450 -0.000627
v -0.001010 0.003440 -0.001377
v -0.000879 0.003600 -0.001469
v -0.000700 0.003541 -0.001594
v -0.000652 0.003322 -0.001628
v -0.000783 0.003162 -0.001536
v -0.000962 0.003221 -0.001410
v -0.002087 0.004412 -0.003523
v -0.001877 0.004348 -0.003700
v -0.001659 0.004522 -0.003730
v -0.001650 0.004759 -0.003581
v -0.001859 0.004823 -0.003404
v -0.002078 0.004649 -0.003375
v -0.002396 0.004918 -0.003678
v -0.002118 0.005140 -0.003715
v -0.001852 0.005059 -0.003941
v -0.001862 0.004756 -0.004128
v -0.002138 0.004534 -0.004087
v -0.002405 0.004616 -0.003863
v -0.002307 0.004741 -0.003920
v -0.002159 0.004696 -0.004044
v -0.002006 0.004819 -0.004066
v -0.002001 0.004987 -0.003963
v -0.002148 0.005032 -0.003838
v -0.002302 0.004909 -0.003817
v -0.003663 0.003254 -0.005739
v -0.003578 0.003379 -0.005998
v -0.003300 0.003333 -0.006104
v -0.003107 0.003163 -0.005951
v -0.003192 0.003039 -0.005691
v -0.003470 0.003084 -0.005585
v -0.003440 0.003127 -0.005673
v -0.003258 0.003097 -0.005742
v -0.003202 0.003179 -0.005913
v -0.003328 0.003290 -0.006014
v -0.003511 0.003320 -0.005945
v -0.003567 0.003239 -0.005774
v -0.004031 0.002215 -0.006565
v -0.004007 0.002268 -0.006672
v -0.003901 0.002249 -0.006727
v -0.003818 0.002176 -0.006675
v -0.003842 0.002122 -0.006569
v -0.003948 0.002142 -0.006514
v -0.004994 0.000251 -0.007813
v -0.004888 0.000232 -0.007868
v -0.004864 0.000285 -0.007974
v -0.004946 0.000357 -0.008025
v -0.005052 0.000377 -0.007971
v -0.005076 0.000324 -0.007865
v -0.005087 0.000255 -0.007918
v -0.005068 0.000297 -0.008002
v -0.004985 0.000282 -0.008045
v -0.004920 0.000224 -0.008004
v -0.004939 0.000183 -0.007920
v -0.005022 0.000198 -0.007877
v -0.003447 0.003074 -0.005807
v -0.003513 0.003132 -0.005859
v -0.003484 0.003175 -0.005948
v -0.003389 0.003159 -0.005984
v -0.003323 0.003101 -0.005932
v -0.003352 0.003059 -0.005843
v -0.002360 0.004749 -0.004085
v -0.002407 0.004876 -0.004093
v -0.002340 0.004968 -0.004164
v -0.002227 0.004934 -0.004228
v -0.002180 0.004808 -0.004220
v -0.002246 0.004715 -0.004148
v -0.000875 0.003255 -0.001637
v -0.000997 0.003296 -0.001544
v -0.000774 0.003366 -0.001687
v -0.000795 0.003517 -0.001645
v -0.000916 0.003557 -0.001553
v -0.001017 0.003447 -0.001502
v -0.001068 0.003603 -0.002396
v -0.001185 0.003639 -0.002296
v -0.000945 0.003700 -0.002410
v -0.000938 0.003832 -0.002325
v -0.001054 0.003868 -0.002225
v -0.001178 0.003771 -0.002210
v -0.004734 0.000497 -0.007680
v -0.004844 0.000518 -0.007623
v -0.004709 0.000553 -0.007790
v -0.004795 0.000628 -0.007843
v -0.004905 0.000648 -0.007787
v -0.004930 0.000593 -0.007676
v -0.000521 0.003626 -0.000317
v -0.000413 0.003803 -0.000706
v -0.000010 0.003738 -0.000873
v 0.000284 0.003497 -0.000651
v 0.000177 0.003321 -0.000262
v -0.000226 0.003385 -0.000095
v -0.000106 0.003944 0.000076
v 0.000296 0.003880 -0.000091
v 0.000404 0.004056 -0.000480
v 0.000110 0.004297 -0.000702
v -0.000293 0.004362 -0.000535
v -0.000401 0.004185 -0.000146
v 0.000002 0.004121 -0.000313
v -0.005234 0.000175 -0.008177
v -0.005194 0.000161 -0.008221
v -0.005146 0.000198 -0.008230
v -0.005137 0.000248 -0.008194
v -0.005178 0.000262 -0.008150
v -0.005226 0.000225 -0.008142
v -0.005436 0.000280 -0.008442
v -0.005419 0.000304 -0.008458
v -0.005393 0.000295 -0.008478
v -0.005385 0.000263 -0.008481
v -0.005402 0.000240 -0.008465
v -0.005427 0.000248 -0.008445
v -0.005632 0.000034 -0.008705
v -0.005610 0.000028 -0.008718
v -0.005601 0.000045 -0.008738
v -0.005616 0.000067 -0.008744
v -0.005638 0.000072 -0.008731
v -0.005646 0.000056 -0.008711
v -0.005624 0.000050 -0.008724
v -0.002326 0.004744 -0.003977
v -0.002339 0.004897 -0.003913
v -0.002216 0.005010 -0.003952
v -0.002080 0.004969 -0.004056
v -0.002067 0.004815 -0.004120
v -0.002190 0.004703 -0.004081
v -0.002331 0.004730 -0.003945
v -0.002335 0.004908 -0.003853
v -0.002182 0.005038 -0.003887
v -0.002026 0.004990 -0.004013
v -0.002022 0.004813 -0.004105
v -0.002174 0.004683 -0.004071
v -0.000824 0.003180 -0.001592
v -0.000998 0.003237 -0.001466
v -0.000689 0.003336 -0.001675
v -0.000729 0.003550 -0.001631
v -0.000903 0.003608 -0.001505
v -0.001037 0.003451 -0.001422
v -0.003455 0.003084 -0.005706
v -0.003577 0.003191 -0.005803
v -0.003523 0.003270 -0.005967
v -0.003348 0.003241 -0.006033
v -0.003226 0.003134 -0.005936
v -0.003280 0.003056 -0.005773
v -0.005036 0.000123 -0.008032
v -0.005095 0.000141 -0.007991
v -0.005005 0.000173 -0.008076
v -0.005032 0.000240 -0.008079
v -0.005090 0.000258 -0.008038
v -0.005122 0.000209 -0.007994
v -0.000930 0.003630 -0.001433
v -0.000480 0.003601 -0.000791
v -0.000905 0.003568 -0.001450
v -0.001903 0.004788 -0.003398
v -0.002174 0.005095 -0.003708
v -0.002179 0.005007 -0.003834
v -0.003595 0.003354 -0.005946
v -0.003522 0.003304 -0.005910
v -0.004012 0.002257 -0.006651
v -0.005057 0.000366 -0.007949
v -0.005072 0.000289 -0.007985
v -0.003490 0.003166 -0.005930
v -0.002354 0.004950 -0.004150
v -0.000936 0.003535 -0.001542
v -0.001079 0.003849 -0.002222
v -0.004910 0.000637 -0.007764
v -0.000434 0.003767 -0.000628
v -0.000314 0.004326 -0.000457
v -0.005187 0.000254 -0.008149
v -0.005422 0.000299 -0.008455
v -0.005640 0.000069 -0.008727
v -0.002240 0.004987 -0.003945
v -0.002213 0.005012 -0.003880
v -0.000930 0.003576 -0.001488
v -0.003534 0.003254 -0.005934
v -0.005097 0.000249 -0.008029
v -0.000844 0.003656 -0.001493
v -0.000401 0.003624 -0.000861
v -0.000841 0.003587 -0.001496
v -0.001814 0.004809 -0.003442
v -0.002061 0.005122 -0.003764
v -0.002117 0.005022 -0.003865
v -0.003518 0.003369 -0.006021
v -0.003472 0.003314 -0.005959
v -0.003984 0.002264 -0.006684
v -0.005029 0.000372 -0.007982
v -0.005050 0.000294 -0.008011
v -0.003463 0.003172 -0.005956
v -0.002316 0.004961 -0.004178
v -0.000890 0.003549 -0.001572
v -0.001029 0.003860 -0.002246
v -0.004881 0.000644 -0.007799
v -0.000326 0.003789 -0.000742
v -0.000206 0.004348 -0.000571
v -0.005169 0.000259 -0.008160
v -0.005413 0.000302 -0.008462
v -0.005633 0.000071 -0.008734
v -0.002186 0.005001 -0.003975
v -0.002149 0.005027 -0.003914
v -0.000866 0.003595 -0.001532
v -0.003485 0.003264 -0.005981
v -0.005078 0.000255 -0.008047
v -0.001017 0.003217 -0.001372
v -0.000456 0.003236 -0.000572
v -0.000971 0.003258 -0.001405
v -0.002086 0.004452 -0.003498
v -0.002404 0.004667 -0.003832
v -0.002306 0.004770 -0.003902
v -0.003503 0.003113 -0.005611
v -0.003462 0.003146 -0.005690
v -0.003962 0.002154 -0.006522
v -0.005007 0.000263 -0.007822
v -0.005033 0.000208 -0.007884
v -0.003458 0.003084 -0.005816
v -0.002368 0.004771 -0.004086
v -0.001000 0.003321 -0.001537
v -0.001184 0.003661 -0.002281
v -0.004859 0.000531 -0.007632
v -0.000276 0.003426 -0.000133
v -0.000156 0.003985 0.000039
v -0.005233 0.000183 -0.008171
v -0.005429 0.000254 -0.008445
v -0.005635 0.000038 -0.008706
v -0.002328 0.004770 -0.003967
v -0.002332 0.004760 -0.003930
v -0.001005 0.003273 -0.001459
v -0.003476 0.003102 -0.005722
v -0.005099 0.000153 -0.007992
v 0.002195 0.003167 0.000375
v 0.002271 0.003089 0.000093
v 0.002326 0.003303 -0.000113
v 0.002306 0.003595 -0.000038
v 0.002230 0.003673 0.000244
v 0.002175 0.003459 0.000450
v 0.001229 0.003192 0.000116
v 0.001269 0.003123 -0.000176
v 0.001421 0.003312 -0.000356
v 0.001532 0.003570 -0.000245
v 0.001492 0.003639 0.000046
v 0.001340 0.003450 0.000226
v 0.002194 0.003440 0.000380
v 0.002235 0.003600 0.000225
v 0.002292 0.003541 0.000013
v 0.002307 0.003322 -0.000043
v 0.002265 0.003162 0.000112
v 0.002209 0.003221 0.000323
v 0.007156 0.006395 0.000070
v 0.007106 0.006321 -0.000196
v 0.006973 0.006496 -0.000371
v 0.006892 0.006745 -0.000280
v 0.006942 0.006820 -0.000014
v 0.007075 0.006643 0.000161
v 0.007554 0.006909 0.000114
v 0.007407 0.007135 -0.000121
v 0.007329 0.007023 -0.000453
v 0.007399 0.006685 -0.000549
v 0.007546 0.006459 -0.000314
v 0.007624 0.006570 0.000018
v 0.007610 0.006684 -0.000105
v 0.007568 0.006623 -0.000289
v 0.007485 0.006748 -0.000419
v 0.007444 0.006935 -0.000364
v 0.007486 0.006997 -0.000180
v 0.007569 0.006870 -0.000050
v 0.010763 0.003287 -0.001197
v 0.010796 0.003413 -0.001467
v 0.010587 0.003367 -0.001679
v 0.010344 0.003196 -0.001622
v 0.010311 0.003071 -0.001352
v 0.010521 0.003116 -0.001140
v 0.010532 0.003159 -0.001232
v 0.010394 0.003129 -0.001371
v 0.010416 0.003212 -0.001549
v 0.010576 0.003324 -0.001587
v 0.010714 0.003354 -0.001447
v 0.010692 0.003272 -0.001269
v 0.012410 0.001758 -0.002240
v 0.012434 0.001812 -0.002346
v 0.012362 0.001792 -0.002441
v 0.012265 0.001720 -0.002429
v 0.012241 0.001666 -0.002324
v 0.012314 0.001686 -0.002229
v 0.013650 0.000264 -0.002940
v 0.013578 0.000245 -0.003034
v 0.013601 0.000298 -0.003140
v 0.013697 0.000370 -0.003152
v 0.013769 0.000389 -0.003058
v 0.013746 0.000336 -0.002952
v 0.013774 0.000267 -0.002996
v 0.013792 0.000309 -0.003080
v 0.013735 0.000293 -0.003155
v 0.013660 0.000236 -0.003145
v 0.013641 0.000194 -0.003061
v 0.013698 0.000210 -0.002987
v 0.010601 0.003108 -0.001349
v 0.010684 0.003167 -0.001368
v 0.010695 0.003209 -0.001460
v 0.010624 0.003194 -0.001532
v 0.010541 0.003135 -0.001513
v 0.010530 0.003093 -0.001421
v 0.007763 0.006651 -0.000199
v 0.007825 0.006771 -0.000189
v 0.007833 0.006855 -0.000293
v 0.007783 0.006816 -0.000413
v 0.007722 0.006693 -0.000425
v 0.007709 0.006612 -0.000316
v 0.002392 0.003255 0.000164
v 0.002346 0.003296 0.000310
v 0.002405 0.003366 0.000051
v 0.002372 0.003517 0.000085
v 0.002327 0.003557 0.000231
v 0.002314 0.003447 0.000343
v 0.004356 0.004520 0.000136
v 0.004354 0.004555 0.000289
v 0.004288 0.004616 0.000032
v 0.004218 0.004748 0.000081
v 0.004216 0.004782 0.000235
v 0.004284 0.004685 0.000339
v 0.013383 0.000515 -0.002924
v 0.013458 0.000535 -0.002826
v 0.013407 0.000570 -0.003035
v 0.013506 0.000646 -0.003047
v 0.013582 0.000666 -0.002949
v 0.013557 0.000611 -0.002838
v 0.001030 0.003626 0.000282
v 0.001359 0.003803 0.000047
v 0.001378 0.003738 -0.000388
v 0.001069 0.003497 -0.000589
v 0.000740 0.003321 -0.000354
v 0.000721 0.003385 0.000081
v 0.000519 0.003787 0.000027
v 0.000538 0.003722 -0.000408
v 0.000867 0.003898 -0.000643
v 0.001176 0.004139 -0.000442
v 0.001157 0.004215 -0.000007
v 0.000828 0.004027 0.000228
v 0.014003 0.000184 -0.003174
v 0.013985 0.000170 -0.003231
v 0.013947 0.000207 -0.003258
v 0.013928 0.000258 -0.003229
v 0.013946 0.000272 -0.003172
v 0.013984 0.000235 -0.003144
v 0.014290 0.000288 -0.003332
v 0.014282 0.000311 -0.003354
v 0.014267 0.000303 -0.003383
v 0.014261 0.000271 -0.003390
v 0.014269 0.000247 -0.003369
v 0.014283 0.000255 -0.003340
v 0.014564 0.000039 -0.003496
v 0.014550 0.000033 -0.003518
v 0.014551 0.000049 -0.003540
v 0.014566 0.000071 -0.003539
v 0.014581 0.000077 -0.003517
v 0.014580 0.000060 -0.003496
v 0.014565 0.000055 -0.003518
v 0.007663 0.006672 -0.000137
v 0.007658 0.006833 -0.000098
v 0.007605 0.006942 -0.000219
v 0.007561 0.006890 -0.000381
v 0.007568 0.006728 -0.000421
v 0.007617 0.006619 -0.000298
v 0.007643 0.006666 -0.000108
v 0.007618 0.006858 -0.000056
v 0.007543 0.006988 -0.000195
v 0.007495 0.006925 -0.000386
v 0.007521 0.006732 -0.000438
v 0.007595 0.006603 -0.000298
v 0.002332 0.003180 0.000131
v 0.002273 0.003237 0.000337
v 0.002364 0.003336 -0.000024
v 0.002336 0.003550 0.000028
v 0.002277 0.003608 0.000235
v 0.002246 0.003451 0.000390
v 0.010562 0.003117 -0.001255
v 0.010715 0.003225 -0.001291
v 0.010736 0.003304 -0.001461
v 0.010604 0.003275 -0.001595
v 0.010451 0.003167 -0.001559
v 0.010430 0.003088 -0.001389
v 0.013769 0.000133 -0.003124
v 0.013805 0.000152 -0.003062
v 0.013761 0.000183 -0.003176
v 0.013789 0.000251 -0.003167
v 0.013825 0.000270 -0.003105
v 0.013833 0.000220 -0.003052
v 0.002219 0.003630 0.000285
v 0.001461 0.003601 0.000082
v 0.002227 0.003568 0.000256
v 0.006969 0.006783 0.000021
v 0.007436 0.007090 -0.000074
v 0.007502 0.006971 -0.000154
v 0.010790 0.003387 -0.001413
v 0.010709 0.003338 -0.001411
v 0.012429 0.001801 -0.002325
v 0.013764 0.000379 -0.003036
v 0.013789 0.000300 -0.003063
v 0.010693 0.003201 -0.001442
v 0.007832 0.006838 -0.000273
v 0.002324 0.003535 0.000254
v 0.004230 0.004762 0.000255
v 0.013577 0.000655 -0.002927
v 0.001293 0.003767 0.000094
v 0.001091 0.004169 0.000040
v 0.013954 0.000264 -0.003166
v 0.014284 0.000307 -0.003350
v 0.014581 0.000073 -0.003513
v 0.007616 0.006920 -0.000195
v 0.007558 0.006962 -0.000167
v 0.002271 0.003576 0.000266
v 0.010732 0.003288 -0.001427
v 0.013826 0.000260 -0.003094
v 0.002246 0.003656 0.000183
v 0.001500 0.003624 -0.000017
v 0.002247 0.003587 0.000179
v 0.006931 0.006803 -0.000071
v 0.007390 0.007111 -0.000193
v 0.007477 0.006983 -0.000219
v 0.010751 0.003403 -0.001512
v 0.010684 0.003348 -0.001477
v 0.012419 0.001808 -0.002366
v 0.013753 0.000385 -0.003078
v 0.013780 0.000305 -0.003096
v 0.010680 0.003206 -0.001476
v 0.007822 0.006847 -0.000319
v 0.002336 0.003549 0.000200
v 0.004216 0.004774 0.000202
v 0.013566 0.000661 -0.002970
v 0.001363 0.003789 -0.000046
v 0.001161 0.004190 -0.000100
v 0.013942 0.000269 -0.003184
v 0.014279 0.000310 -0.003360
v 0.014578 0.000075 -0.003522
v 0.007596 0.006931 -0.000253
v 0.007533 0.006974 -0.000236
v 0.002290 0.003595 0.000191
v 0.010708 0.003298 -0.001490
v 0.013817 0.000266 -0.003118
v 0.002192 0.003217 0.000387
v 0.001248 0.003236 0.000134
v 0.002206 0.003258 0.000333
v 0.007142 0.006438 0.000085
v 0.007612 0.006628 0.000034
v 0.007603 0.006716 -0.000095
v 0.010562 0.003145 -0.001149
v 0.010559 0.003178 -0.001238
v 0.012330 0.001698 -0.002231
v 0.013666 0.000276 -0.002942
v 0.013711 0.000219 -0.002988
v 0.010615 0.003118 -0.001352
v 0.007774 0.006671 -0.000197
v 0.002341 0.003321 0.000315
v 0.004342 0.004577 0.000298
v 0.013475 0.000548 -0.002828
v 0.000774 0.003426 0.000115
v 0.000572 0.003859 0.000061
v 0.014000 0.000193 -0.003169
v 0.014285 0.000261 -0.003338
v 0.014567 0.000042 -0.003496
v 0.007662 0.006700 -0.000131
v 0.007639 0.006699 -0.000099
v 0.002269 0.003273 0.000346
v 0.010588 0.003136 -0.001261
v 0.013810 0.000163 -0.003060
v 0.000572 0.004108 0.000061
v 0.001161 0.004470 -0.000100
v 0.001091 0.004449 0.000040
v 0.000848 0.004243 -0.000208
v 0.000828 0.004308 0.000228
v 0.001157 0.004484 -0.000007
v 0.001176 0.004419 -0.000442
v 0.000867 0.004179 -0.000643
v 0.000538 0.004002 -0.000408
v 0.000519 0.004067 0.000027
v -0.000521 0.003148 0.002048
v -0.000230 0.003071 0.002074
v -0.000017 0.003279 0.002092
v -0.000095 0.003563 0.002085
v -0.000386 0.003638 0.002060
v -0.000598 0.003431 0.002041
v -0.000433 0.003192 0.001052
v -0.000140 0.003123 0.001041
v 0.000064 0.003312 0.001159
v -0.000025 0.003568 0.001288
v -0.000319 0.003636 0.001299
v -0.000523 0.003450 0.001181
v -0.000526 0.003412 0.002048
v -0.000366 0.003568 0.002062
v -0.000148 0.003511 0.002081
v -0.000090 0.003298 0.002086
v -0.000249 0.003142 0.002072
v -0.000468 0.003199 0.002053
v -0.000803 0.004208 0.004386
v -0.000541 0.004143 0.004470
v -0.000328 0.004312 0.004408
v -0.000375 0.004547 0.004262
v -0.000637 0.004612 0.004178
v -0.000850 0.004442 0.004240
v -0.001027 0.004703 0.004648
v -0.000755 0.004918 0.004570
v -0.000423 0.004835 0.004676
v -0.000362 0.004536 0.004862
v -0.000634 0.004321 0.004941
v -0.000966 0.004404 0.004834
v -0.000854 0.004524 0.004846
v -0.000669 0.004477 0.004905
v -0.000519 0.004597 0.004861
v -0.000552 0.004762 0.004758
v -0.000737 0.004809 0.004699
v -0.000888 0.004689 0.004743
v -0.001695 0.003062 0.007076
v -0.001561 0.003179 0.007315
v -0.001268 0.003130 0.007363
v -0.001108 0.002964 0.007173
v -0.001242 0.002846 0.006934
v -0.001536 0.002895 0.006886
v -0.001490 0.002933 0.006967
v -0.001297 0.002901 0.006999
v -0.001209 0.002978 0.007157
v -0.001313 0.003088 0.007282
v -0.001506 0.003120 0.007250
v -0.001595 0.003043 0.007092
v -0.001828 0.002066 0.007881
v -0.001774 0.002117 0.007975
v -0.001656 0.002097 0.007996
v -0.001593 0.002025 0.007922
v -0.001647 0.001973 0.007828
v -0.001765 0.001994 0.007807
v -0.002389 0.000248 0.009153
v -0.002280 0.000229 0.009201
v -0.002249 0.000282 0.009305
v -0.002328 0.000354 0.009361
v -0.002437 0.000373 0.009313
v -0.002467 0.000320 0.009209
v -0.002474 0.000253 0.009260
v -0.002449 0.000295 0.009342
v -0.002363 0.000280 0.009380
v -0.002301 0.000223 0.009336
v -0.002325 0.000181 0.009253
v -0.002412 0.000196 0.009215
v -0.001472 0.002878 0.007105
v -0.001526 0.002935 0.007169
v -0.001480 0.002976 0.007251
v -0.001380 0.002959 0.007267
v -0.001326 0.002902 0.007203
v -0.001372 0.002862 0.007121
v -0.000840 0.004534 0.005024
v -0.000879 0.004660 0.005047
v -0.000790 0.004751 0.005086
v -0.000661 0.004715 0.005101
v -0.000621 0.004590 0.005077
v -0.000711 0.004499 0.005039
v -0.000279 0.003226 0.002205
v -0.000430 0.003266 0.002186
v -0.000166 0.003334 0.002198
v -0.000205 0.003482 0.002172
v -0.000356 0.003521 0.002153
v -0.000469 0.003413 0.002160
v -0.000340 0.003519 0.002903
v -0.000490 0.003554 0.002869
v -0.000224 0.003615 0.002857
v -0.000258 0.003747 0.002778
v -0.000408 0.003782 0.002745
v -0.000524 0.003685 0.002790
v -0.002147 0.000484 0.009017
v -0.002260 0.000504 0.008968
v -0.002115 0.000540 0.009126
v -0.002197 0.000615 0.009184
v -0.002311 0.000634 0.009134
v -0.002342 0.000579 0.009026
v -0.000632 0.003626 0.000885
v -0.000344 0.003801 0.001168
v 0.000088 0.003738 0.001111
v 0.000233 0.003497 0.000772
v -0.000055 0.003321 0.000489
v -0.000487 0.003385 0.000546
v -0.000469 0.003704 0.000337
v -0.000037 0.003640 0.000281
v 0.000251 0.003816 0.000564
v 0.000107 0.004057 0.000903
v -0.000325 0.004137 0.000960
v -0.000613 0.003945 0.000677
v -0.002600 0.000175 0.009521
v -0.002557 0.000161 0.009562
v -0.002509 0.000198 0.009568
v -0.002503 0.000248 0.009534
v -0.002547 0.000261 0.009493
v -0.002595 0.000225 0.009486
v -0.002782 0.000280 0.009794
v -0.002764 0.000304 0.009810
v -0.002738 0.000295 0.009828
v -0.002729 0.000263 0.009831
v -0.002747 0.000240 0.009815
v -0.002774 0.000248 0.009797
v -0.002958 0.000034 0.010063
v -0.002935 0.000028 0.010075
v -0.002925 0.000045 0.010094
v -0.002939 0.000067 0.010101
v -0.002962 0.000072 0.010089
v -0.002972 0.000056 0.010070
v -0.002949 0.000050 0.010082
v -0.000849 0.004527 0.004908
v -0.000885 0.004678 0.004849
v -0.000755 0.004787 0.004835
v -0.000590 0.004745 0.004878
v -0.000555 0.004594 0.004937
v -0.000684 0.004485 0.004952
v -0.000866 0.004514 0.004880
v -0.000904 0.004689 0.004791
v -0.000750 0.004814 0.004758
v -0.000557 0.004765 0.004815
v -0.000518 0.004591 0.004904
v -0.000673 0.004465 0.004937
v -0.000256 0.003156 0.002141
v -0.000470 0.003212 0.002119
v -0.000099 0.003309 0.002145
v -0.000155 0.003517 0.002127
v -0.000369 0.003573 0.002105
v -0.000527 0.003420 0.002101
v -0.001498 0.002891 0.007005
v -0.001599 0.002996 0.007125
v -0.001514 0.003070 0.007275
v -0.001329 0.003039 0.007306
v -0.001229 0.002934 0.007186
v -0.001313 0.002860 0.007035
v -0.002413 0.000123 0.009367
v -0.002474 0.000141 0.009330
v -0.002380 0.000172 0.009409
v -0.002407 0.000240 0.009415
v -0.002468 0.000257 0.009378
v -0.002502 0.000208 0.009335
v -0.000428 0.003597 0.002056
v -0.000360 0.003599 0.001275
v -0.000398 0.003536 0.002059
v -0.000680 0.004578 0.004190
v -0.000810 0.004874 0.004585
v -0.000767 0.004784 0.004708
v -0.001588 0.003155 0.007267
v -0.001524 0.003105 0.007218
v -0.001785 0.002107 0.007957
v -0.002443 0.000363 0.009292
v -0.002454 0.000287 0.009326
v -0.001489 0.002967 0.007235
v -0.000808 0.004732 0.005078
v -0.000379 0.003500 0.002154
v -0.000431 0.003762 0.002754
v -0.002317 0.000623 0.009113
v -0.000401 0.003767 0.001111
v -0.000383 0.004086 0.000903
v -0.002556 0.000254 0.009492
v -0.002768 0.000299 0.009807
v -0.002964 0.000069 0.010085
v -0.000781 0.004765 0.004837
v -0.000781 0.004789 0.004765
v -0.000400 0.003542 0.002104
v -0.001531 0.003055 0.007245
v -0.002475 0.000248 0.009369
v -0.000323 0.003622 0.002065
v -0.000256 0.003621 0.001296
v -0.000319 0.003555 0.002066
v -0.000581 0.004598 0.004196
v -0.000684 0.004899 0.004593
v -0.000697 0.004798 0.004712
v -0.001498 0.003168 0.007325
v -0.001465 0.003113 0.007257
v -0.001748 0.002113 0.007980
v -0.002413 0.000369 0.009323
v -0.002431 0.000292 0.009350
v -0.001459 0.002972 0.007254
v -0.000762 0.004743 0.005089
v -0.000324 0.003513 0.002157
v -0.000376 0.003774 0.002752
v -0.002286 0.000630 0.009145
v -0.000251 0.003787 0.001156
v -0.000232 0.004108 0.000948
v -0.002537 0.000259 0.009502
v -0.002759 0.000302 0.009814
v -0.002957 0.000071 0.010092
v -0.000720 0.004778 0.004844
v -0.000708 0.004804 0.004771
v -0.000323 0.003561 0.002110
v -0.001474 0.003063 0.007282
v -0.002455 0.000254 0.009386
v -0.000534 0.003196 0.002047
v -0.000449 0.003236 0.001074
v -0.000477 0.003235 0.002052
v -0.000811 0.004247 0.004361
v -0.000977 0.004454 0.004802
v -0.000860 0.004552 0.004828
v -0.001563 0.002922 0.006918
v -0.001508 0.002952 0.006989
v -0.001776 0.002006 0.007820
v -0.002402 0.000260 0.009162
v -0.002422 0.000206 0.009223
v -0.001481 0.002888 0.007116
v -0.000846 0.004555 0.005028
v -0.000437 0.003291 0.002181
v -0.000496 0.003576 0.002856
v -0.002274 0.000517 0.008977
v -0.000512 0.003426 0.000603
v -0.000494 0.003766 0.000395
v -0.002599 0.000183 0.009515
v -0.002775 0.000254 0.009796
v -0.002960 0.000038 0.010064
v -0.000855 0.004553 0.004898
v -0.000873 0.004543 0.004865
v -0.000480 0.003247 0.002116
v -0.001515 0.002908 0.007025
v -0.002479 0.000152 0.009331
v -0.000377 0.004342 0.000300
v -0.000115 0.004704 0.000853
v -0.000266 0.004683 0.000808
v -0.000064 0.004477 0.000525
v -0.000496 0.004542 0.000582
v -0.000208 0.004717 0.000865
v 0.000224 0.004653 0.000808
v 0.000368 0.004412 0.000469
v 0.000080 0.004236 0.000186
v -0.000352 0.004301 0.000242
v 0.000966 0.003167 0.001437
v 0.001205 0.003089 0.001269
v 0.001380 0.003303 0.001147
v 0.001316 0.003595 0.001192
v 0.001077 0.003673 0.001359
v 0.000902 0.003459 0.001482
v 0.000393 0.003192 0.000617
v 0.000611 0.003123 0.000420
v 0.000843 0.003312 0.000379
v 0.000857 0.003570 0.000536
v 0.000639 0.003639 0.000733
v 0.000407 0.003450 0.000774
v 0.000962 0.003440 0.001440
v 0.001093 0.003600 0.001348
v 0.001273 0.003541 0.001222
v 0.001321 0.003322 0.001189
v 0.001189 0.003162 0.001281
v 0.001010 0.003221 0.001406
v 0.002610 0.004412 0.003186
v 0.002848 0.004348 0.003049
v 0.002951 0.004522 0.002855
v 0.002815 0.004759 0.002795
v 0.002576 0.004823 0.002931
v 0.002474 0.004649 0.003127
v 0.002650 0.004918 0.003528
v 0.002780 0.005140 0.003281
v 0.003084 0.005059 0.003107
v 0.003256 0.004756 0.003181
v 0.003123 0.004534 0.003426
v 0.002821 0.004616 0.003601
v 0.002908 0.004741 0.003528
v 0.003075 0.004696 0.003432
v 0.003149 0.004819 0.003295
v 0.003053 0.004987 0.003255
v 0.002886 0.005032 0.003351
v 0.002813 0.004909 0.003488
v 0.004154 0.003254 0.005424
v 0.004427 0.003379 0.005433
v 0.004621 0.003333 0.005209
v 0.004543 0.003163 0.004975
v 0.004270 0.003039 0.004966
v 0.004075 0.003084 0.005191
v 0.004168 0.003127 0.005193
v 0.004296 0.003097 0.005045
v 0.004475 0.003179 0.005050
v 0.004527 0.003290 0.005204
v 0.004399 0.003320 0.005352
v 0.004219 0.003239 0.005346
v 0.004804 0.002215 0.006053
v 0.004913 0.002268 0.006067
v 0.005001 0.002249 0.005986
v 0.004980 0.002176 0.005891
v 0.004872 0.002122 0.005876
v 0.004784 0.002142 0.005958
v 0.005648 0.000251 0.007384
v 0.005736 0.000232 0.007303
v 0.005843 0.000285 0.007317
v 0.005863 0.000357 0.007412
v 0.005776 0.000377 0.007493
v 0.005668 0.000324 0.007479
v 0.005714 0.000255 0.007508
v 0.005799 0.000297 0.007519
v 0.005868 0.000282 0.007455
v 0.005853 0.000224 0.007380
v 0.005767 0.000183 0.007369
v 0.005698 0.000198 0.007433
v 0.004292 0.003074 0.005245
v 0.004318 0.003132 0.005325
v 0.004411 0.003175 0.005328
v 0.004478 0.003159 0.005251
v 0.004451 0.003101 0.005171
v 0.004358 0.003059 0.005168
v 0.003045 0.004749 0.003634
v 0.003036 0.004876 0.003681
v 0.003126 0.004968 0.003643
v 0.003225 0.004934 0.003558
v 0.003233 0.004808 0.003511
v 0.003143 0.004715 0.003549
v 0.001252 0.003255 0.001402
v 0.001124 0.003296 0.001484
v 0.001334 0.003366 0.001324
v 0.001288 0.003517 0.001329
v 0.001159 0.003557 0.001412
v 0.001077 0.003447 0.001489
v 0.001900 0.003603 0.001843
v 0.001766 0.003639 0.001918
v 0.001955 0.003700 0.001732
v 0.001877 0.003832 0.001696
v 0.001744 0.003868 0.001771
v 0.001688 0.003771 0.001882
v 0.005611 0.000497 0.007095
v 0.005520 0.000518 0.007179
v 0.005723 0.000553 0.007109
v 0.005744 0.000628 0.007208
v 0.005653 0.000648 0.007292
v 0.005541 0.000593 0.007277
v 0.000134 0.003626 0.000617
v 0.000536 0.003803 0.000649
v 0.000831 0.003738 0.000328
v 0.000723 0.003497 -0.000025
v 0.000320 0.003321 -0.000057
v 0.000026 0.003385 0.000264
v -0.000094 0.003944 0.000093
v 0.000200 0.003880 -0.000228
v 0.000603 0.004056 -0.000196
v 0.000711 0.004297 0.000156
v 0.000416 0.004362 0.000477
v 0.000014 0.004185 0.000446
v 0.000308 0.004121 0.000125
v 0.005907 0.000175 0.007735
v 0.005962 0.000161 0.007712
v 0.005987 0.000198 0.007670
v 0.005957 0.000248 0.007650
v 0.005902 0.000262 0.007672
v 0.005877 0.000225 0.007715
v 0.006087 0.000280 0.008015
v 0.006108 0.000304 0.008004
v 0.006136 0.000295 0.007987
v 0.006142 0.000263 0.007980
v 0.006121 0.000240 0.007991
v 0.006093 0.000248 0.008008
v 0.006267 0.000034 0.008289
v 0.006287 0.000028 0.008273
v 0.006309 0.000045 0.008272
v 0.006310 0.000067 0.008287
v 0.006290 0.000072 0.008304
v 0.006268 0.000056 0.008305
v 0.006289 0.000050 0.008288
v 0.002956 0.004744 0.003565
v 0.002891 0.004897 0.003556
v 0.002970 0.005010 0.003453
v 0.003114 0.004969 0.003361
v 0.003178 0.004815 0.003371
v 0.003099 0.004703 0.003473
v 0.002924 0.004730 0.003559
v 0.002836 0.004908 0.003532
v 0.002919 0.005038 0.003400
v 0.003092 0.004990 0.003296
v 0.003180 0.004813 0.003323
v 0.003096 0.004683 0.003455
v 0.001228 0.003180 0.001338
v 0.001050 0.003237 0.001459
v 0.001352 0.003336 0.001240
v 0.001297 0.003550 0.001262
v 0.001119 0.003608 0.001383
v 0.000995 0.003451 0.001481
v 0.004194 0.003084 0.005218
v 0.004243 0.003191 0.005365
v 0.004416 0.003270 0.005371
v 0.004538 0.003241 0.005229
v 0.004489 0.003134 0.005082
v 0.004317 0.003056 0.005076
v 0.005839 0.000123 0.007499
v 0.005780 0.000141 0.007540
v 0.005891 0.000173 0.007485
v 0.005884 0.000240 0.007511
v 0.005826 0.000258 0.007552
v 0.005774 0.000209 0.007567
v 0.001042 0.003630 0.001384
v 0.000592 0.003601 0.000741
v 0.001067 0.003568 0.001366
v 0.002556 0.004788 0.002970
v 0.002754 0.005095 0.003330
v 0.002871 0.005007 0.003378
v 0.004372 0.003354 0.005431
v 0.004363 0.003304 0.005351
v 0.004891 0.002257 0.006064
v 0.005754 0.000366 0.007490
v 0.005782 0.000289 0.007517
v 0.004393 0.003166 0.005327
v 0.003108 0.004950 0.003651
v 0.001143 0.003535 0.001427
v 0.001732 0.003849 0.001793
v 0.005631 0.000637 0.007289
v 0.000455 0.003767 0.000642
v 0.000336 0.004326 0.000471
v 0.005897 0.000254 0.007681
v 0.006104 0.000299 0.008006
v 0.006285 0.000069 0.008304
v 0.002954 0.004987 0.003474
v 0.002903 0.005012 0.003426
v 0.001094 0.003576 0.001402
v 0.004381 0.003254 0.005369
v 0.005815 0.000249 0.007555
v 0.001129 0.003656 0.001323
v 0.000686 0.003624 0.000691
v 0.001132 0.003587 0.001321
v 0.002627 0.004809 0.002901
v 0.002846 0.005122 0.003243
v 0.002922 0.005022 0.003330
v 0.004468 0.003369 0.005385
v 0.004426 0.003314 0.005320
v 0.004932 0.002264 0.006049
v 0.005795 0.000372 0.007475
v 0.005814 0.000294 0.007505
v 0.004426 0.003172 0.005311
v 0.003148 0.004961 0.003625
v 0.001187 0.003549 0.001394
v 0.001772 0.003860 0.001755
v 0.005673 0.000644 0.007274
v 0.000599 0.003789 0.000580
v 0.000479 0.004348 0.000408
v 0.005914 0.000259 0.007668
v 0.006114 0.000302 0.008000
v 0.006294 0.000071 0.008300
v 0.003001 0.005001 0.003434
v 0.002956 0.005027 0.003377
v 0.001157 0.003595 0.001357
v 0.004442 0.003264 0.005340
v 0.005838 0.000255 0.007543
v 0.000955 0.003217 0.001444
v 0.000395 0.003236 0.000644
v 0.001002 0.003258 0.001412
v 0.002587 0.004452 0.003176
v 0.002792 0.004667 0.003589
v 0.002892 0.004770 0.003521
v 0.004088 0.003113 0.005230
v 0.004176 0.003146 0.005219
v 0.004788 0.002154 0.005974
v 0.005651 0.000263 0.007400
v 0.005701 0.000208 0.007446
v 0.004296 0.003084 0.005258
v 0.003043 0.004771 0.003642
v 0.001116 0.003321 0.001485
v 0.001752 0.003661 0.001912
v 0.005523 0.000531 0.007196
v 0.000044 0.003426 0.000324
v -0.000076 0.003985 0.000153
v 0.005902 0.000183 0.007731
v 0.006092 0.000254 0.008009
v 0.006267 0.000038 0.008292
v 0.002945 0.004770 0.003564
v 0.002909 0.004760 0.003555
v 0.001041 0.003273 0.001462
v 0.004202 0.003102 0.005243
v 0.005779 0.000153 0.007545
v 0.001399 0.004006 -0.002216
v 0.001446 0.003931 -0.003420
v 0.001939 0.003712 -0.004604
v 0.002799 0.003198 -0.005518
v 0.004021 0.002718 -0.006069
v 0.005431 0.001889 -0.006214
v 0.006347 0.000701 -0.005693
v 0.006051 0.000280 -0.005110
v 0.005145 0.000861 -0.005303
v 0.004007 0.001323 -0.005094
v 0.002863 0.001521 -0.004508
v 0.002046 0.002126 -0.003718
v 0.001537 0.002724 -0.002767
v 0.001443 0.003357 -0.001871
v 0.001817 0.004167 -0.001216
v 0.001823 0.003089 -0.001220
v 0.002273 0.002227 -0.001535
v 0.003111 0.001434 -0.002122
v 0.003983 0.000850 -0.002732
v 0.004802 0.000830 -0.003306
v 0.005596 0.000490 -0.003862
v 0.006277 0.000102 -0.004339
v 0.006924 0.000280 -0.003863
v 0.006796 0.000861 -0.002946
v 0.006210 0.001323 -0.001948
v 0.005269 0.001521 -0.001073
v 0.004247 0.002126 -0.000576
v 0.003179 0.002724 -0.000422
v 0.002305 0.003357 -0.000641
v 0.002614 0.004006 -0.000481
v 0.003761 0.003931 -0.000113
v 0.005042 0.003712 -0.000172
v 0.006196 0.003198 -0.000668
v 0.007131 0.002718 -0.001627
v 0.007750 0.001889 -0.002902
v 0.007573 0.000701 -0.003941
v 0.006945 0.000192 -0.004807
v 0.007862 0.001100 -0.004540
v 0.008013 0.002881 -0.003818
v 0.007241 0.004149 -0.002677
v 0.006272 0.004844 -0.001783
v 0.005066 0.005241 -0.001161
v 0.003720 0.005135 -0.000814
v 0.002564 0.004656 -0.000830
v 0.002194 0.004924 -0.001480
v 0.003048 0.005628 -0.002078
v 0.004215 0.005853 -0.002895
v 0.005369 0.005497 -0.003703
v 0.006421 0.004730 -0.004440
v 0.007456 0.003282 -0.005164
v 0.007636 0.001257 -0.005290
v 0.007008 0.001100 -0.005760
v 0.006381 0.002881 -0.006148
v 0.005045 0.004149 -0.005814
v 0.003874 0.004844 -0.005208
v 0.002876 0.005241 -0.004288
v 0.002091 0.005135 -0.003142
v 0.001710 0.004656 -0.002050
v 0.002306 0.003480 -0.005077
v 0.002395 0.001803 -0.004114
v 0.003539 0.001066 -0.002422
v 0.004738 0.001803 -0.000768
v 0.005612 0.003480 -0.000355
v 0.005663 0.005089 -0.001425
v 0.004774 0.005730 -0.003286
v 0.003329 0.005089 -0.004758
v 0.004707 0.002434 -0.006189
v 0.004580 0.001181 -0.005243
v 0.005192 0.000737 -0.003579
v 0.006546 0.001181 -0.002436
v 0.007478 0.002434 -0.002231
v 0.007637 0.003679 -0.003210
v 0.006920 0.004183 -0.004789
v 0.005681 0.003679 -0.006003
v 0.006104 0.001132 -0.005808
v 0.005785 0.000561 -0.005128
v 0.006058 0.000335 -0.004185
v 0.006850 0.000561 -0.003607
v 0.007599 0.001132 -0.003674
v 0.007907 0.001657 -0.004370
v 0.007609 0.001862 -0.005271
v 0.006864 0.001657 -0.005859
v 0.002462 0.003433 -0.005035
v 0.002541 0.001832 -0.004109
v 0.003635 0.001138 -0.002489
v 0.004783 0.001832 -0.000907
v 0.005627 0.003434 -0.000516
v 0.005680 0.004970 -0.001543
v 0.004831 0.005581 -0.003326
v 0.003446 0.004970 -0.004734
v 0.002793 0.003220 -0.005433
v 0.002857 0.001577 -0.004447
v 0.003960 0.000914 -0.002717
v 0.005209 0.001577 -0.001088
v 0.006114 0.003220 -0.000690
v 0.006188 0.004828 -0.001781
v 0.005304 0.005467 -0.003657
v 0.003842 0.004828 -0.005130
v 0.004253 0.002680 -0.005978
v 0.004217 0.001401 -0.005062
v 0.004926 0.000944 -0.003393
v 0.006252 0.001401 -0.002156
v 0.007125 0.002680 -0.001876
v 0.007238 0.003985 -0.002853
v 0.006484 0.004516 -0.004484
v 0.005210 0.003985 -0.005750
v 0.004857 0.002348 -0.006199
v 0.004699 0.001135 -0.005259
v 0.005273 0.000704 -0.003636
v 0.006602 0.001135 -0.002541
v 0.007539 0.002348 -0.002368
v 0.007714 0.003544 -0.003332
v 0.007027 0.004028 -0.004864
v 0.005822 0.003544 -0.006034
v 0.002254 0.003513 -0.005011
v 0.002346 0.001849 -0.004059
v 0.003482 0.001114 -0.002382
v 0.004670 0.001849 -0.000741
v 0.005533 0.003513 -0.000329
v 0.005580 0.005111 -0.001388
v 0.004696 0.005747 -0.003232
v 0.003266 0.005110 -0.004693
v 0.003923 0.002755 -0.006026
v 0.003922 0.001345 -0.005052
v 0.004740 0.000848 -0.003263
v 0.006141 0.001345 -0.001882
v 0.007057 0.002755 -0.001550
v 0.007163 0.004202 -0.002604
v 0.006335 0.004789 -0.004380
v 0.004950 0.004202 -0.005765
v -0.004229 0.005027 0.002359
v -0.004355 0.005155 0.001945
v -0.003837 0.005202 0.001052
v -0.003331 0.005166 0.000476
v -0.002438 0.005005 -0.000037
v -0.001478 0.004821 -0.000226
v -0.001025 0.004751 0.000083
v -0.000946 0.004367 0.000229
v -0.001323 0.004110 0.000049
v -0.002156 0.004038 0.000290
v -0.003108 0.004059 0.000877
v -0.003613 0.004199 0.001387
v -0.004162 0.004477 0.002146
v -0.004108 0.004607 0.002466
v -0.004011 0.004963 0.002865
v -0.003886 0.004429 0.002778
v -0.003770 0.004200 0.002696
v -0.003065 0.003743 0.002203
v -0.002452 0.003593 0.001773
v -0.001488 0.003634 0.001098
v -0.000864 0.003805 0.000662
v -0.000714 0.004206 0.000556
v -0.000485 0.004367 0.000886
v -0.000446 0.004110 0.001302
v -0.000957 0.004038 0.002002
v -0.001834 0.004059 0.002696
v -0.002487 0.004198 0.002997
v -0.003387 0.004478 0.003253
v -0.003668 0.004604 0.003092
v -0.003603 0.005024 0.003237
v -0.003260 0.005153 0.003501
v -0.002246 0.005198 0.003320
v -0.001533 0.005164 0.003043
v -0.000746 0.005005 0.002379
v -0.000240 0.004821 0.001542
v -0.000376 0.004751 0.001010
v -0.000442 0.005120 0.000851
v -0.000366 0.005520 0.001241
v -0.000876 0.005969 0.001943
v -0.001729 0.006217 0.002619
v -0.002447 0.006161 0.002969
v -0.003394 0.005768 0.003252
v -0.003711 0.005493 0.003122
v -0.003911 0.005718 0.002795
v -0.003735 0.006058 0.002671
v -0.003078 0.006546 0.002211
v -0.002579 0.006594 0.001862
v -0.002126 0.006459 0.001545
v -0.000983 0.005892 0.000745
v -0.000659 0.005255 0.000518
v -0.000898 0.005120 0.000199
v -0.001239 0.005520 -0.000005
v -0.002073 0.005969 0.000235
v -0.003000 0.006217 0.000805
v -0.003575 0.006162 0.001361
v -0.004171 0.005774 0.002158
v -0.004162 0.005500 0.002504
v -0.000791 0.005226 -0.000110
v -0.000435 0.005434 0.000361
v -0.000115 0.005226 0.000857
v -0.000023 0.004678 0.001095
v -0.000205 0.004126 0.000925
v -0.000551 0.003896 0.000442
v -0.000887 0.004126 -0.000048
v -0.000984 0.004678 -0.000278
v -0.000691 0.004679 -0.000878
v -0.000581 0.003908 -0.000543
v -0.000143 0.003586 0.000157
v 0.000364 0.003908 0.000807
v 0.000642 0.004679 0.001026
v 0.000528 0.005454 0.000687
v 0.000091 0.005775 -0.000007
v -0.000412 0.005454 -0.000655
v 0.000072 0.005299 -0.000965
v 0.000566 0.005612 -0.000340
v 0.000985 0.005299 0.000338
v 0.001084 0.004540 0.000677
v 0.000800 0.003787 0.000474
v 0.000301 0.003475 -0.000155
v -0.000119 0.003787 -0.000839
v -0.000213 0.004540 -0.001174
v 0.000188 0.004407 -0.001264
v 0.000262 0.003766 -0.000970
v 0.000622 0.003501 -0.000379
v 0.001054 0.003766 0.000161
v 0.001305 0.004407 0.000331
v 0.001227 0.005051 0.000034
v 0.000869 0.005315 -0.000552
v 0.000440 0.005051 -0.001089
v 0.000915 0.004684 -0.001097
v 0.001181 0.004843 -0.000770
v 0.001397 0.004684 -0.000409
v 0.001436 0.004296 -0.000222
v 0.001275 0.003908 -0.000320
v 0.001007 0.003749 -0.000649
v 0.000790 0.003908 -0.001013
v 0.000753 0.004296 -0.001198
v 0.000983 0.004274 -0.001140
v 0.001008 0.004005 -0.001010
v 0.001159 0.003894 -0.000755
v 0.001346 0.004005 -0.000526
v 0.001460 0.004274 -0.000458
v 0.001434 0.004543 -0.000590
v 0.001284 0.004654 -0.000843
v 0.001098 0.004544 -0.001070
v 0.000971 0.004759 -0.001368
v 0.001359 0.004987 -0.000895
v 0.001671 0.004759 -0.000369
v 0.001726 0.004203 -0.000094
v 0.001487 0.003649 -0.000234
v 0.001095 0.003421 -0.000711
v 0.000781 0.003649 -0.001241
v 0.000731 0.004203 -0.001514
v 0.000842 0.004104 -0.002012
v 0.000905 0.003346 -0.001627
v 0.001341 0.003033 -0.000883
v 0.001891 0.003346 -0.000218
v 0.002231 0.004104 -0.000027
v 0.002161 0.004866 -0.000417
v 0.001728 0.005179 -0.001153
v 0.001184 0.004866 -0.001812
v 0.001472 0.004795 -0.002026
v 0.002026 0.005107 -0.001362
v 0.002460 0.004795 -0.000615
v 0.002524 0.004036 -0.000215
v 0.002172 0.003279 -0.000403
v 0.001612 0.002968 -0.001073
v 0.001174 0.003279 -0.001828
v 0.001118 0.004036 -0.002223
v 0.001598 0.004006 -0.002088
v 0.001631 0.003491 -0.001813
v 0.001929 0.003280 -0.001294
v 0.002315 0.003491 -0.000837
v 0.002562 0.004006 -0.000712
v 0.002259 0.004066 -0.001526
v 0.002524 0.004521 -0.000990
v 0.002228 0.004733 -0.001504
v 0.001846 0.004521 -0.001958
v -0.001992 0.004944 -0.000137
v -0.001761 0.004070 0.000164
v -0.001184 0.003703 0.000886
v -0.000704 0.004070 0.001674
v -0.000500 0.004944 0.001995
v -0.000627 0.005815 0.001618
v -0.001532 0.006273 0.001129
v -0.001682 0.005815 0.000112
v -0.002375 0.005037 -0.000097
v -0.002097 0.004014 0.000239
v -0.001429 0.003588 0.001057
v -0.000889 0.004014 0.001965
v -0.000669 0.005037 0.002341
v -0.000802 0.006055 0.001901
v -0.002040 0.006531 0.001485
v -0.002008 0.006055 0.000179
v -0.002377 0.005022 -0.000025
v -0.002101 0.004061 0.000291
v -0.001455 0.003660 0.001075
v -0.000939 0.004061 0.001951
v -0.000737 0.005022 0.002318
v -0.000862 0.005978 0.001894
v -0.002065 0.006461 0.001503
v -0.002022 0.005978 0.000238
v -0.007027 0.004383 0.004241
v -0.006931 0.004600 0.003472
v -0.006838 0.004715 0.002787
v -0.006734 0.004997 0.002357
v -0.005397 0.005462 0.001293
v -0.004990 0.005533 0.001482
v -0.004250 0.005549 0.002001
v -0.004077 0.005140 0.002252
v -0.004750 0.004455 0.001504
v -0.005267 0.003999 0.001556
v -0.006048 0.004135 0.001975
v -0.006330 0.004205 0.003022
v -0.006680 0.004005 0.003719
v -0.006924 0.003880 0.004392
v -0.006648 0.003816 0.004734
v -0.006146 0.004008 0.004383
v -0.005605 0.004019 0.004004
v -0.005135 0.003974 0.003675
v -0.004530 0.004415 0.003251
v -0.004159 0.004870 0.002992
v -0.003903 0.004887 0.002813
v -0.003436 0.005142 0.003168
v -0.002964 0.004455 0.004056
v -0.003189 0.003999 0.004523
v -0.003850 0.004135 0.005114
v -0.004924 0.004092 0.005017
v -0.005705 0.004005 0.005112
v -0.006421 0.003880 0.005111
v -0.006315 0.004383 0.005259
v -0.005559 0.004600 0.005431
v -0.004881 0.004663 0.005577
v -0.004443 0.004997 0.005628
v -0.002986 0.005460 0.004734
v -0.003024 0.005531 0.004288
v -0.003260 0.005552 0.003418
v -0.003877 0.005342 0.002795
v -0.003680 0.005753 0.003335
v -0.003624 0.006031 0.003952
v -0.004013 0.006099 0.004259
v -0.005248 0.005592 0.005217
v -0.005467 0.005201 0.005436
v -0.005921 0.005000 0.005230
v -0.006438 0.004594 0.005112
v -0.006675 0.004619 0.004753
v -0.006964 0.004675 0.004955
v -0.007222 0.004709 0.005136
v -0.005772 0.005829 0.004121
v -0.005263 0.006139 0.003764
v -0.004479 0.006179 0.003216
v -0.004166 0.005824 0.002997
v -0.004316 0.005751 0.002424
v -0.004878 0.006030 0.002160
v -0.005301 0.006099 0.002420
v -0.006623 0.005592 0.003254
v -0.006904 0.005201 0.003385
v -0.006865 0.005000 0.003881
v -0.006931 0.004594 0.004408
v -0.008318 0.003580 0.009570
v -0.008448 0.003730 0.009606
v -0.008456 0.003845 0.009762
v -0.008335 0.003810 0.009883
v -0.008205 0.003661 0.009848
v -0.008197 0.003546 0.009691
v -0.008845 0.003001 0.010315
v -0.009024 0.003140 0.010376
v -0.009056 0.003250 0.010571
v -0.008909 0.003219 0.010704
v -0.008731 0.003079 0.010643
v -0.008699 0.002971 0.010448
v -0.006765 0.004428 0.008718
v -0.006697 0.004601 0.008764
v -0.006822 0.004747 0.008817
v -0.007014 0.004720 0.008824
v -0.007082 0.004547 0.008779
v -0.006957 0.004401 0.008726
v -0.006924 0.004479 0.008714
v -0.007000 0.004568 0.008746
v -0.006959 0.004673 0.008774
v -0.006842 0.004689 0.008769
v -0.006767 0.004600 0.008737
v -0.006808 0.004495 0.008709
v -0.006547 0.004421 0.008444
v -0.006427 0.004747 0.008469
v -0.006651 0.005006 0.008586
v -0.006994 0.004937 0.008678
v -0.007114 0.004611 0.008654
v -0.006890 0.004352 0.008537
v -0.006869 0.004657 0.007716
v -0.007031 0.004843 0.007800
v -0.006946 0.005079 0.007819
v -0.006698 0.005131 0.007753
v -0.006537 0.004946 0.007668
v -0.006622 0.004709 0.007649
v -0.006450 0.005011 0.006194
v -0.006350 0.005154 0.006216
v -0.006426 0.005316 0.006232
v -0.006601 0.005334 0.006229
v -0.006701 0.005186 0.006207
v -0.006626 0.005024 0.006188
v -0.006043 0.004506 0.005065
v -0.006117 0.004581 0.005078
v -0.006065 0.004706 0.005129
v -0.005937 0.004744 0.005167
v -0.005862 0.004652 0.005151
v -0.005916 0.004544 0.005101
v -0.005990 0.004619 0.005113
v -0.006823 0.004943 0.003871
v -0.006928 0.004645 0.003632
v -0.006992 0.004474 0.004162
v -0.006925 0.004610 0.004278
v -0.005708 0.004645 0.005374
v -0.005896 0.004943 0.005194
v -0.006314 0.004610 0.005151
v -0.006228 0.004474 0.005253
v -0.005922 0.004650 0.005340
v -0.006014 0.004791 0.005251
v -0.006223 0.004626 0.005228
v -0.006180 0.004557 0.005278
v -0.006910 0.004811 0.003954
v -0.006970 0.004649 0.003820
v -0.007004 0.004543 0.004121
v -0.006967 0.004621 0.004186
v -0.006859 0.004735 0.003925
v -0.006896 0.004637 0.003842
v -0.006917 0.004570 0.004030
v -0.006894 0.004620 0.004071
v -0.005895 0.004637 0.005272
v -0.005960 0.004735 0.005209
v -0.006109 0.004620 0.005192
v -0.006078 0.004570 0.005228
v -0.009142 0.002672 0.010695
v -0.009015 0.002573 0.010651
v -0.009038 0.002651 0.010790
v -0.009165 0.002751 0.010834
v -0.009270 0.002773 0.010739
v -0.009247 0.002695 0.010600
v -0.009120 0.002595 0.010556
v -0.005457 0.006142 0.002386
v -0.005533 0.005608 0.001426
v -0.006716 0.005178 0.002364
v -0.006639 0.005690 0.003134
v -0.003158 0.005606 0.004817
v -0.004034 0.006141 0.004417
v -0.005141 0.005690 0.005273
v -0.004444 0.005178 0.005608
v -0.003879 0.005390 0.004761
v -0.004265 0.005645 0.004680
v -0.004817 0.005417 0.005207
v -0.004541 0.005186 0.005219
v -0.005783 0.005646 0.002514
v -0.005727 0.005391 0.002124
v -0.006384 0.005187 0.002588
v -0.006466 0.005417 0.002852
v -0.005143 0.004434 0.005908
v -0.005583 0.004352 0.005596
v -0.005725 0.003968 0.005274
v -0.005326 0.003835 0.005446
v -0.005744 0.003900 0.005808
v -0.005850 0.003951 0.005654
v -0.005878 0.004318 0.005831
v -0.005753 0.004238 0.006097
v -0.006917 0.004148 0.005926
v -0.006615 0.004361 0.005897
v -0.006740 0.003515 0.005525
v -0.006643 0.003384 0.005636
v -0.006879 0.004151 0.005978
v -0.006476 0.003454 0.005597
v -0.006619 0.004356 0.005923
v -0.006513 0.003579 0.005534
v -0.004972 0.004584 0.005691
v -0.005062 0.004003 0.005165
v -0.005617 0.004354 0.005523
v -0.005712 0.003992 0.005168
v -0.004961 0.004584 0.005574
v -0.005011 0.004090 0.005097
v -0.005586 0.004341 0.005473
v -0.005653 0.004035 0.005155
v 0.005609 0.001768 -0.006074
v 0.005324 0.000867 -0.005240
v 0.005721 0.000537 -0.003950
v 0.006797 0.000867 -0.003135
v 0.007679 0.001768 -0.003118
v 0.007943 0.002633 -0.003957
v 0.007458 0.002981 -0.005166
v 0.006488 0.002633 -0.006035
v -0.006808 0.004347 0.004594
v -0.006676 0.004375 0.004754
v -0.006571 0.004347 0.004932
v -0.006564 0.004175 0.005038
v -0.006611 0.003999 0.004961
v -0.006731 0.003968 0.004792
v -0.006727 0.004104 0.004790
v -0.006849 0.003999 0.004622
v -0.006905 0.004175 0.004551
v -0.006822 0.003887 0.004671
v -0.006731 0.003827 0.004792
v -0.006648 0.003887 0.004919
v -0.006577 0.003876 0.004961
v -0.006720 0.003856 0.004785
v -0.006837 0.003876 0.004589
v -0.006520 0.004077 0.004367
v -0.006401 0.003997 0.004561
v -0.006259 0.004077 0.004739
v -0.006355 0.004238 0.004714
v -0.006449 0.004185 0.004595
v -0.006528 0.004238 0.004465
v -0.006583 0.003917 0.004689
v -0.006648 0.003942 0.004593
v -0.006515 0.003942 0.004783
v -0.006572 0.003978 0.004776
v -0.006617 0.003961 0.004713
v -0.006661 0.003978 0.004649
v -0.006885 0.004657 0.003130
v -0.006505 0.004116 0.003370
v -0.005876 0.004022 0.004193
v -0.005314 0.004060 0.005064
v -0.005220 0.004631 0.005504
v -0.005651 0.005135 0.005303
v -0.007057 0.004713 0.005020
v -0.006841 0.005135 0.003603
v -0.005363 0.004393 0.005752
v -0.005525 0.003903 0.005360
v -0.005797 0.003926 0.005731
v -0.005816 0.004278 0.005964
v -0.006766 0.004252 0.005912
v -0.006691 0.003449 0.005581
v -0.006749 0.004252 0.005950
v -0.006495 0.003517 0.005566
v -0.005294 0.004469 0.005607
v -0.005387 0.004004 0.005166
v -0.005274 0.004461 0.005524
v -0.005332 0.004069 0.005126
v -0.004704 0.005354 0.004804
v -0.004905 0.005502 0.004982
v -0.004981 0.005670 0.005167
v -0.004681 0.005834 0.005179
v -0.004447 0.005804 0.005218
v -0.004365 0.005656 0.005391
v -0.004538 0.005544 0.005506
v -0.004802 0.005346 0.005545
v -0.004762 0.005245 0.005282
v -0.004621 0.005206 0.004977
v -0.004256 0.005133 0.004870
v -0.004131 0.005121 0.005096
v -0.004012 0.005209 0.005316
v -0.003980 0.005418 0.005384
v -0.004005 0.005596 0.005287
v -0.003726 0.005685 0.005009
v -0.003549 0.005582 0.004915
v -0.003385 0.005347 0.004696
v -0.003625 0.005210 0.004599
v -0.003966 0.005189 0.004584
v -0.004366 0.005257 0.004663
v -0.004063 0.005379 0.004421
v -0.003797 0.005550 0.004319
v -0.003586 0.005733 0.004333
v -0.003792 0.005886 0.004650
v -0.003903 0.005865 0.004866
v -0.004064 0.005782 0.005150
v -0.004169 0.005893 0.004940
v -0.004277 0.006011 0.004739
v -0.004373 0.005864 0.004561
v -0.004422 0.005655 0.004500
v -0.004425 0.005443 0.004526
v -0.005704 0.005443 0.002700
v -0.005678 0.005655 0.002706
v -0.005718 0.005864 0.002640
v -0.005853 0.006011 0.002488
v -0.006005 0.005893 0.002318
v -0.006167 0.005782 0.002147
v -0.005844 0.005865 0.002093
v -0.005604 0.005886 0.002062
v -0.005235 0.005733 0.001978
v -0.005294 0.005550 0.002181
v -0.005480 0.005378 0.002396
v -0.005812 0.005257 0.002598
v -0.005600 0.005186 0.002248
v -0.005498 0.005208 0.001923
v -0.005507 0.005347 0.001665
v -0.005769 0.005582 0.001744
v -0.005918 0.005685 0.001878
v -0.006274 0.005596 0.002045
v -0.006357 0.005418 0.001989
v -0.006305 0.005210 0.002042
v -0.006139 0.005121 0.002228
v -0.005968 0.005132 0.002423
v -0.006195 0.005206 0.002730
v -0.006529 0.005245 0.002759
v -0.006790 0.005346 0.002706
v -0.006663 0.005544 0.002471
v -0.006496 0.005656 0.002348
v -0.006361 0.005804 0.002485
v -0.006405 0.005834 0.002717
v -0.006496 0.005670 0.003004
v -0.006296 0.005502 0.002995
v -0.006060 0.005354 0.002867
v -0.006600 0.004059 0.003315
v -0.006954 0.004461 0.003124
v -0.006657 0.003994 0.003353
v -0.007039 0.004469 0.003115
v -0.007411 0.003517 0.004257
v -0.007860 0.004259 0.004364
v -0.007492 0.003449 0.004437
v -0.007829 0.004260 0.004394
v -0.007553 0.004278 0.003483
v -0.007328 0.003926 0.003545
v -0.006886 0.003896 0.003416
v -0.007199 0.004393 0.003130
v -0.006738 0.004027 0.003607
v -0.007014 0.004339 0.003435
v -0.006464 0.004078 0.003023
v -0.006894 0.004584 0.002813
v -0.006770 0.003984 0.003658
v -0.007071 0.004353 0.003447
v -0.006545 0.003992 0.003049
v -0.007008 0.004584 0.002783
v -0.007388 0.003579 0.004285
v -0.007789 0.004363 0.004252
v -0.007434 0.003454 0.004229
v -0.007930 0.004157 0.004477
v -0.007528 0.003384 0.004372
v -0.007456 0.003515 0.004501
v -0.007764 0.004368 0.004257
v -0.007895 0.004155 0.004531
v -0.007656 0.004238 0.003378
v -0.007450 0.004318 0.003587
v -0.007273 0.003951 0.003621
v -0.007382 0.003900 0.003469
v -0.006899 0.003829 0.003200
v -0.006874 0.003961 0.003634
v -0.007128 0.004352 0.003390
v -0.007271 0.004434 0.002870
v -0.012966 0.002593 0.005059
v -0.013051 0.002693 0.005164
v -0.013190 0.002771 0.005138
v -0.013244 0.002749 0.005007
v -0.013159 0.002649 0.004902
v -0.013020 0.002571 0.004929
v -0.013105 0.002671 0.005033
v -0.006783 0.004620 0.003981
v -0.006747 0.004545 0.003916
v -0.006775 0.004652 0.003848
v -0.006816 0.004745 0.003913
v -0.006824 0.004707 0.004046
v -0.006794 0.004582 0.004113
v -0.006755 0.004506 0.004047
v -0.008010 0.005025 0.004211
v -0.008053 0.005186 0.004275
v -0.008040 0.005334 0.004173
v -0.007984 0.005316 0.004007
v -0.007942 0.005154 0.003942
v -0.007955 0.005011 0.004043
v -0.009382 0.004709 0.003707
v -0.009371 0.004946 0.003621
v -0.009505 0.005131 0.003744
v -0.009652 0.005079 0.003953
v -0.009664 0.004843 0.004040
v -0.009529 0.004657 0.003917
v -0.010308 0.004352 0.003656
v -0.010494 0.004611 0.003826
v -0.010476 0.004937 0.003705
v -0.010272 0.005006 0.003414
v -0.010086 0.004747 0.003244
v -0.010104 0.004421 0.003365
v -0.010442 0.004495 0.003519
v -0.010454 0.004600 0.003471
v -0.010510 0.004689 0.003531
v -0.010554 0.004673 0.003639
v -0.010542 0.004568 0.003687
v -0.010486 0.004479 0.003627
v -0.010509 0.004401 0.003654
v -0.010601 0.004547 0.003753
v -0.010620 0.004720 0.003673
v -0.010547 0.004747 0.003496
v -0.010455 0.004601 0.003397
v -0.010436 0.004428 0.003476
v -0.012721 0.002969 0.004701
v -0.012915 0.003077 0.004665
v -0.013034 0.003217 0.004811
v -0.012959 0.003248 0.004994
v -0.012765 0.003139 0.005031
v -0.012646 0.002999 0.004884
v -0.011839 0.003544 0.004488
v -0.011989 0.003659 0.004442
v -0.012066 0.003808 0.004552
v -0.011994 0.003843 0.004707
v -0.011844 0.003728 0.004753
v -0.011766 0.003579 0.004643
v -0.006801 0.004858 0.002549
v -0.006217 0.004200 0.002490
v -0.005364 0.003996 0.003835
v -0.004389 0.004143 0.005095
v -0.004646 0.004831 0.005624
v -0.005352 0.005406 0.005345
v -0.007153 0.004991 0.005088
v -0.006778 0.005406 0.003307
v 0.005122 0.002118 -0.006238
v 0.004897 0.000978 -0.005296
v 0.005418 0.000571 -0.003737
v 0.006704 0.000978 -0.002714
v 0.007666 0.002118 -0.002605
v 0.007890 0.003231 -0.003560
v 0.007257 0.003681 -0.005025
v 0.006097 0.003231 -0.006120
vn -0.4992 -0.5750 -0.6482
vn 0.2514 -0.7769 -0.5773
vn 0.2056 -0.9600 0.1899
vn -0.6365 -0.7698 0.0470
vn 0.8139 -0.2118 -0.5410
vn 0.9055 -0.4232 0.0309
vn 0.6018 0.5775 -0.5516
vn 0.7909 0.5505 -0.2673
vn 0.5446 -0.1569 -0.8239
vn 0.5002 0.3825 -0.7769
vn 0.1884 -0.4382 -0.8789
vn -0.2397 -0.3437 -0.9080
vn 0.8558 -0.2409 0.4577
vn 0.9897 -0.1060 0.0967
vn 0.6585 0.7175 0.2272
vn 0.3418 0.5929 0.7292
vn 0.4228 -0.8775 -0.2263
vn 0.5783 -0.6687 -0.4673
vn -0.5027 -0.6361 -0.5854
vn -0.1698 -0.4149 -0.8939
vn -0.2790 -0.3830 -0.8806
vn 0.5142 -0.8183 -0.2570
vn 0.9993 0.0260 0.0260
vn 0.7341 0.6415 -0.2226
vn -0.4450 -0.8158 -0.3695
vn -0.0427 -0.9124 -0.4070
vn 0.1889 -0.9817 0.0238
vn -0.0549 -0.9489 0.3107
vn 0.6145 -0.7814 0.1092
vn 0.6569 -0.6137 0.4380
vn 0.8355 -0.5082 -0.2089
vn 0.9841 -0.1305 -0.1206
vn 0.5756 -0.2439 0.7805
vn 0.6025 -0.3820 0.7008
vn 0.9409 0.3230 0.1023
vn 0.9388 0.3383 0.0643
vn -0.2961 -0.6990 0.6509
vn -0.1769 -0.8437 0.5068
vn -0.7992 -0.5687 -0.1945
vn -0.6632 -0.7048 -0.2517
vn 0.9989 -0.0400 0.0251
vn 0.6145 -0.6284 0.4770
vn 0.5413 -0.1804 0.8213
vn 0.7975 0.5680 0.2034
vn -0.0188 -0.9620 0.2724
vn -0.2683 -0.7500 0.6046
vn -0.4008 -0.8504 -0.3410
vn -0.8069 -0.5488 -0.2186
vn 0.8035 0.5878 0.0944
vn 0.7327 -0.2260 0.6419
vn -0.1485 -0.8743 0.4622
vn -0.7629 -0.5330 -0.3659
vn 0.2688 -0.7097 -0.6512
vn -0.4669 -0.5061 -0.7252
vn -0.4909 -0.6064 -0.6255
vn 0.4366 -0.8154 -0.3802
vn 0.8949 -0.2337 -0.3802
vn 0.9386 -0.2202 0.2657
vn 0.6988 0.7052 -0.1196
vn 0.4631 0.5926 0.6591
vn -0.8464 -0.5015 -0.1793
vn -0.3166 -0.6637 0.6777
vn 0.5422 -0.1383 0.8288
vn 0.8485 0.5110 0.1380
vn 0.7953 0.2992 -0.5273
vn 0.9181 -0.3336 0.2142
vn 0.1857 -0.7276 0.6603
vn -0.7123 -0.5776 0.3988
vn 0.1540 -0.2515 0.9555
vn -0.7273 -0.1787 0.6626
vn 0.9056 -0.0546 0.4206
vn 0.7878 0.1567 -0.5956
vn 0.7275 -0.2437 0.6414
vn 0.6905 -0.1112 0.7148
vn 0.5768 0.7466 0.3315
vn 0.4471 0.7266 0.5217
vn 0.3164 -0.9472 0.0521
vn 0.0818 -0.9339 0.3479
vn -0.3451 -0.7115 -0.6121
vn -0.5852 -0.6300 -0.5104
vn -0.2262 -0.8164 -0.5313
vn 0.2053 -0.9744 0.0916
vn 0.8186 -0.5056 0.2726
vn 0.9736 0.1463 -0.1753
vn 0.6033 -0.5360 -0.5905
vn 0.7919 0.6104 -0.0165
vn 0.9425 -0.2669 0.2013
vn 0.3171 -0.9430 -0.1009
vn -0.3236 -0.6198 -0.7150
vn 0.8193 -0.3150 0.4792
vn 0.7403 0.6406 0.2039
vn 0.1770 -0.9782 0.1089
vn -0.5446 -0.6584 -0.5195
vn -0.6090 -0.5998 -0.5190
vn 0.2783 -0.8303 -0.4829
vn 0.9193 -0.1902 -0.3445
vn 0.6743 0.6969 -0.2443
vn 0.6068 -0.5402 0.5831
vn 0.9991 -0.0424 -0.0073
vn -0.1721 -0.8947 0.4122
vn -0.5589 -0.7494 -0.3550
vn -0.4810 -0.7724 -0.4148
vn 0.0736 -0.9629 0.2597
vn 0.6611 -0.3673 0.6543
vn 0.7120 0.6044 0.3574
vn -0.2527 0.8633 -0.4368
vn -0.1474 0.7830 -0.6044
vn -0.4257 0.5225 -0.7388
vn -0.7043 0.5977 -0.3831
vn -0.7064 0.2143 -0.6746
vn -0.9547 0.0560 -0.2922
vn -0.1002 0.5797 -0.8086
vn -0.4651 0.5243 -0.7133
vn -0.4495 0.1023 -0.8874
vn -0.5222 0.7834 0.3370
vn -0.0744 0.9743 -0.2125
vn -0.3164 0.7631 -0.5636
vn -0.8200 0.5723 0.0085
vn -0.4901 0.4131 -0.7676
vn -0.9355 0.1994 -0.2917
vn 0.3125 0.7739 -0.5508
vn -0.0656 0.7168 -0.6942
vn -0.1132 0.4880 -0.8655
vn 0.5918 0.0171 -0.8059
vn 0.6363 -0.4221 -0.6457
vn 0.3552 -0.3216 -0.8777
vn 0.2888 -0.2175 -0.9324
vn 0.1855 -0.6241 -0.7590
vn -0.1241 -0.3338 -0.9344
vn 0.4316 0.4645 -0.7733
vn 0.4036 0.4923 -0.7712
vn -0.0213 0.3346 -0.9421
vn -0.0198 0.3012 -0.9534
vn -0.4141 -0.0787 -0.9068
vn -0.4319 0.0140 -0.9018
vn -0.5305 0.2157 -0.8197
vn -0.1939 -0.3208 -0.9271
vn 0.1390 0.1202 -0.9830
vn -0.1484 0.5579 -0.8165
vn 0.5888 0.1782 -0.7884
vn 0.2699 0.7539 -0.5990
vn -0.5016 0.3270 -0.8009
vn -0.2124 0.6308 -0.7463
vn 0.2046 0.8281 -0.5218
vn -0.9501 0.1879 -0.2490
vn -0.7665 0.1919 -0.6130
vn -0.6754 0.6562 -0.3365
vn -0.8111 0.5777 0.0913
vn -0.3241 0.8935 -0.3109
vn -0.4780 0.7862 0.3917
vn -0.5055 0.1668 -0.8465
vn -0.1124 0.4654 -0.8779
vn 0.3311 0.6541 -0.6800
vn -0.9432 -0.0167 -0.3319
vn -0.6426 0.3548 -0.6791
vn -0.2109 0.4982 -0.8410
vn -0.9643 0.0663 -0.2563
vn -0.6227 0.1697 -0.7639
vn -0.1791 0.1841 -0.9665
vn -0.2085 0.9652 -0.1581
vn 0.0009 0.9433 -0.3318
vn -0.3475 0.6734 -0.6525
vn -0.4894 0.7241 -0.4859
vn -0.5344 0.3364 -0.7754
vn -0.6298 0.2457 -0.7368
vn 0.5347 0.3071 -0.7873
vn 0.3039 0.0330 -0.9521
vn -0.0583 -0.1721 -0.9833
vn -0.3779 0.3105 -0.8722
vn -0.1973 0.7050 -0.6812
vn 0.1613 0.8596 -0.4848
vn -0.6147 0.3058 -0.7270
vn -0.2707 0.7491 -0.6047
vn 0.0538 0.9264 -0.3728
vn -0.8530 0.2867 -0.4360
vn -0.6177 0.6873 -0.3821
vn -0.2073 0.9298 -0.3041
vn -0.1644 -0.2487 -0.9545
vn 0.2404 -0.0339 -0.9701
vn 0.6210 0.1067 -0.7765
vn -0.5355 0.0740 -0.8413
vn -0.2865 0.6280 -0.7236
vn 0.0757 0.8752 -0.4778
vn 0.2345 0.6989 -0.6756
vn 0.3038 0.8840 -0.3554
vn 0.2540 0.7390 -0.6239
vn 0.3515 0.9361 0.0148
vn -0.0748 0.7970 0.5993
vn 0.4996 0.8217 -0.2742
vn 0.8623 -0.2356 -0.4482
vn 0.8678 -0.1265 -0.4806
vn 0.7412 0.5600 -0.3701
vn 0.7737 0.4929 -0.3981
vn 0.8743 0.2889 -0.3900
vn 0.6126 0.7576 -0.2254
vn 0.5828 0.7883 -0.1971
vn 0.2040 0.9779 -0.0461
vn 0.0044 0.7973 0.6035
vn 0.6784 0.6691 -0.3034
vn 0.3306 0.5431 -0.7718
vn 0.3316 0.2354 -0.9136
vn 0.3436 0.9388 0.0232
vn 0.1158 0.9683 0.2214
vn 0.8097 0.1867 -0.5564
vn 0.4745 0.8591 -0.1918
vn 0.4327 0.8938 -0.1179
vn 0.2624 0.9284 -0.2632
vn 0.9062 0.0774 -0.4158
vn 0.4164 0.9081 -0.0453
vn -0.9336 -0.3414 -0.1089
vn -0.6175 -0.1932 -0.7625
vn -0.5764 -0.1706 -0.7991
vn -0.3445 -0.0373 -0.9380
vn -0.8087 -0.2505 -0.5322
vn -0.4422 -0.0572 -0.8951
vn -0.1698 -0.7049 -0.6887
vn -0.2780 -0.6748 -0.6836
vn -0.6489 -0.3639 -0.6682
vn -0.7279 -0.2935 -0.6196
vn -0.4785 -0.5223 -0.7058
vn -0.7781 -0.2090 -0.5923
vn -0.7578 -0.1635 -0.6317
vn -0.7628 -0.1795 -0.6213
vn -0.8267 -0.2410 -0.5084
vn -0.7895 -0.2086 -0.5772
vn -0.9648 -0.2630 0.0042
vn -0.9807 -0.0508 0.1890
vn -0.6637 -0.2640 -0.6999
vn -0.5746 -0.2852 -0.7671
vn -0.1030 -0.5474 -0.8305
vn -0.5020 -0.1709 -0.8478
vn -0.6909 -0.2062 -0.6929
vn -0.8451 -0.2011 -0.4954
vn -0.4433 -0.5288 -0.7238
vn -0.6140 -0.3252 -0.7193
vn -0.6678 0.5377 0.5147
vn -0.7831 0.6165 -0.0819
vn -0.6020 0.3960 0.6934
vn -0.1591 0.8256 -0.5414
vn 0.2650 0.8716 -0.4124
vn 0.5963 0.7468 -0.2945
vn -0.5802 0.7767 -0.2451
vn 0.7423 0.4841 0.4634
vn 0.1050 0.3594 0.9272
vn -0.0493 0.8243 0.5640
vn -0.7198 -0.5814 0.3793
vn -0.5205 -0.7807 -0.3458
vn 0.2304 -0.9585 -0.1676
vn -0.0581 -0.7683 0.6374
vn -0.3871 -0.2191 -0.8956
vn 0.1911 -0.4205 -0.8869
vn -0.4490 0.5694 -0.6886
vn -0.1408 0.5513 -0.8223
vn -0.7146 -0.1522 -0.6828
vn -0.6922 0.3827 -0.6119
vn -0.8209 -0.4585 -0.3405
vn -0.9314 -0.3526 0.0902
vn 0.1347 -0.2787 -0.9509
vn -0.3684 0.0243 -0.9294
vn 0.0120 0.7770 -0.6294
vn 0.5243 0.5712 -0.6315
vn -0.2905 -0.9015 -0.3209
vn -0.7686 -0.5341 -0.3521
vn -0.3333 -0.6953 0.6368
vn -0.7864 -0.3365 0.5180
vn -0.7396 -0.2798 0.6122
vn -0.6479 -0.6436 -0.4074
vn -0.4134 0.2209 -0.8833
vn -0.3664 0.7968 -0.4804
vn 0.0198 -0.8223 0.5687
vn -0.1990 -0.9094 0.3653
vn -0.1086 -0.9881 -0.1088
vn 0.1688 -0.9677 -0.1874
vn -0.4053 -0.7900 -0.4600
vn -0.2274 -0.5766 -0.7848
vn -0.8008 -0.5021 -0.3265
vn -0.8094 -0.0371 -0.5862
vn -0.1622 -0.2781 -0.9468
vn -0.2235 -0.4136 -0.8826
vn -0.7883 0.3061 -0.5338
vn -0.8001 0.3307 -0.5005
vn 0.5453 -0.7260 -0.4190
vn 0.3743 -0.8600 -0.3469
vn 0.6121 -0.5626 0.5557
vn 0.4654 -0.6998 0.5420
vn -0.8049 -0.0755 -0.5886
vn -0.1579 -0.5960 -0.7873
vn 0.1304 -0.1428 -0.9811
vn -0.5742 0.4856 -0.6592
vn 0.2982 -0.9333 -0.2000
vn 0.7128 -0.6231 -0.3219
vn 0.1635 -0.8048 0.5706
vn 0.5860 -0.4734 0.6576
vn -0.2292 0.7128 -0.6629
vn 0.0491 -0.1376 -0.9893
vn 0.2745 -0.9160 -0.2926
vn 0.0562 -0.6544 0.7540
vn -0.5387 -0.7618 -0.3597
vn -0.7028 -0.5724 0.4224
vn -0.4128 -0.6721 0.6147
vn -0.2925 -0.8951 -0.3365
vn -0.2904 -0.2152 -0.9324
vn 0.1491 -0.2609 -0.9538
vn -0.1630 0.6576 -0.7355
vn 0.4806 0.6231 -0.6171
vn 0.6614 -0.4911 0.5669
vn 0.6546 -0.6245 -0.4260
vn -0.0041 -0.1496 -0.9887
vn -0.6597 0.4665 -0.5892
vn -0.3735 0.3332 -0.8657
vn 0.3495 -0.3362 -0.8745
vn 0.6477 -0.7578 -0.0788
vn 0.2389 -0.5980 0.7651
vn 0.9243 -0.3812 0.0176
vn 0.4928 -0.2294 0.8393
vn 0.5062 -0.1821 -0.8430
vn -0.4741 0.1855 -0.8607
vn -0.3570 -0.2616 -0.8967
vn -0.2930 -0.1329 -0.9468
vn -0.3580 0.7393 -0.5703
vn -0.1586 0.7196 -0.6761
vn -0.2609 -0.9474 -0.1854
vn 0.0788 -0.9394 -0.3337
vn 0.0256 -0.7043 0.7095
vn 0.2924 -0.6191 0.7288
vn -0.0507 -0.8103 0.5838
vn -0.1409 -0.9758 -0.1670
vn -0.5955 -0.5123 -0.6188
vn -0.9417 0.1434 -0.3042
vn -0.8132 -0.5360 0.2267
vn -0.2301 0.7361 -0.6366
vn -0.3020 -0.1154 -0.9463
vn -0.4401 -0.8400 -0.3172
vn -0.6235 -0.5517 0.5540
vn -0.0083 -0.2277 -0.9737
vn 0.0005 0.7275 -0.6861
vn -0.2046 -0.9313 -0.3014
vn -0.3692 -0.6604 0.6539
vn -0.5953 -0.6157 0.5162
vn -0.3958 -0.8492 -0.3497
vn -0.1742 -0.1996 -0.9643
vn -0.1491 0.6927 -0.7057
vn -0.1218 -0.5333 -0.8371
vn -0.8036 -0.0380 -0.5940
vn 0.4001 -0.8878 -0.2275
vn 0.2410 -0.7506 0.6153
vn 0.2310 -0.7645 0.6018
vn 0.0454 -0.9674 -0.2492
vn -0.2944 -0.3895 -0.8727
vn -0.4716 0.5930 -0.6526
vn -0.4927 0.8549 0.1622
vn -0.6373 0.7699 0.0332
vn -0.8084 0.5187 0.2783
vn -0.5118 0.5981 0.6167
vn -0.7883 0.2081 0.5790
vn -0.4574 0.0607 0.8872
vn -0.8230 0.5654 -0.0551
vn -0.7926 0.5229 0.3136
vn -0.9542 0.1113 0.2777
vn 0.4916 0.8034 0.3359
vn -0.0042 0.9715 0.2372
vn -0.2318 0.7846 0.5750
vn 0.2850 0.5741 0.7676
vn -0.4026 0.4163 0.8152
vn 0.0567 0.1600 0.9855
vn -0.4344 0.8991 0.0541
vn -0.4117 0.7932 0.4488
vn -0.5964 0.5883 0.5462
vn -0.9731 0.1205 0.1965
vn -0.8891 -0.4266 0.1662
vn -0.8005 -0.3294 0.5007
vn -0.8053 -0.1636 0.5698
vn -0.5865 -0.6326 0.5059
vn -0.5468 -0.2701 0.7925
vn -0.7325 0.4930 0.4696
vn -0.7068 0.5196 0.4800
vn -0.4097 0.3695 0.8340
vn -0.4145 0.3400 0.8442
vn -0.0455 -0.0486 0.9978
vn -0.0286 0.0482 0.9984
vn -0.1228 0.1606 0.9793
vn -0.4503 -0.3202 0.8335
vn -0.7429 0.0465 0.6678
vn -0.4765 0.4592 0.7497
vn -0.9640 0.0713 0.2562
vn -0.7024 0.6386 0.3144
vn -0.2964 0.3413 0.8920
vn -0.3433 0.6761 0.6519
vn -0.3667 0.9136 0.1760
vn -0.0871 0.2159 0.9725
vn -0.6472 0.2333 0.7257
vn -0.4053 0.7008 0.5871
vn 0.1541 0.6361 0.7561
vn -0.3626 0.9184 0.1580
vn 0.3662 0.8652 0.3424
vn -0.0122 0.1446 0.9894
vn -0.3906 0.4438 0.8065
vn -0.6751 0.6251 0.3917
vn -0.4982 0.0013 0.8671
vn -0.7628 0.3824 0.5215
vn -0.8419 0.5360 0.0624
vn -0.3742 0.1634 0.9128
vn -0.7901 0.3157 0.5254
vn -0.9326 0.3545 0.0672
vn 0.1218 0.9668 0.2245
vn -0.1491 0.9480 0.2811
vn 0.0158 0.6898 0.7238
vn 0.2198 0.7374 0.6387
vn 0.1251 0.3565 0.9259
vn 0.2292 0.2671 0.9360
vn -0.8414 0.3142 0.4397
vn -0.7186 0.0478 0.6937
vn -0.4102 -0.1601 0.8978
vn -0.5350 0.3676 0.7607
vn -0.3602 0.7557 0.5470
vn -0.3056 0.9398 0.1532
vn -0.2991 0.2934 0.9080
vn -0.2387 0.7715 0.5898
vn -0.1337 0.9681 0.2118
vn -0.5876 0.2830 0.7580
vn -0.5034 0.6905 0.5194
vn -0.3641 0.9208 0.1396
vn -0.4409 -0.2592 0.8593
vn -0.7711 -0.0501 0.6347
vn -0.9626 0.0993 0.2522
vn 0.0975 0.1049 0.9897
vn -0.0675 0.6533 0.7541
vn -0.2692 0.8894 0.3695
vn -0.6397 0.6861 -0.3464
vn -0.3176 0.8768 -0.3612
vn -0.5933 0.7229 -0.3541
vn -0.0097 0.9715 -0.2368
vn 0.5577 0.8136 -0.1647
vn -0.2637 0.9351 -0.2369
vn -0.9626 -0.2318 -0.1403
vn -0.9775 -0.0072 -0.2106
vn -0.8229 0.5672 -0.0338
vn -0.8630 0.5046 -0.0252
vn -0.9580 0.1940 -0.2112
vn -0.7380 0.6457 -0.1962
vn -0.3189 0.9068 -0.2759
vn -0.1103 0.9516 -0.2868
vn 0.4793 0.8643 -0.1523
vn -0.7687 0.6320 -0.0987
vn -0.6770 0.5788 -0.4547
vn -0.8029 0.3405 -0.4894
vn -0.2902 0.9388 -0.1854
vn 0.0068 0.9685 -0.2489
vn -0.9776 0.1869 0.0973
vn -0.1898 0.9469 -0.2597
vn -0.0822 0.9659 -0.2456
vn -0.2490 0.9196 -0.3040
vn -0.9775 0.0790 -0.1958
vn -0.3796 0.9110 -0.1610
vn -0.2662 -0.3426 0.9010
vn -0.8563 -0.1954 0.4780
vn -0.8839 -0.1765 0.4330
vn -0.6702 0.0458 0.7408
vn -0.1906 -0.2908 0.9376
vn -0.6077 0.0019 0.7942
vn -0.2658 -0.7066 0.6558
vn -0.2609 -0.6919 0.6732
vn 0.2720 -0.3438 0.8988
vn 0.3639 -0.2725 0.8907
vn -0.0434 -0.5004 0.8647
vn 0.2701 -0.1869 0.9445
vn -0.1024 -0.2421 0.9648
vn -0.6332 -0.1978 0.7483
vn -0.3015 -0.2558 0.9185
vn 0.3750 -0.1960 0.9061
vn -0.1688 -0.2737 0.9469
vn 0.0493 -0.0073 0.9988
vn 0.2743 -0.2429 0.9305
vn 0.1645 -0.2623 0.9508
vn -0.2957 -0.5426 0.7862
vn -0.5631 -0.1351 0.8153
vn -0.3535 -0.2288 0.9070
vn -0.6276 -0.2075 0.7504
vn -0.0790 -0.5386 0.8389
vn 0.2193 -0.3024 0.9276
vn 0.4164 0.5759 0.7035
vn -0.1089 0.6801 0.7250
vn 0.6354 0.3847 0.6695
vn -0.4803 0.8761 0.0417
vn -0.3052 0.8995 -0.3126
vn -0.1286 0.7388 -0.6615
vn -0.2155 0.8336 0.5086
vn 0.5988 0.3999 -0.6939
vn 0.9692 0.2460 0.0066
vn 0.5467 0.8244 0.1465
vn -0.7991 -0.5750 -0.1757
vn -0.1785 -0.7769 -0.6038
vn 0.2796 -0.9600 0.0133
vn -0.4574 -0.7698 0.4452
vn 0.2757 -0.2118 -0.9376
vn 0.7135 -0.4232 -0.5584
vn 0.1065 0.5775 -0.8094
vn 0.4341 0.5505 -0.7131
vn -0.1123 -0.1569 -0.9812
vn -0.1162 0.3825 -0.9166
vn -0.4206 -0.4382 -0.7944
vn -0.7672 -0.3437 -0.5415
vn 0.7786 -0.2644 -0.5690
vn 0.4295 0.0229 -0.9028
vn 0.4690 0.7779 -0.4182
vn 0.8270 0.5616 -0.0251
vn 0.0111 -0.8826 -0.4700
vn -0.2595 -0.5384 -0.8017
vn -0.7134 -0.6775 0.1790
vn -0.9107 -0.3473 -0.2237
vn -0.9457 -0.3014 -0.1213
vn -0.1238 -0.6629 -0.7384
vn 0.3685 0.2018 -0.9074
vn 0.1013 0.7907 -0.6038
vn -0.4552 -0.8272 0.3293
vn -0.4211 -0.9070 -0.0024
vn 0.0416 -0.9840 -0.1730
vn 0.2639 -0.9640 0.0337
vn 0.1705 -0.7782 -0.6045
vn 0.5280 -0.5796 -0.6207
vn -0.1506 -0.5092 -0.8474
vn 0.0364 -0.0421 -0.9984
vn 0.8044 -0.2752 -0.5265
vn 0.7228 -0.4078 -0.5580
vn 0.1816 0.3233 -0.9287
vn 0.1470 0.3456 -0.9268
vn 0.5970 -0.7329 0.3262
vn 0.4653 -0.8621 0.2008
vn -0.2684 -0.5679 0.7781
vn -0.3138 -0.7004 0.6411
vn 0.0697 -0.0718 -0.9950
vn 0.5708 -0.5918 -0.5691
vn 0.8857 -0.1542 -0.4379
vn 0.2435 0.4912 -0.8363
vn 0.3324 -0.9374 0.1039
vn 0.6516 -0.6431 0.4024
vn -0.3807 -0.8258 0.4161
vn -0.2377 -0.4802 0.8443
vn 0.3513 0.7034 -0.6179
vn 0.8045 -0.1457 -0.5757
vn 0.3948 -0.9155 0.0772
vn -0.5719 -0.6245 0.5318
vn -0.2259 -0.7564 -0.6138
vn -0.8523 -0.4774 -0.2139
vn -0.7743 -0.6322 0.0282
vn 0.0511 -0.8834 -0.4658
vn 0.4855 -0.2885 -0.8253
vn 0.8247 -0.2996 -0.4797
vn 0.4603 0.6938 -0.5539
vn 0.8495 0.5276 -0.0071
vn -0.2162 -0.4756 0.8527
vn 0.6557 -0.6437 0.3945
vn 0.8705 -0.1738 -0.4606
vn 0.2128 0.4658 -0.8589
vn 0.2694 0.2567 -0.9282
vn 0.8557 -0.3267 -0.4012
vn 0.5893 -0.6892 0.4217
vn -0.2586 -0.5517 0.7930
vn 0.7166 0.1841 0.6727
vn -0.0038 0.2738 0.9618
vn 0.8988 0.4353 -0.0521
vn 0.3425 0.7989 -0.4944
vn 0.3247 0.8243 0.4638
vn 0.6814 -0.2602 -0.6841
vn 0.7510 -0.1338 -0.6466
vn 0.3820 0.7398 -0.5539
vn 0.5557 0.7191 -0.4173
vn 0.0683 -0.9477 -0.3116
vn 0.3358 -0.9399 -0.0623
vn -0.6392 -0.7040 0.3096
vn -0.5509 -0.6213 0.5572
vn -0.5574 -0.8097 0.1836
vn 0.0936 -0.9753 -0.1999
vn 0.3275 -0.5102 -0.7953
vn -0.0974 0.1480 -0.9842
vn -0.5336 -0.5351 -0.6549
vn 0.2970 0.7296 -0.6161
vn 0.4818 -0.1171 -0.8684
vn -0.0610 -0.8357 -0.5458
vn -0.8288 -0.5517 -0.0933
vn 0.7107 -0.2270 -0.6659
vn 0.4968 0.7278 -0.4727
vn 0.0948 -0.9330 -0.3471
vn -0.7197 -0.6707 0.1794
vn -0.8001 -0.5998 -0.0061
vn -0.0972 -0.8303 -0.5488
vn 0.4828 -0.1902 -0.8548
vn 0.3595 0.6969 -0.6205
vn 0.6518 -0.5298 -0.5427
vn 0.0838 -0.0474 -0.9954
vn 0.4120 -0.8846 0.2186
vn -0.3966 -0.7554 0.5217
vn -0.4600 -0.7636 0.4532
vn 0.2468 -0.9673 -0.0591
vn 0.6865 -0.3847 -0.6170
vn 0.4116 0.5974 -0.6882
vn -0.4743 0.8633 -0.1722
vn -0.5014 0.7830 -0.3682
vn -0.8009 0.5225 -0.2923
vn -0.7858 0.5977 0.1593
vn -0.9747 0.2143 -0.0627
vn -0.9192 0.0560 0.3899
vn -0.5966 0.5797 -0.5550
vn -0.8148 0.5243 -0.2475
vn -0.9147 0.1023 -0.3909
vn 0.1099 0.7747 0.6227
vn -0.1832 0.9694 0.1633
vn -0.5888 0.7758 0.2270
vn -0.3409 0.5543 0.7593
vn -0.8755 0.4082 0.2587
vn -0.6641 0.1566 0.7310
vn -0.3492 0.8948 -0.2780
vn -0.6235 0.7818 0.0043
vn -0.8206 0.5680 -0.0639
vn -0.7055 0.0981 -0.7018
vn -0.5871 -0.4406 -0.6791
vn -0.8317 -0.3440 -0.4358
vn -0.9085 -0.1758 -0.3790
vn -0.7273 -0.6326 -0.2660
vn -0.9563 -0.2910 -0.0299
vn -0.7172 0.5097 -0.4753
vn -0.7151 0.5378 -0.4465
vn -0.9238 0.3814 -0.0334
vn -0.9355 0.3517 -0.0339
vn -0.9316 -0.0399 0.3614
vn -0.9247 0.0538 0.3769
vn -0.8825 0.1794 0.4347
vn -0.9411 -0.3317 0.0650
vn -0.9643 0.0464 -0.2607
vn -0.8774 0.4793 0.0214
vn -0.7327 0.0800 -0.6758
vn -0.6330 0.6593 -0.4057
vn -0.8869 0.3346 0.3184
vn -0.7355 0.6664 0.1225
vn -0.3907 0.9012 -0.1874
vn -0.8048 0.2751 0.5259
vn -0.9683 0.2492 -0.0149
vn -0.7191 0.6898 0.0839
vn -0.4591 0.6609 0.5936
vn -0.4478 0.8853 -0.1253
vn 0.0753 0.8610 0.5029
vn -0.8749 0.1635 0.4558
vn -0.8861 0.4622 0.0331
vn -0.6607 0.6348 -0.4006
vn -0.9318 -0.0362 0.3611
vn -0.9384 0.3195 -0.1313
vn -0.7222 0.4455 -0.5291
vn -0.5697 0.6285 0.5296
vn -0.4909 0.8366 0.2431
vn -0.3921 0.8979 -0.2003
vn -0.1606 0.9668 0.1985
vn -0.3154 0.9487 -0.0209
vn -0.6560 0.6901 0.3057
vn -0.5014 0.7353 0.4560
vn -0.7987 0.3549 0.4860
vn -0.7669 0.2657 0.5842
vn -0.7385 0.3191 -0.5940
vn -0.9237 0.0513 -0.3795
vn -0.9874 -0.1572 -0.0175
vn -0.9283 0.3542 0.1128
vn -0.6634 0.7418 0.0983
vn -0.3397 0.9315 -0.1302
vn -0.8741 0.2840 0.3941
vn -0.6085 0.7611 0.2245
vn -0.2597 0.9647 0.0445
vn -0.9337 0.2867 0.2143
vn -0.7188 0.6873 0.1044
vn -0.3543 0.9298 -0.0997
vn -0.9604 -0.2714 0.0629
vn -0.9391 -0.0654 -0.3373
vn -0.7169 0.0800 -0.6926
vn -0.8661 0.1088 0.4879
vn -0.7166 0.6544 0.2414
vn -0.4440 0.8907 -0.0975
vn -0.2546 0.6989 -0.6683
vn 0.0043 0.8840 -0.4676
vn -0.2065 0.7390 -0.6412
vn 0.1629 0.9739 -0.1580
vn 0.5183 0.7902 0.3270
vn -0.0158 0.9347 -0.3550
vn -0.3789 -0.2478 -0.8916
vn -0.3579 -0.0240 -0.9334
vn -0.2897 0.5833 -0.7589
vn -0.3130 0.5229 -0.7929
vn -0.3402 0.2076 -0.9172
vn -0.2281 0.6611 -0.7148
vn 0.0044 0.8939 -0.4482
vn 0.1506 0.9606 -0.2337
vn 0.4983 0.8157 0.2938
vn -0.2579 0.6370 -0.7265
vn -0.2672 0.4951 -0.8267
vn 0.0088 0.9397 -0.3418
vn 0.0561 0.9397 -0.3372
vn 0.2299 0.9683 -0.0972
vn -0.4793 0.1923 -0.8563
vn 0.0427 0.9437 -0.3281
vn 0.1122 0.9669 -0.2292
vn 0.0319 0.9284 -0.3703
vn -0.3453 0.0604 -0.9365
vn -0.0016 0.9124 -0.4093
vn -0.7852 -0.3414 0.5166
vn -0.9631 -0.1932 -0.1872
vn -0.9552 -0.1706 -0.2417
vn -0.9996 0.0290 0.0028
vn -0.8158 -0.2829 0.5044
vn -0.9953 -0.0170 0.0949
vn -0.6995 -0.7086 0.0927
vn -0.7089 -0.6904 0.1443
vn -0.7146 -0.3424 0.6100
vn -0.6717 -0.2737 0.6884
vn -0.7485 -0.5179 0.4141
vn -0.6478 -0.1785 0.7406
vn -0.8210 -0.2225 0.5258
vn -0.9918 -0.1276 0.0105
vn -0.9253 -0.1943 0.3256
vn -0.6298 -0.1784 0.7560
vn -0.7299 -0.2539 0.6347
vn -0.2206 0.5011 0.8368
vn -0.7434 -0.2437 0.6229
vn -0.8052 -0.2615 0.5323
vn -0.8388 -0.5428 0.0416
vn -0.9809 -0.1433 0.1313
vn -0.9058 -0.2315 0.3548
vn -0.9658 -0.2011 0.1637
vn -0.7619 -0.5397 0.3581
vn -0.7620 -0.3015 0.5731
vn 0.4384 -0.5750 0.6908
vn -0.2619 -0.7698 0.5821
vn -0.1081 -0.9600 -0.2582
vn 0.6285 -0.7769 -0.0388
vn 0.2807 -0.4232 -0.8615
vn 0.7868 -0.2118 -0.5798
vn 0.5217 0.5505 -0.6518
vn 0.7242 0.5775 -0.3769
vn 0.9011 0.3825 -0.2043
vn 0.9605 -0.1569 -0.2300
vn 0.8903 -0.4382 0.1236
vn 0.7712 -0.3437 0.5358
vn -0.1374 -0.2409 -0.9608
vn -0.5683 0.5929 -0.5705
vn 0.0117 0.7175 -0.6965
vn 0.2476 -0.1060 -0.9630
vn 0.3573 -0.8775 -0.3199
vn 0.6370 -0.6687 -0.3836
vn 0.3782 -0.6361 0.6726
vn 0.7819 -0.4149 0.4653
vn 0.4173 -0.8183 -0.3953
vn 0.7321 -0.3830 0.5633
vn 0.3174 0.0260 -0.9479
vn 0.4603 0.6415 -0.6137
vn 0.1950 -0.8158 0.5445
vn -0.3108 -0.9489 -0.0547
vn 0.0422 -0.9817 -0.1856
vn 0.3678 -0.9124 0.1793
vn -0.1869 -0.6137 -0.7671
vn 0.1076 -0.7814 -0.6147
vn 0.4499 -0.1305 -0.8835
vn 0.4821 -0.5082 -0.7137
vn -0.5365 -0.2439 -0.8079
vn 0.2607 0.3383 -0.9042
vn 0.2257 0.3230 -0.9191
vn -0.4524 -0.3820 -0.8059
vn -0.7129 -0.6990 0.0557
vn -0.5368 -0.8437 -0.0071
vn -0.0906 -0.5687 0.8175
vn 0.0097 -0.7048 0.7093
vn 0.3180 -0.0400 -0.9472
vn 0.0817 0.5680 -0.8190
vn -0.5866 -0.1804 -0.7895
vn -0.2380 -0.6284 -0.7405
vn -0.6599 -0.7500 0.0453
vn -0.2623 -0.9620 -0.0755
vn -0.0705 -0.5488 0.8330
vn 0.1834 -0.8503 0.4932
vn 0.1861 0.5878 -0.7873
vn -0.3526 -0.2260 -0.9081
vn -0.4851 -0.8743 -0.0185
vn 0.0829 -0.5330 0.8421
vn 0.7038 -0.7097 -0.0299
vn 0.5066 -0.8154 -0.2803
vn 0.4199 -0.6064 0.6752
vn 0.5217 -0.5061 0.6868
vn 0.6634 -0.2337 -0.7109
vn 0.0714 -0.2202 -0.9728
vn 0.3514 0.7052 -0.6158
vn -0.4609 0.5926 -0.6606
vn -0.7451 -0.6637 0.0658
vn -0.1210 -0.5015 0.8567
vn -0.5933 -0.1383 -0.7930
vn 0.1605 0.5110 -0.8445
vn 0.1127 -0.3336 -0.9359
vn 0.7675 0.2992 -0.5670
vn -0.5570 -0.7276 -0.4004
vn -0.6184 -0.5776 0.5329
vn -0.8714 -0.1787 0.4568
vn -0.8452 -0.2515 -0.4715
vn -0.0855 -0.0546 -0.9948
vn 0.8292 0.1567 -0.5366
vn -0.3538 -0.2437 -0.9030
vn -0.3373 0.7266 -0.5985
vn -0.1142 0.7466 -0.6554
vn -0.4355 -0.1112 -0.8933
vn 0.0592 -0.9472 -0.3152
vn -0.2989 -0.9340 -0.1959
vn 0.4572 -0.7115 0.5336
vn 0.2794 -0.6301 0.7245
vn -0.0158 -0.9744 -0.2243
vn 0.4219 -0.8165 0.3942
vn 0.0238 -0.5056 -0.8624
vn 0.4977 0.1463 -0.8549
vn 0.7612 -0.5361 -0.3649
vn 0.2863 0.6104 -0.7386
vn 0.1332 -0.2669 -0.9545
vn 0.2033 -0.9430 -0.2635
vn 0.5612 -0.6198 0.5486
vn 0.0616 0.6406 -0.7654
vn -0.1701 -0.3150 -0.9337
vn -0.0418 -0.9782 -0.2036
vn 0.3019 -0.6584 0.6895
vn 0.5490 -0.8303 -0.0963
vn 0.2794 -0.5998 0.7498
vn 0.6381 -0.1902 -0.7460
vn 0.4602 0.6969 -0.5501
vn 0.3486 -0.0424 -0.9363
vn -0.3404 -0.5402 -0.7696
vn -0.4462 -0.8947 0.0208
vn 0.1424 -0.7494 0.6466
vn -0.2188 -0.9629 -0.1580
vn 0.2253 -0.7724 0.5938
vn -0.3887 -0.3673 -0.8450
vn -0.0923 0.6044 -0.7913
vn 0.3240 0.8633 0.3868
vn 0.1191 0.5977 0.7928
vn 0.5486 0.5225 0.6527
vn 0.5175 0.7830 0.3453
vn -0.0520 0.0560 0.9971
vn 0.3923 0.2143 0.8945
vn 0.5112 0.5243 0.6810
vn 0.7256 0.5797 0.3708
vn 0.6802 0.1023 0.7259
vn -0.4953 0.7834 0.3755
vn -0.2885 0.5723 0.7676
vn 0.4214 0.7631 0.4901
vn 0.1742 0.9743 0.1426
vn -0.0458 0.1994 0.9789
vn 0.5537 0.4131 0.7230
vn 0.6299 0.7168 0.2991
vn 0.6245 0.7739 -0.1052
vn 0.7746 0.4880 0.4023
vn 0.9597 0.0171 -0.2805
vn 0.9749 -0.2175 0.0475
vn 0.9463 -0.3216 -0.0336
vn 0.8244 -0.4221 -0.3771
vn 0.8356 -0.3338 0.4362
vn 0.7767 -0.6241 0.0852
vn 0.8743 0.4645 -0.1410
vn 0.8891 0.3011 0.3448
vn 0.8780 0.3346 0.3423
vn 0.8627 0.4923 -0.1155
vn 0.6997 0.0140 0.7143
vn 0.7105 -0.0787 0.6993
vn 0.5889 0.2157 0.7789
vn 0.7166 0.5579 0.4187
vn 0.9712 0.1202 0.2056
vn 0.8049 -0.3208 0.4993
vn 0.6552 0.7538 -0.0487
vn 0.9422 0.1782 -0.2836
vn 0.6286 0.6308 0.4549
vn 0.5811 0.3270 0.7452
vn 0.5604 0.8281 -0.0138
vn -0.0909 0.1879 0.9780
vn -0.3633 0.5777 0.7310
vn 0.0852 0.6562 0.7497
vn 0.3138 0.1919 0.9299
vn -0.5315 0.7862 0.3152
vn 0.1813 0.8935 0.4109
vn 0.6226 0.1668 0.7646
vn 0.7866 0.4654 0.4059
vn 0.7523 0.6541 -0.0785
vn 0.4183 0.3548 0.8361
vn -0.0107 -0.0167 0.9998
vn 0.7182 0.4982 0.4859
vn 0.5049 0.1697 0.8464
vn -0.0890 0.0663 0.9938
vn 0.8469 0.1841 0.4988
vn 0.0773 0.9652 0.2500
vn 0.2892 0.7242 0.6260
vn 0.4944 0.6734 0.5496
vn 0.3120 0.9434 0.1126
vn 0.4770 0.2457 0.8439
vn 0.5459 0.3364 0.7674
vn 0.9987 0.0330 0.0400
vn 0.9227 0.3071 -0.2331
vn 0.9041 -0.1721 0.3911
vn 0.5726 0.7050 0.4184
vn 0.6904 0.3105 0.6534
vn 0.5107 0.8596 0.0143
vn 0.4729 0.3058 0.8263
vn 0.4756 0.7491 0.4612
vn 0.3687 0.9264 0.0769
vn 0.1180 0.2867 0.9507
vn 0.1477 0.6873 0.7112
vn 0.2148 0.9298 0.2988
vn 0.8407 -0.2487 0.4810
vn 0.9938 -0.0339 0.1059
vn 0.9421 0.1067 -0.3179
vn 0.6074 0.0740 0.7909
vn 0.5820 0.6280 0.5167
vn 0.4749 0.8752 0.0923
vn 0.4379 0.8840 -0.1640
vn 0.7151 0.6989 0.0107
vn 0.6732 0.7390 -0.0253
vn -0.5887 0.7970 -0.1347
vn 0.1064 0.9361 -0.3354
vn 0.4286 0.8217 -0.3757
vn 0.7484 -0.1265 -0.6511
vn 0.7161 -0.2356 -0.6570
vn 0.6388 0.4929 -0.5908
vn 0.6013 0.5600 -0.5699
vn 0.4213 0.7576 -0.4985
vn 0.6655 0.2889 -0.6882
vn 0.3846 0.7883 -0.4803
vn -0.5656 0.7973 -0.2105
vn 0.1131 0.9779 -0.1760
vn 0.5171 0.6691 -0.5337
vn 0.8383 0.5431 -0.0467
vn 0.9719 0.2354 0.0009
vn -0.1685 0.9683 -0.1846
vn 0.0957 0.9388 -0.3308
vn 0.7999 0.1866 -0.5704
vn 0.3425 0.8591 -0.3803
vn 0.2588 0.8938 -0.3663
vn 0.3371 0.9284 -0.1566
vn 0.7006 0.0773 -0.7093
vn 0.1850 0.9081 -0.3758
vn 0.5053 -0.1932 0.8410
vn -0.2169 -0.3414 0.9145
vn 0.5538 -0.1706 0.8150
vn 0.2235 -0.2505 0.9420
vn 0.7637 -0.0373 0.6445
vn 0.6899 -0.0572 0.7216
vn 0.5473 -0.6748 0.4951
vn 0.5891 -0.7049 0.3951
vn 0.3333 -0.2935 0.8960
vn 0.4060 -0.3639 0.8383
vn 0.2904 -0.2090 0.9338
vn 0.4996 -0.5223 0.6911
vn 0.3344 -0.1635 0.9281
vn 0.1950 -0.2410 0.9507
vn 0.3229 -0.1795 0.9292
vn 0.2724 -0.2086 0.9393
vn -0.3340 -0.2630 0.9052
vn -0.5130 -0.0508 0.8569
vn 0.5243 -0.2852 0.8023
vn 0.4307 -0.2640 0.8630
vn 0.7451 -0.5476 0.3808
vn 0.6250 -0.1709 0.7617
vn 0.4149 -0.2062 0.8862
vn 0.1765 -0.2011 0.9635
vn 0.5285 -0.5288 0.6641
vn 0.4659 -0.3251 0.8229
vn -0.1908 0.6165 0.7639
vn -0.7121 0.5377 0.4515
vn -0.8575 0.3960 0.3285
vn 0.4781 0.8716 -0.1080
vn 0.4543 0.8256 0.3347
vn 0.4807 0.7468 -0.4597
vn 0.0319 0.7767 0.6290
vn -0.1815 0.4841 -0.8560
vn -0.8354 0.3594 -0.4158
vn -0.5468 0.8243 -0.1465
vn -0.6026 -0.5814 0.5467
vn -0.6188 -0.7683 -0.1634
vn 0.2363 -0.9585 -0.1592
vn 0.1469 -0.7807 0.6074
vn 0.8988 -0.4205 0.1238
vn 0.7093 -0.2191 0.6700
vn 0.7246 0.5513 0.4136
vn 0.4935 0.5694 0.6575
vn 0.3382 0.3827 0.8598
vn 0.3972 -0.1522 0.9050
vn 0.0392 -0.4585 0.8878
vn -0.4033 -0.3526 0.8444
vn 0.9396 -0.2787 0.1987
vn 0.7728 0.5712 -0.2767
vn 0.5955 0.7770 0.2040
vn 0.7473 0.0243 0.6640
vn 0.2022 -0.9015 0.3827
vn 0.0680 -0.5341 0.8427
vn -0.7124 -0.6953 0.0954
vn -0.7558 -0.3365 0.5618
vn 0.1612 -0.6436 0.7482
vn -0.8282 -0.2798 0.4856
vn 0.6887 0.2209 0.6906
vn 0.3261 0.7968 0.5086
vn -0.5276 -0.8223 -0.2131
vn 0.2339 -0.9677 -0.0945
vn 0.0651 -0.9881 0.1393
vn -0.4113 -0.9094 0.0621
vn 0.6597 -0.5766 0.4820
vn 0.2937 -0.7900 0.5382
vn 0.2740 -0.0371 0.9610
vn 0.0330 -0.5021 0.8642
vn 0.8342 -0.2781 0.4762
vn 0.1967 0.3307 0.9230
vn 0.2320 0.3061 0.9233
vn 0.7530 -0.4135 0.5119
vn 0.5803 -0.7260 -0.3691
vn 0.4540 -0.8600 -0.2331
vn -0.3128 -0.5626 -0.7653
vn -0.3501 -0.6998 -0.6227
vn 0.2778 -0.0755 0.9577
vn 0.4230 0.4856 0.7650
vn 0.9665 -0.1428 0.2130
vn 0.6858 -0.5960 0.4176
vn 0.5463 -0.6231 -0.5598
vn 0.2899 -0.9333 -0.2118
vn -0.4175 -0.4734 -0.7756
vn -0.4803 -0.8048 -0.3488
vn 0.5445 0.7128 0.4421
vn 0.9464 -0.1376 0.2922
vn 0.3688 -0.9160 -0.1579
vn -0.6894 -0.6544 -0.3107
vn 0.1538 -0.7618 0.6292
vn 0.2161 -0.8951 0.3899
vn -0.7188 -0.6721 0.1777
vn -0.6373 -0.5724 0.5160
vn 0.7768 -0.2152 0.5918
vn 0.9473 -0.2609 0.1861
vn 0.6354 0.6576 0.4047
vn 0.7442 0.6231 -0.2406
vn 0.6242 -0.6245 -0.4694
vn -0.3065 -0.4911 -0.8154
vn 0.9277 -0.1496 0.3420
vn 0.3281 0.4665 0.8214
vn 0.9413 -0.3362 -0.0293
vn 0.6857 0.3332 0.6471
vn 0.2956 -0.7578 -0.5817
vn -0.6372 -0.5980 -0.4862
vn -0.6202 -0.2294 -0.7502
vn 0.2996 -0.3812 -0.8746
vn 0.9653 -0.1821 -0.1874
vn 0.6466 0.1855 0.7399
vn 0.7205 -0.2616 0.6422
vn 0.5810 0.7196 0.3803
vn 0.4134 0.7393 0.5314
vn 0.7895 -0.1328 0.5992
vn 0.0850 -0.9474 0.3086
vn 0.3406 -0.9394 0.0401
vn -0.6579 -0.7043 -0.2668
vn -0.5848 -0.6192 -0.5240
vn 0.1088 -0.9758 0.1895
vn -0.5659 -0.8104 -0.1520
vn 0.3778 -0.5124 0.7712
vn -0.0362 0.1434 0.9890
vn -0.4912 -0.5360 0.6866
vn 0.5195 0.7361 0.4339
vn 0.7860 -0.1154 0.6074
vn 0.1476 -0.8400 0.5221
vn -0.7338 -0.5517 0.3965
vn 0.6449 0.7275 0.2342
vn 0.9121 -0.2277 0.3409
vn 0.2133 -0.9313 0.2954
vn -0.7407 -0.6604 0.1233
vn 0.1932 -0.8492 0.4915
vn -0.6887 -0.6157 0.3828
vn 0.8466 -0.1996 0.4935
vn 0.6121 0.6927 0.3814
vn 0.2833 -0.0380 0.9583
vn 0.7450 -0.5333 0.4007
vn 0.3506 -0.8878 -0.2982
vn -0.4957 -0.7506 -0.4370
vn 0.2496 -0.9674 0.0426
vn -0.4865 -0.7645 -0.4229
vn 0.7194 -0.3895 0.5751
vn 0.4520 0.5930 0.6664
vn -0.3209 0.8549 0.4075
vn -0.7546 0.5981 0.2700
vn -0.5380 0.5187 0.6644
vn -0.2491 0.7699 0.5875
vn -0.9901 0.0607 0.1264
vn -0.8137 0.2081 0.5428
vn -0.5658 0.5229 0.6376
vn -0.2297 0.5654 0.7922
vn -0.5873 0.1113 0.8017
vn -0.1475 0.8034 -0.5768
vn -0.6238 0.5741 -0.5304
vn -0.6196 0.7846 0.0212
vn -0.2243 0.9715 -0.0772
vn -0.9067 0.1600 -0.3903
vn -0.9038 0.4163 0.0995
vn -0.5625 0.7932 0.2333
vn -0.1994 0.8991 0.3897
vn -0.7172 0.5883 0.3736
vn -0.5175 0.1205 0.8472
vn -0.8109 -0.1636 0.5619
vn -0.7443 -0.3294 0.5810
vn -0.4603 -0.4266 0.7786
vn -0.9317 -0.2701 0.2428
vn -0.6759 -0.6326 0.3781
vn -0.6918 0.4930 0.5277
vn -0.9350 0.3399 0.1008
vn -0.9239 0.3695 0.0997
vn -0.6928 0.5196 0.5000
vn -0.9480 0.0482 -0.3146
vn -0.9532 -0.0486 -0.2985
vn -0.9623 0.1606 -0.2195
vn -0.8675 0.4592 0.1913
vn -0.8816 0.0465 0.4697
vn -0.9372 -0.3202 0.1381
vn -0.5357 0.6386 0.5525
vn -0.5705 0.0713 0.8182
vn -0.7300 0.6761 0.0997
vn -0.9396 0.3413 -0.0266
vn -0.2908 0.9136 0.2844
vn -0.9436 0.2159 -0.2508
vn -0.6578 0.6361 -0.4034
vn -0.6903 0.7008 0.1801
vn -0.9033 0.2333 0.3600
vn -0.1965 0.8652 -0.4612
vn -0.2725 0.9184 0.2868
vn -0.9339 0.1446 -0.3269
vn -0.8915 0.4438 0.0912
vn -0.5990 0.6251 0.5004
vn -0.7509 0.3824 0.5384
vn -0.9852 0.0013 0.1716
vn -0.3466 0.5360 0.7698
vn -0.7639 0.3157 0.5628
vn -0.9858 0.1634 0.0395
vn -0.3821 0.3545 0.8534
vn -0.1693 0.9668 -0.1913
vn -0.5250 0.7374 -0.4250
vn -0.6747 0.6898 -0.2624
vn -0.3151 0.9480 0.0440
vn -0.8012 0.2671 -0.5355
vn -0.8273 0.3565 -0.4342
vn -0.8977 0.0478 0.4380
vn -0.7009 0.3142 0.6403
vn -0.9840 -0.1601 0.0784
vn -0.6372 0.7557 0.1514
vn -0.8978 0.3676 0.2425
vn -0.2485 0.9398 0.2347
vn -0.9555 0.2934 -0.0295
vn -0.6358 0.7715 0.0226
vn -0.2448 0.9681 0.0532
vn -0.9133 0.2830 0.2929
vn -0.6602 0.6905 0.2954
vn -0.2557 0.9208 0.2944
vn -0.9583 -0.2592 0.1204
vn -0.8602 -0.0501 0.5075
vn -0.5662 0.0993 0.8183
vn -0.8966 0.1049 -0.4302
vn -0.7317 0.6533 -0.1945
vn -0.4393 0.8894 0.1266
vn 0.2307 0.8768 0.4220
vn 0.1068 0.6861 0.7196
vn 0.1298 0.7229 0.6786
vn 0.3455 0.8136 -0.4677
vn 0.2191 0.9715 0.0901
vn 0.1324 0.9351 0.3288
vn -0.1364 -0.0072 0.9906
vn -0.1974 -0.2318 0.9525
vn -0.2714 0.5047 0.8195
vn -0.2497 0.5672 0.7848
vn -0.0680 0.6457 0.7606
vn -0.1292 0.1940 0.9725
vn 0.1502 0.9068 0.3940
vn 0.3071 0.8643 -0.3983
vn 0.2318 0.9516 0.2018
vn -0.1701 0.6320 0.7561
vn 0.1957 0.5788 0.7917
vn 0.1853 0.3405 0.9218
vn 0.2362 0.9685 0.0787
vn 0.0750 0.9388 0.3361
vn -0.4257 0.1869 0.8854
vn 0.1791 0.9469 0.2671
vn 0.2027 0.9659 0.1613
vn 0.2005 0.9196 0.3379
vn -0.1503 0.0791 0.9855
vn 0.0214 0.9110 0.4117
vn -0.7421 -0.1954 0.6412
vn -0.9377 -0.3426 -0.0580
vn -0.7092 -0.1765 0.6825
vn -0.9462 -0.2908 -0.1416
vn -0.9253 0.0458 0.3764
vn -0.9541 0.0019 0.2994
vn -0.7219 -0.6919 0.0149
vn -0.7072 -0.7066 0.0255
vn -0.7125 -0.2725 -0.6466
vn -0.7515 -0.3438 -0.5630
vn -0.7952 -0.1869 -0.5768
vn -0.8274 -0.5004 -0.2549
vn -0.9417 -0.2421 -0.2338
vn -0.9662 -0.2558 -0.0309
vn -0.9197 -0.1978 0.3391
vn -0.7232 -0.1960 -0.6623
vn -0.9475 -0.2737 -0.1653
vn -0.9217 -0.0073 -0.3879
vn -0.8372 -0.2623 -0.4798
vn -0.7805 -0.2429 -0.5760
vn -0.8400 -0.5425 0.0088
vn -0.9587 -0.1351 0.2503
vn -0.9732 -0.2288 0.0219
vn -0.9198 -0.2075 0.3331
vn -0.8153 -0.5386 -0.2126
vn -0.7966 -0.3024 -0.5233
vn -0.7185 0.6801 -0.1456
vn -0.5187 0.5759 -0.6319
vn -0.4118 0.3847 -0.8261
vn 0.1894 0.8995 0.3938
vn -0.2034 0.8761 0.4371
vn 0.5776 0.7388 0.3471
vn -0.5516 0.8336 0.0285
vn 0.8569 0.3999 -0.3253
vn 0.3253 0.2460 -0.9131
vn 0.0493 0.8244 -0.5638
vn -0.1082 -0.5750 0.8110
vn -0.5748 -0.7698 0.2775
vn 0.0831 -0.9600 -0.2673
vn 0.5064 -0.7769 0.3742
vn 0.7687 -0.4232 -0.4795
vn 0.9754 -0.2118 0.0616
vn 0.8186 0.5505 -0.1640
vn 0.7970 0.5775 0.1768
vn 0.8216 0.3825 0.4227
vn 0.8836 -0.1569 0.4412
vn 0.6026 -0.4382 0.6670
vn 0.2464 -0.3437 0.9062
vn 0.8010 -0.2644 -0.5371
vn 0.3064 0.5616 -0.7686
vn 0.5534 0.7779 -0.2976
vn 0.9952 0.0229 -0.0949
vn 0.4454 -0.8826 0.1503
vn 0.6646 -0.5384 0.5181
vn -0.4122 -0.6775 0.6091
vn -0.1013 -0.3473 0.9323
vn 0.6515 -0.6629 0.3689
vn -0.2095 -0.3014 0.9302
vn 0.9788 0.2018 -0.0360
vn 0.6020 0.7907 0.1113
vn -0.4652 -0.8272 0.3151
vn 0.0586 -0.9640 -0.2595
vn 0.1768 -0.9840 0.0201
vn -0.1417 -0.9070 0.3966
vn 0.7639 -0.5796 -0.2838
vn 0.6263 -0.7782 0.0466
vn 0.9507 -0.0421 0.3072
vn 0.7448 -0.5092 0.4313
vn 0.7698 -0.2752 -0.5759
vn 0.9212 0.3456 0.1789
vn 0.9348 0.3233 0.1470
vn 0.7715 -0.4078 -0.4883
vn -0.1024 -0.7329 -0.6725
vn -0.0295 -0.8621 -0.5059
vn -0.8230 -0.5679 -0.0139
vn -0.7097 -0.7004 0.0756
vn 0.9588 -0.0718 0.2748
vn 0.8692 0.4912 0.0572
vn 0.7144 -0.1542 -0.6825
vn 0.7300 -0.5918 -0.3417
vn -0.1553 -0.6431 -0.7499
vn 0.0161 -0.9374 -0.3479
vn -0.8747 -0.4802 -0.0654
vn -0.5212 -0.8258 0.2154
vn 0.7008 0.7034 -0.1188
vn 0.8162 -0.1457 -0.5591
vn 0.0625 -0.9155 -0.3973
vn -0.6954 -0.6245 0.3556
vn 0.4996 -0.7564 0.4222
vn 0.4552 -0.8834 0.1113
vn -0.2913 -0.6322 0.7179
vn -0.0905 -0.4774 0.8740
vn 0.9415 -0.2885 -0.1739
vn 0.7329 -0.2996 -0.6109
vn 0.6779 0.6938 -0.2431
vn 0.2972 0.5276 -0.7958
vn -0.1465 -0.6437 -0.7511
vn -0.8752 -0.4756 -0.0885
vn 0.7305 -0.1738 -0.6604
vn 0.8799 0.4658 0.0938
vn 0.6697 -0.3267 -0.6669
vn 0.9643 0.2567 0.0643
vn -0.1947 -0.6892 -0.6979
vn -0.8336 -0.5517 -0.0282
vn -0.9051 0.2738 -0.3254
vn -0.3871 0.1841 -0.9035
vn 0.3563 0.4353 -0.8267
vn 0.5817 0.7989 -0.1528
vn -0.3247 0.8243 -0.4638
vn 0.8759 -0.2602 -0.4063
vn 0.5822 0.7191 -0.3795
vn 0.6511 0.7398 -0.1695
vn 0.8645 -0.1338 -0.4845
vn 0.3162 -0.9477 0.0424
vn 0.1734 -0.9399 -0.2942
vn -0.5095 -0.7040 0.4947
vn -0.7120 -0.6213 0.3271
vn 0.2198 -0.9753 -0.0196
vn -0.3631 -0.8097 0.4610
vn 0.8593 -0.5102 -0.0357
vn 0.8915 0.1481 0.4281
vn 0.4329 -0.5351 0.7254
vn 0.6805 0.7296 -0.0683
vn 0.9808 -0.1171 -0.1557
vn 0.4920 -0.8357 0.2440
vn -0.1958 -0.5517 0.8107
vn 0.6141 0.7278 -0.3052
vn 0.8688 -0.2270 -0.4401
vn 0.3586 -0.9330 0.0297
vn -0.4147 -0.6707 0.6149
vn 0.4825 -0.8303 0.2791
vn -0.2679 -0.5998 0.7540
vn 0.9684 -0.1902 -0.1613
vn 0.7061 0.6969 -0.1256
vn 0.9640 -0.0474 0.2617
vn 0.7329 -0.5298 -0.4269
vn -0.0645 -0.8846 -0.4619
vn -0.6258 -0.7554 0.1942
vn 0.1399 -0.9673 -0.2117
vn -0.5832 -0.7636 0.2772
vn 0.8146 -0.3847 -0.4340
vn 0.7875 0.5974 -0.1514
vn -0.0004 0.8633 0.5046
vn -0.4184 0.5977 0.6839
vn 0.0007 0.5225 0.8526
vn 0.1745 0.7830 0.5971
vn -0.6807 0.0560 0.7304
vn -0.2745 0.2143 0.9374
vn -0.0461 0.5243 0.8503
vn 0.3175 0.5797 0.7504
vn 0.0544 0.1023 0.9933
vn -0.5476 0.7747 -0.3163
vn -0.8301 0.5543 0.0606
vn -0.4146 0.7758 0.4756
vn -0.2161 0.9694 0.1163
vn -0.9141 0.1566 0.3740
vn -0.5426 0.4082 0.7342
vn -0.2173 0.7818 0.5844
vn 0.1418 0.8948 0.4232
vn -0.2206 0.5680 0.7929
vn 0.4182 0.0981 0.9030
vn 0.0454 -0.1758 0.9834
vn 0.1250 -0.3440 0.9306
vn 0.4373 -0.4406 0.7840
vn -0.2989 -0.2910 0.9088
vn 0.0012 -0.6326 0.7745
vn 0.2014 0.5096 0.8365
vn -0.2882 0.3517 0.8907
vn -0.2845 0.3814 0.8795
vn 0.1750 0.5378 0.8247
vn -0.6704 0.0538 0.7400
vn -0.6582 -0.0399 0.7518
vn -0.7103 0.1794 0.6806
vn -0.3202 0.4793 0.8171
vn -0.0848 0.0464 0.9953
vn -0.3830 -0.3317 0.8622
vn 0.1647 0.6593 0.7336
vn 0.3845 0.0800 0.9197
vn -0.3667 0.6664 0.6492
vn -0.6026 0.3346 0.7245
vn 0.0425 0.9012 0.4312
vn -0.7695 0.2751 0.5764
vn -0.7149 0.6609 0.2284
vn -0.3248 0.6898 0.6471
vn -0.3172 0.2492 0.9150
vn -0.4468 0.8610 -0.2428
vn -0.0354 0.8853 0.4636
vn -0.7275 0.1635 0.6663
vn -0.3342 0.4622 0.8214
vn 0.1504 0.6348 0.7579
vn -0.1976 0.3195 0.9267
vn -0.6581 -0.0362 0.7521
vn 0.2502 0.4455 0.8596
vn -0.3964 0.8366 0.3782
vn -0.6925 0.6285 0.3542
vn 0.0542 0.8979 0.4369
vn -0.2415 0.9669 0.0830
vn -0.6000 0.7353 0.3152
vn -0.5116 0.6901 0.5119
vn -0.0882 0.9487 0.3035
vn -0.8113 0.2657 0.5208
vn -0.7299 0.3549 0.5843
vn 0.0407 0.0513 0.9979
vn 0.3055 0.3191 0.8971
vn -0.3212 -0.1572 0.9339
vn -0.3192 0.7418 0.5898
vn -0.4235 0.3542 0.8338
vn 0.0061 0.9315 0.3638
vn -0.6693 0.2841 0.6866
vn -0.4191 0.7611 0.4950
vn -0.1306 0.9647 0.2288
vn -0.5207 0.2867 0.8041
vn -0.3440 0.6873 0.6397
vn -0.0275 0.9298 0.3670
vn -0.3876 -0.2714 0.8810
vn -0.0042 -0.0654 0.9979
vn 0.4057 0.0800 0.9105
vn -0.7547 0.1088 0.6470
vn -0.4719 0.6544 0.5908
vn -0.0602 0.8907 0.4505
vn 0.4408 0.8840 0.1559
vn 0.5409 0.6989 0.4679
vn 0.5319 0.7390 0.4133
vn -0.1300 0.7902 -0.5989
vn 0.2041 0.9739 -0.0990
vn 0.3282 0.9347 0.1363
vn 0.7547 -0.0240 0.6556
vn 0.7083 -0.2478 0.6610
vn 0.6380 0.5229 0.5653
vn 0.6140 0.5833 0.5318
vn 0.5937 0.6611 0.4588
vn 0.7455 0.2076 0.6333
vn 0.4227 0.8939 0.1492
vn -0.1056 0.8157 -0.5687
vn 0.2711 0.9606 -0.0616
vn 0.5945 0.6370 0.4908
vn 0.6855 0.4951 0.5338
vn 0.3242 0.9397 0.1086
vn 0.1700 0.9683 -0.1828
vn 0.3361 0.9398 0.0626
vn 0.6407 0.1923 0.7433
vn 0.3229 0.9437 0.0721
vn 0.2538 0.9669 -0.0270
vn 0.3589 0.9284 0.0967
vn 0.7619 0.0604 0.6448
vn 0.3841 0.9124 0.1415
vn -0.1535 -0.1932 0.9691
vn -0.7540 -0.3414 0.5611
vn -0.0996 -0.1706 0.9803
vn -0.7530 -0.2829 0.5941
vn -0.3445 0.0290 0.9383
vn -0.4296 -0.0170 0.9028
vn -0.3780 -0.6904 0.6168
vn -0.3264 -0.7086 0.6256
vn -0.8766 -0.2737 0.3957
vn -0.8176 -0.3424 0.4629
vn -0.9175 -0.1785 0.3554
vn -0.6452 -0.5179 0.5617
vn -0.7749 -0.2225 0.5916
vn -0.6224 -0.1943 0.7582
vn -0.3490 -0.1276 0.9284
vn -0.9258 -0.1784 0.3332
vn -0.8460 -0.2539 0.4688
vn -0.8618 0.5011 -0.0789
vn -0.7756 -0.2615 0.5746
vn -0.8396 -0.2437 0.4855
vn -0.3261 -0.5428 0.7740
vn -0.4589 -0.1434 0.8769
vn -0.6432 -0.2315 0.7298
vn -0.4842 -0.2011 0.8515
vn -0.5971 -0.5397 0.5934
vn -0.7991 -0.3015 0.5201
vn 0.3908 -0.8788 -0.2737
vn -0.4027 -0.8378 -0.3687
vn -0.0829 -0.5856 -0.8063
vn -0.8270 0.1404 -0.5443
vn -0.8128 -0.5526 -0.1843
vn -0.8966 -0.4424 -0.0190
vn -0.9468 0.1745 -0.2705
vn -0.9477 -0.1814 0.2626
vn -0.9735 0.2070 0.0968
vn -0.7888 0.2698 0.5523
vn -0.7737 -0.3286 0.5417
vn -0.5993 -0.6817 0.4196
vn -0.4910 -0.8004 0.3438
vn -0.2913 -0.9346 0.2040
vn 0.2088 -0.8378 0.5046
vn -0.1048 -0.5526 0.8269
vn -0.2888 -0.4424 0.8490
vn -0.5709 -0.1814 0.8007
vn -0.4239 0.2070 0.8817
vn -0.0697 0.1745 0.9822
vn 0.2287 0.1404 0.9633
vn 0.7293 -0.5856 0.3537
vn 0.9336 -0.3450 -0.0967
vn 0.2696 0.7850 0.5578
vn -0.0685 0.7423 0.6665
vn -0.4265 0.5765 0.6970
vn -0.5728 0.7148 0.4011
vn -0.2881 0.9361 0.2017
vn 0.0121 0.9999 -0.0085
vn 0.7919 -0.2560 -0.5545
vn 0.4102 -0.3450 -0.8442
vn -0.4319 0.7850 -0.4441
vn -0.6498 0.7423 -0.1637
vn -0.8008 0.5765 0.1624
vn -0.5708 -0.7300 -0.3758
vn -0.1505 -0.4058 -0.9015
vn -0.4505 -0.8352 0.3154
vn 0.1579 -0.7300 0.6649
vn 0.7956 -0.4058 0.4498
vn 0.9976 -0.0502 -0.0480
vn 0.8158 0.0907 -0.5712
vn 0.3863 -0.0502 -0.9210
vn -0.2853 -0.7694 -0.5714
vn -0.3932 -0.7466 -0.5366
vn -0.3795 -0.0761 -0.9220
vn -0.2567 -0.1100 -0.9602
vn -0.0061 -1.0000 0.0043
vn -0.0446 -0.9985 0.0312
vn 0.4394 -0.7694 0.4636
vn 0.3698 -0.7466 0.5531
vn 0.8145 -0.1100 0.5696
vn 0.7367 -0.0761 0.6720
vn 0.8201 0.5406 0.1876
vn 0.7785 0.5733 0.2555
vn 0.5182 0.7745 -0.3628
vn 0.4910 0.8004 -0.3438
vn 0.1042 0.5406 -0.8348
vn 0.0262 0.5733 -0.8189
vn -0.7623 -0.6070 -0.2248
vn -0.8971 -0.4417 -0.0090
vn -0.9049 0.1885 -0.3817
vn -0.7787 0.0971 -0.6198
vn -0.4310 -0.8504 0.3018
vn -0.6270 -0.6435 0.4390
vn -0.0495 -0.6070 0.7932
vn -0.2984 -0.4417 0.8461
vn 0.3161 0.0971 0.9438
vn 0.0492 0.1885 0.9808
vn 0.3649 0.7700 0.5234
vn 0.1281 0.8000 0.5861
vn 0.0973 0.9929 -0.0682
vn -0.0993 0.9926 0.0695
vn -0.3671 0.7700 -0.5220
vn -0.5070 0.8000 -0.3208
vn -0.5149 -0.7371 -0.4377
vn -0.0969 -0.8076 -0.5818
vn -0.0058 -0.2299 -0.9732
vn -0.3426 -0.1193 -0.9319
vn -0.0980 -0.8075 -0.5816
vn -0.1162 -0.1980 -0.9733
vn -0.3229 -0.9190 0.2261
vn 0.1027 -0.9921 -0.0719
vn 0.1169 -0.9898 -0.0819
vn 0.2352 -0.7371 0.6336
vn 0.5135 -0.8076 0.2900
vn 0.5130 -0.8075 0.2911
vn 0.7585 -0.1193 0.6406
vn 0.9125 -0.2299 0.3383
vn 0.8748 -0.1980 0.4421
vn 0.8264 0.5263 0.2003
vn 0.9274 0.3722 0.0367
vn 0.8963 0.4307 0.1056
vn 0.5362 0.7560 -0.3754
vn 0.6527 0.6043 -0.4570
vn 0.6142 0.6616 -0.4301
vn 0.0944 0.5263 -0.8451
vn 0.2827 0.3722 -0.8841
vn 0.2073 0.4307 -0.8784
vn -0.5128 -0.7374 -0.4396
vn -0.2385 -0.1782 -0.9546
vn -0.3450 -0.9070 0.2416
vn 0.2377 -0.7374 0.6322
vn 0.8155 -0.1782 0.5507
vn 0.9053 0.4121 0.1033
vn 0.6371 0.6286 -0.4461
vn 0.2126 0.4121 -0.8860
vn -0.7784 -0.5902 -0.2141
vn -0.7612 0.0934 -0.6418
vn -0.4754 -0.8144 0.3329
vn -0.0650 -0.5902 0.8047
vn 0.3428 0.0935 0.9348
vn 0.4159 0.7626 0.4955
vn 0.1435 0.9845 -0.1005
vn -0.3234 0.7625 -0.5603
vn -0.4119 -0.7732 -0.4822
vn -0.4209 -0.0788 -0.9037
vn -0.1046 -0.9918 0.0732
vn 0.3122 -0.7732 0.5520
vn 0.7052 -0.0788 0.7046
vn 0.7187 0.6258 0.3030
vn 0.4091 0.8664 -0.2865
vn -0.0389 0.6258 -0.7790
vn -0.3408 0.0261 -0.9398
vn -0.2970 -0.6994 -0.6501
vn 0.1901 -0.5875 -0.7866
vn 0.1416 -0.0707 -0.9874
vn -0.2269 -0.0482 -0.9727
vn -0.0948 -0.6673 -0.7387
vn -0.4936 -0.6975 -0.5195
vn -0.6248 0.0217 -0.7805
vn -0.6599 -0.6547 -0.3687
vn -0.8083 0.0271 -0.5881
vn -0.8487 -0.5256 -0.0584
vn -0.9821 0.0064 -0.1881
vn -0.8869 -0.3180 0.3352
vn -0.9514 -0.0647 0.3010
vn -0.8120 -0.0800 0.5781
vn -0.7429 -0.4212 0.5203
vn -0.5332 -0.7592 0.3733
vn -0.2730 -0.9429 0.1908
vn -0.0833 -0.9948 0.0581
vn 0.2642 -0.9465 -0.1851
vn 0.0659 -0.9968 -0.0461
vn 0.4869 -0.8042 -0.3409
vn 0.5093 -0.6994 0.5014
vn 0.8041 -0.5876 0.0904
vn 0.6618 -0.6673 0.3415
vn 0.3195 -0.6977 0.6412
vn 0.1203 -0.6550 0.7460
vn -0.2379 -0.5229 0.8185
vn -0.6181 -0.3142 0.7206
vn -0.6090 -0.0541 0.7913
vn -0.1649 0.0098 0.9863
vn 0.2752 0.0268 0.9610
vn 0.5197 0.0212 0.8541
vn 0.8365 -0.0481 0.5458
vn 0.7667 0.0261 0.6415
vn 0.9763 -0.0706 0.2045
vn 0.5925 0.7596 0.2683
vn 0.8800 0.4675 -0.0841
vn 0.6811 0.6153 0.3968
vn 0.4170 0.7422 0.5246
vn 0.1279 0.6975 0.7051
vn -0.2844 0.5159 0.8080
vn -0.6649 0.2314 0.7102
vn -0.7482 0.3855 0.5400
vn -0.5473 0.7409 0.3892
vn -0.2500 0.9520 0.1767
vn 0.0335 0.9992 -0.0233
vn 0.1460 0.9840 -0.1023
vn 0.2378 0.9570 -0.1663
vn 0.5598 0.7301 -0.3919
vn -0.0496 0.7596 -0.6485
vn 0.3799 0.4675 -0.7982
vn -0.1399 0.6153 -0.7758
vn -0.3499 0.7423 -0.5715
vn -0.6172 0.6987 -0.3618
vn -0.8543 0.5197 -0.0094
vn -0.8894 0.2335 0.3930
vn -0.7560 0.6367 -0.1518
vn -0.9521 0.0465 -0.3022
vn -0.4054 0.8689 0.2840
vn -0.1158 0.6367 0.7624
vn -0.0416 0.0465 0.9980
vn -0.2333 -0.5231 0.8197
vn -0.5503 -0.7407 0.3854
vn -0.8501 -0.5231 -0.0611
vn -0.7310 0.0532 -0.6803
vn -0.6520 -0.6527 -0.3859
vn -0.2907 -0.9349 0.2036
vn 0.1397 -0.6527 0.7447
vn 0.3892 0.0534 0.9196
vn 0.2885 0.7357 0.6128
vn -0.0671 0.9966 0.0471
vn -0.4771 0.7357 -0.4807
vn -0.0678 0.6432 -0.7627
vn -0.3918 -0.0250 -0.9197
vn 0.3640 0.8959 -0.2548
vn 0.6935 0.6431 0.3247
vn 0.7302 -0.0250 0.6828
vn 0.4055 -0.7208 0.5621
vn -0.0597 -0.9973 0.0418
vn -0.3895 -0.7208 -0.5733
vn -0.0972 -0.1000 -0.9902
vn -0.0910 -0.7206 -0.6874
vn 0.2036 -0.9686 -0.1426
vn 0.6148 -0.7205 0.3207
vn 0.8973 -0.1000 0.4300
vn 0.8615 0.4948 0.1139
vn 0.5697 0.7186 -0.3988
vn 0.1876 0.4947 -0.8486
vn 0.3454 0.3876 -0.8547
vn 0.1492 -0.1339 -0.9797
vn 0.6575 0.5964 -0.4603
vn 0.9213 0.3876 -0.0322
vn 0.9717 -0.1339 0.1948
vn 0.7573 -0.6486 0.0761
vn 0.4333 -0.8486 -0.3034
vn 0.1875 -0.6486 -0.7377
vn -0.8616 0.1140 -0.4947
vn -0.8083 -0.5541 -0.1992
vn -0.4855 -0.8054 0.3400
vn -0.0892 -0.5541 0.8277
vn 0.1702 0.1142 0.9788
vn 0.0944 0.7441 0.6614
vn -0.2127 0.9657 0.1492
vn -0.5892 0.7442 -0.3147
vn -0.8131 0.5671 0.1312
vn -0.9806 0.1857 0.0624
vn -0.5732 0.7143 0.4015
vn -0.4014 0.5672 0.7192
vn -0.3940 0.1858 0.9001
vn -0.5590 -0.1856 0.8081
vn -0.7762 -0.3195 0.5435
vn -0.9506 -0.1856 0.2489
vn -0.8125 0.0703 -0.5787
vn -0.7528 -0.6056 -0.2579
vn -0.4165 -0.8611 0.2916
vn -0.0151 -0.6056 0.7956
vn 0.2659 0.0704 0.9614
vn 0.2367 0.7422 0.6270
vn -0.0737 0.9959 0.0517
vn -0.5082 0.7422 -0.4368
vn 0.0313 0.5881 -0.8082
vn -0.2315 -0.0841 -0.9692
vn 0.4363 0.8464 -0.3055
vn 0.7701 0.5881 0.2470
vn 0.8315 -0.0840 0.5491
vn 0.5574 -0.7409 0.3747
vn 0.1625 -0.9801 -0.1138
vn -0.1614 -0.7409 -0.6519
vn 0.4159 -0.1930 -0.8887
vn 0.4549 -0.5443 -0.7048
vn 0.6128 -0.6636 -0.4291
vn 0.8179 -0.5443 -0.1864
vn 0.9773 -0.1930 -0.0869
vn 0.9522 0.1977 -0.2329
vn 0.7647 0.3586 -0.5354
vn 0.5445 0.1977 -0.8151
vn 0.8021 -0.2029 -0.5617
vn -0.0952 -0.6673 -0.7386
vn -0.1223 -0.0398 -0.9917
vn 0.2439 -0.9546 -0.1708
vn 0.6615 -0.6674 0.3420
vn 0.8901 -0.0397 0.4540
vn 0.7731 0.6247 0.1101
vn 0.4130 0.8636 -0.2892
vn 0.1609 0.6247 -0.7641
vn -0.6278 -0.6691 -0.3978
vn -0.7605 0.0588 -0.6467
vn -0.2431 -0.9549 0.1703
vn 0.1590 -0.6690 0.7260
vn 0.3477 0.0588 0.9358
vn 0.3758 0.7270 0.5747
vn -0.4406 0.8430 0.3085
vn -0.4116 0.7269 -0.5497
vn -0.5428 -0.7182 -0.4354
vn -0.6553 0.0156 -0.7552
vn -0.2685 -0.9448 0.1880
vn 0.2235 -0.7182 0.6589
vn 0.4855 0.0157 0.8741
vn 0.0016 0.5380 0.8429
vn -0.3726 0.8906 0.2609
vn -0.7916 0.5380 -0.2898
vn 0.7832 0.2943 -0.5477
vn 0.8635 -0.2172 -0.4551
vn 0.6900 0.4302 -0.5821
vn 0.6069 -0.3989 -0.6874
vn 0.3019 0.4785 -0.8246
vn 0.1490 -0.7450 -0.6503
vn -0.1745 0.2808 -0.9438
vn -0.4379 -0.7274 -0.5284
vn -0.8741 -0.0628 -0.4816
vn -0.9944 0.0993 0.0357
vn -0.3349 -0.9378 -0.0921
vn -0.6548 -0.7556 -0.0176
vn -0.9978 -0.0019 0.0664
vn 0.1436 -0.9834 -0.1112
vn -0.0661 -0.9967 0.0463
vn 0.3505 -0.9038 -0.2454
vn 0.0067 -0.9999 -0.0122
vn 0.5460 -0.7456 -0.3820
vn 0.6977 -0.5251 -0.4874
vn 0.7241 -0.2152 -0.6553
vn 0.8537 -0.3986 -0.3353
vn 0.6618 -0.7452 0.0822
vn 0.3660 -0.7190 0.5909
vn -0.0310 -0.9067 0.4205
vn -0.2074 -0.7556 0.6214
vn -0.3398 0.0763 0.9374
vn -0.4037 -0.0019 0.9149
vn 0.8272 0.2803 0.4870
vn 0.1624 -0.0449 0.9857
vn 0.8790 0.4768 -0.0010
vn 0.7829 0.4310 -0.4486
vn 0.5118 0.7102 -0.4834
vn 0.4494 0.8915 -0.0578
vn 0.1300 0.9909 0.0339
vn -0.1660 -0.3294 0.9295
vn -0.5559 -0.7345 0.3892
vn -0.7982 -0.2246 0.5589
vn -0.5415 -0.0604 0.8385
vn -0.1870 0.9736 0.1311
vn -0.3314 0.9145 0.2322
vn -0.3534 0.7477 0.5622
vn 0.2418 0.9554 -0.1693
vn 0.5815 0.7041 -0.4076
vn 0.6296 0.7100 -0.3156
vn 0.2097 0.8915 -0.4015
vn 0.0132 0.9910 -0.1332
vn -0.6456 0.7511 0.1380
vn -0.9304 -0.3298 -0.1602
vn -0.9732 -0.0604 0.2221
vn -0.2167 -0.5973 -0.7722
vn -0.1159 -0.6166 -0.7787
vn -0.7981 0.0750 -0.5978
vn -0.7095 0.1113 -0.6958
vn -0.7321 0.6481 0.2101
vn -0.6226 0.7825 -0.0066
vn 0.0424 0.5365 0.8428
vn 0.1716 0.6840 0.7090
vn 0.7269 -0.0477 0.6851
vn 0.7440 -0.0735 0.6641
vn 0.7475 -0.6608 -0.0673
vn 0.5818 -0.8096 -0.0777
vn -0.1198 -0.4651 -0.8771
vn 0.6727 -0.5923 -0.4435
vn 0.9733 0.1944 -0.1219
vn 0.3994 0.9133 0.0798
vn -0.4001 0.8903 -0.2173
vn -0.5412 0.2299 -0.8089
vn -0.9349 -0.0903 -0.3431
vn -0.4388 -0.7334 -0.5192
vn -0.6122 0.7906 -0.0144
vn 0.4213 0.9044 0.0675
vn 0.9606 0.2430 -0.1349
vn 0.6390 -0.6497 -0.4119
vn -0.2652 -0.9584 0.1053
vn 0.6341 -0.7621 0.1308
vn 0.9458 0.0762 0.3156
vn 0.4004 0.7471 0.5306
vn -0.5020 0.6529 0.5672
vn -0.9350 -0.1980 0.2943
vn -0.9836 -0.0769 -0.1634
vn -0.4429 -0.8401 -0.3133
vn -0.6150 0.7870 0.0478
vn 0.3683 0.9183 0.1452
vn 0.9910 0.1289 0.0367
vn 0.5720 -0.7911 -0.2170
vn -0.5555 -0.8214 -0.1292
vn 0.4654 -0.8468 0.2577
vn 0.9637 0.0853 0.2530
vn 0.4201 0.9051 -0.0659
vn -0.4624 0.8464 -0.2641
vn -0.9283 0.0921 -0.3602
vn -0.6204 -0.0057 -0.7843
vn -0.1842 -0.6775 -0.7120
vn -0.1727 0.6000 -0.7812
vn 0.5254 0.6967 -0.4885
vn 0.9702 -0.0249 -0.2412
vn 0.5982 -0.6274 -0.4986
vn 0.1761 0.3221 -0.9302
vn -0.9842 0.1662 0.0614
vn -0.9953 0.0968 0.0072
vn -0.9738 0.2199 0.0583
vn -0.9819 0.1894 0.0033
vn -0.3494 0.0896 0.9327
vn -0.3992 0.1676 0.9014
vn -0.3233 0.1879 0.9275
vn -0.3778 0.2444 0.8931
vn -0.4239 0.2548 0.8691
vn -0.4992 0.2274 0.8361
vn -0.4043 0.4179 0.8136
vn -0.2624 0.2992 0.9174
vn -0.9810 0.1698 0.0934
vn -0.9361 0.3284 0.1259
vn -0.9745 0.2214 -0.0361
vn -0.8962 0.4097 0.1702
vn -0.5776 0.3807 0.7221
vn -0.9128 -0.3248 0.2476
vn -0.5404 0.8393 0.0587
vn -0.9103 0.1779 -0.3737
vn -0.5622 -0.4412 0.6994
vn -0.9288 0.3368 0.1546
vn 0.0974 0.1657 0.9814
vn -0.2063 0.8748 0.4384
vn 0.2914 -0.9522 0.0915
vn -0.2982 -0.8363 -0.4601
vn 0.2062 -0.6222 0.7552
vn -0.3423 -0.1997 0.9181
vn -0.9276 -0.0778 0.3655
vn -0.8581 -0.4255 -0.2873
vn -0.4965 -0.7889 0.3622
vn -0.3203 0.6906 -0.6484
vn -0.1943 0.9783 -0.0712
vn -0.7686 0.5322 -0.3550
vn -0.6534 0.7512 0.0933
vn 0.0011 0.9783 0.2072
vn 0.5007 0.6901 0.5225
vn -0.3108 0.7515 0.5820
vn 0.0714 0.5327 0.8433
vn 0.3175 0.4345 0.8429
vn -0.1012 0.7937 0.5999
vn 0.6366 0.6650 0.3906
vn 0.2730 0.9239 0.2681
vn -0.5989 0.7934 -0.1092
vn -0.6837 0.4347 -0.5861
vn -0.1593 0.9239 -0.3478
vn -0.1497 0.6651 -0.7316
vn -0.5471 0.8364 0.0331
vn -0.7750 -0.5623 -0.2886
vn -0.2664 -0.2928 -0.9183
vn -0.2760 0.9497 -0.1483
vn 0.3215 -0.9433 0.0822
vn 0.4141 0.2962 0.8607
vn 0.0819 0.1811 0.9800
vn 0.2062 -0.8713 0.4453
vn -0.2666 0.2234 0.9376
vn 0.3073 -0.9515 -0.0164
vn -0.9105 0.2400 0.3366
vn -0.2751 -0.8769 -0.3941
vn 0.1789 -0.0875 -0.9800
vn -0.2417 0.9670 -0.0801
vn -0.3796 0.1000 -0.9197
vn -0.4592 0.6479 -0.6078
vn 0.6181 0.6197 0.4837
vn 0.5852 -0.7448 -0.3206
vn -0.6730 -0.3579 -0.6473
vn -0.7480 0.6617 -0.0505
vn 0.0013 -0.2683 0.9633
vn 0.4755 0.0109 0.8797
vn 0.5173 -0.8415 0.1561
vn 0.1543 -0.9341 0.3219
vn -0.7596 -0.4725 -0.4468
vn -0.7730 0.6341 0.0216
vn -0.0909 -0.8489 -0.5206
vn 0.1609 -0.4718 -0.8669
vn -0.1712 -0.8502 -0.4978
vn 0.0252 -0.3850 -0.9226
vn -0.0116 -0.9999 0.0081
vn -0.0625 -0.9971 0.0438
vn 0.4581 -0.8489 0.2635
vn 0.4093 -0.8502 0.3312
vn 0.8697 -0.4718 0.1453
vn 0.8756 -0.3850 0.2918
vn 0.9800 -0.1066 -0.1681
vn 0.9925 0.0968 -0.0749
vn 0.8182 0.0479 -0.5729
vn 0.7851 0.2855 -0.5497
vn 0.4931 -0.1066 -0.8634
vn 0.4098 0.0968 -0.9070
vn -0.8730 0.0368 0.4863
vn -0.7968 0.1368 0.5885
vn -0.8132 0.1202 0.5694
vn -0.8255 0.1368 0.5475
vn -0.7556 0.0368 0.6540
vn -0.7407 -0.0717 0.6680
vn -0.8811 -0.0717 0.4675
vn -0.8140 0.1125 0.5699
vn -0.8188 0.0292 0.5733
vn -0.6666 -0.6286 0.4006
vn -0.5338 -0.7274 0.4311
vn -0.2774 -0.9409 0.1942
vn -0.5877 -0.7274 0.3542
vn -0.6045 -0.6286 0.4894
vn -0.8186 -0.0373 0.5732
vn -0.6854 0.5477 0.4799
vn -0.9384 0.0855 -0.3348
vn -0.2997 -0.9269 -0.2259
vn -0.1820 -0.9750 0.1275
vn -0.0063 0.0855 0.9963
vn 0.1098 -0.9269 0.3589
vn -0.3160 0.9226 0.2213
vn 0.4435 0.5172 0.7320
vn -0.5362 0.5172 -0.6671
vn 0.4045 -0.7479 -0.5263
vn 0.5736 -0.7140 -0.4016
vn 0.6329 -0.7479 -0.2001
vn -0.0196 -0.9994 -0.0284
vn 0.0621 -0.9951 -0.0774
vn 0.2558 -0.9653 -0.0527
vn -0.0724 -0.9401 -0.3331
vn 0.0888 -0.9914 0.0958
vn -0.2280 0.1122 0.9672
vn -0.0640 -0.5605 0.8257
vn -0.2812 0.1029 0.9541
vn -0.7261 -0.4630 0.5084
vn -0.0807 -0.9951 0.0565
vn -0.9866 0.1159 -0.1144
vn -0.7987 -0.5605 -0.2190
vn -0.9104 -0.1571 -0.3829
vn -0.9821 0.1856 -0.0318
vn -0.1496 -0.9424 -0.2991
vn 0.1236 -0.8565 -0.5012
vn -0.2798 0.9331 0.2258
vn -0.1076 0.8995 0.4235
vn -0.7778 0.5930 -0.2083
vn -0.3724 -0.2093 -0.9042
vn -0.3242 0.8229 0.4666
vn 0.2972 -0.5239 -0.7983
vn -0.3538 0.9336 0.0561
vn -0.0238 -0.7032 -0.7106
vn -0.3648 0.7598 0.5381
vn 0.0659 -0.9249 -0.3745
vn -0.3328 -0.7612 -0.5566
vn -0.6604 -0.4924 -0.5670
vn -0.4787 -0.3296 -0.8137
vn -0.8854 -0.1980 -0.4206
vn -0.5085 0.1490 -0.8480
vn -0.9236 0.3686 0.1054
vn -0.3903 0.6579 -0.6441
vn -0.3318 0.8835 0.3306
vn -0.0811 0.9938 -0.0759
vn 0.0701 0.8334 0.5482
vn 0.1690 0.9096 0.3795
vn 0.2913 0.7789 0.5554
vn 0.1733 0.6462 0.7432
vn 0.0072 0.3513 0.9362
vn -0.5186 -0.3136 0.7954
vn -0.5413 -0.8328 0.1162
vn -0.4325 -0.8788 -0.2018
vn -0.1407 -0.9725 -0.1856
vn 0.0744 -0.9848 0.1572
vn 0.3799 -0.6500 0.6581
vn 0.4917 0.0699 0.8680
vn 0.4270 0.5205 0.7394
vn 0.5512 0.6375 0.5383
vn 0.7979 0.3576 0.4853
vn 0.9445 -0.3267 -0.0357
vn 0.3635 -0.8405 -0.4017
vn -0.0214 -0.8657 -0.5001
vn -0.1853 -0.4590 -0.8689
vn 0.0531 -0.1776 -0.9827
vn 0.5704 0.4053 -0.7144
vn 0.4250 0.9029 -0.0647
vn 0.3747 0.8543 0.3601
vn 0.4086 -0.7597 0.5058
vn 0.7533 -0.4576 0.4725
vn 0.6006 -0.3292 0.7286
vn 0.9422 -0.1762 0.2851
vn 0.6229 0.1492 0.7679
vn 0.8658 0.4063 -0.2920
vn 0.4718 0.6578 0.5871
vn 0.2061 0.9029 -0.3771
vn 0.0436 0.9938 0.1021
vn -0.2103 0.8544 -0.4752
vn -0.2988 0.9096 -0.2887
vn -0.4223 0.7789 -0.4637
vn -0.3175 0.6377 -0.7019
vn -0.1831 0.3577 -0.9157
vn 0.3560 -0.3252 -0.8761
vn 0.5015 -0.8400 -0.2073
vn 0.4620 -0.8659 0.1918
vn 0.1245 -0.9724 0.1971
vn -0.1249 -0.9842 -0.1257
vn -0.4894 -0.6488 -0.5827
vn -0.6474 0.0698 -0.7589
vn -0.5488 0.5206 -0.6541
vn -0.6391 0.6462 -0.4171
vn -0.8773 0.3513 -0.3269
vn -0.9249 -0.3135 0.2150
vn -0.2949 -0.8327 0.4687
vn 0.0411 -0.8785 0.4760
vn 0.3069 -0.4924 0.8145
vn 0.0924 -0.1980 0.9758
vn -0.4149 0.3686 0.8319
vn -0.4242 0.8835 0.1987
vn -0.4911 0.8334 -0.2534
vn 0.6546 -0.7072 0.2669
vn 0.6479 -0.7387 0.1859
vn 0.3827 -0.4432 0.8106
vn 0.3761 -0.3614 0.8532
vn 0.4974 -0.7470 -0.4410
vn 0.5428 -0.6462 -0.5365
vn -0.1707 0.9336 0.3150
vn -0.5627 0.8054 0.1861
vn -0.3257 0.2810 -0.9028
vn -0.2454 0.6206 -0.7447
vn -0.2029 0.6606 0.7228
vn -0.3077 0.6544 0.6907
vn 0.2176 -0.9449 0.2444
vn -0.0029 -0.5639 0.8258
vn 0.0238 -0.9436 -0.3303
vn -0.3070 0.9333 0.1861
vn -0.6692 0.2970 -0.6812
vn -0.2156 0.8370 0.5029
vn 0.7226 -0.2099 0.6586
vn 0.8517 -0.5239 -0.0063
vn 0.9821 -0.0887 0.1660
vn 0.7355 0.0984 0.6703
vn 0.2760 -0.8760 0.3955
vn 0.1191 -0.9520 -0.2821
vn 0.5069 -0.8601 0.0566
vn 0.7690 -0.2921 0.5686
vn -0.3541 -0.8693 -0.3449
vn -0.0802 0.5932 0.8010
vn -0.5589 0.8179 0.1365
vn -0.9735 0.2152 -0.0768
vn -0.6270 0.2437 0.7399
vn 0.4101 0.6491 0.6407
vn -0.0100 0.9684 0.2494
vn -0.4360 0.8987 -0.0468
vn -0.8934 0.1800 -0.4115
vn 0.0479 0.9502 0.3078
vn -0.5099 -0.7890 0.3427
vn 0.0141 -0.9523 -0.3049
vn 0.3304 -0.8362 0.4378
vn -0.6390 -0.6224 -0.4520
vn -0.9798 -0.2000 0.0075
vn -0.6609 -0.0777 0.7464
vn -0.0235 -0.4255 0.9047
vn 0.2887 0.0751 0.9545
vn 0.6921 -0.6164 0.3756
vn -0.4481 0.6482 0.6157
vn -0.7775 0.5363 -0.3284
vn -0.3951 -0.0478 -0.9174
vn 0.3192 -0.6610 -0.6791
vn 0.9346 0.3215 0.1520
vn 0.6055 -0.6776 0.4174
vn 0.6728 -0.6282 -0.3907
vn 0.5587 -0.0252 -0.8290
vn 0.6385 0.6964 -0.3276
vn 0.6750 0.6004 0.4289
vn 0.5255 -0.0053 0.8508
vn -0.0829 -0.8474 -0.5245
vn -0.0683 -0.8208 0.5671
vn 0.0916 0.0850 -0.9922
vn 0.2052 0.9049 -0.3728
vn 0.0899 0.8467 0.5244
vn 0.0209 0.0924 0.9955
vn 0.1429 -0.8399 0.5235
vn -0.1828 -0.0768 0.9801
vn -0.2553 0.7872 0.5614
vn -0.0105 0.9183 -0.3958
vn 0.3044 0.1289 -0.9438
vn 0.3996 -0.7912 -0.4629
vn 0.0940 -0.7621 -0.6406
vn -0.1896 -0.9584 0.2132
vn 0.0270 0.0762 -0.9967
vn -0.3616 0.7471 -0.5577
vn -0.7047 0.6529 0.2777
vn -0.5964 -0.1980 0.7779
vn 0.3378 -0.7334 0.5899
vn 0.0026 -0.0903 0.9959
vn -0.1958 0.7906 0.5802
vn 0.0807 0.9044 -0.4190
vn 0.4553 0.2430 -0.8565
vn 0.6056 -0.6497 -0.4596
vn 0.6471 -0.5920 -0.4805
vn 0.7837 -0.4643 0.4127
vn 0.4474 0.1946 -0.8729
vn 0.0614 0.9134 -0.4025
vn 0.0665 0.8904 0.4503
vn 0.5747 0.2301 0.7853
vn 0.6518 -0.5969 0.4678
vn 0.4111 0.1112 0.9048
vn -0.2075 0.7824 0.5872
vn -0.6080 0.6834 -0.4041
vn -0.3694 -0.0736 -0.9263
vn 0.2729 -0.8095 -0.5199
vn -0.5146 -0.8408 -0.1681
vn -0.9435 -0.1492 -0.2957
vn -0.0884 -0.9954 0.0362
vn 0.0424 -0.8524 0.5212
vn -0.0174 -0.1433 0.9895
vn -0.2061 0.5527 0.8075
vn -0.6540 0.6021 0.4579
vn -0.8229 0.5618 -0.0848
vn -0.5319 -0.7372 -0.4167
vn -0.2508 -0.2232 -0.9420
vn -0.3804 -0.8856 0.2664
vn 0.2097 -0.7372 0.6423
vn 0.7994 -0.2232 0.5578
vn 0.9334 0.3476 0.0891
vn 0.6751 0.5664 -0.4727
vn 0.2355 0.3476 -0.9076
vt 0.492578 0.910806
vt 0.484747 0.911768
vt 0.481619 0.883708
vt 0.489450 0.883752
vt 0.856658 0.544446
vt 0.852395 0.551344
vt 0.832329 0.537638
vt 0.834062 0.529650
vt 0.215291 0.962469
vt 0.209344 0.962290
vt 0.209803 0.940516
vt 0.215291 0.936966
vt 0.947979 0.406369
vt 0.947192 0.408060
vt 0.941375 0.408060
vt 0.940232 0.406369
vt 0.952569 0.413157
vt 0.950639 0.413157
vt 0.949412 0.419945
vt 0.948268 0.418254
vt 0.091796 0.171675
vt 0.078241 0.172412
vt 0.076904 0.165774
vt 0.091697 0.166571
vt 0.092615 0.179072
vt 0.079936 0.181729
vt 0.091173 0.115422
vt 0.079114 0.115422
vt 0.082395 0.106394
vt 0.093277 0.108196
vt 0.076904 0.111882
vt 0.078686 0.106858
vt 0.077480 0.102862
vt 0.080167 0.099149
vt 0.443177 0.137757
vt 0.442700 0.142316
vt 0.439036 0.144367
vt 0.436689 0.141493
vt 0.949369 0.388607
vt 0.947892 0.386263
vt 0.950304 0.381734
vt 0.953032 0.381726
vt 0.947473 0.377203
vt 0.948731 0.374838
vt 0.942222 0.377203
vt 0.940753 0.374838
vt 0.536015 0.261089
vt 0.538058 0.260460
vt 0.539396 0.262513
vt 0.537707 0.263686
vt 0.536276 0.258201
vt 0.538264 0.258177
vt 0.554367 0.116448
vt 0.556627 0.116952
vt 0.556655 0.119507
vt 0.554402 0.119680
vt 0.438471 0.268584
vt 0.436990 0.266285
vt 0.491044 0.267146
vt 0.492760 0.269754
vt 0.437410 0.263934
vt 0.491292 0.264246
vt 0.436863 0.118844
vt 0.437156 0.116073
vt 0.500775 0.114615
vt 0.500810 0.117865
vt 0.188906 0.545942
vt 0.191878 0.546286
vt 0.196508 0.646189
vt 0.188906 0.648710
vt 0.194978 0.547908
vt 0.202870 0.649104
vt 0.167630 0.541114
vt 0.171146 0.540221
vt 0.171146 0.650601
vt 0.163043 0.649624
vt 0.241127 0.105977
vt 0.241292 0.109679
vt 0.179427 0.114276
vt 0.179919 0.110204
vt 0.234748 0.168863
vt 0.237454 0.172098
vt 0.178485 0.176619
vt 0.177851 0.172529
vt 0.234085 0.165774
vt 0.178422 0.169441
vt 0.545727 0.115422
vt 0.545763 0.118787
vt 0.529133 0.260297
vt 0.528861 0.263306
vt 0.530622 0.266011
vt 0.831176 0.542342
vt 0.824103 0.543859
vt 0.820295 0.536851
vt 0.818802 0.525091
vt 0.481619 0.868321
vt 0.492679 0.869567
vt 0.909630 0.663940
vt 0.900901 0.665163
vt 0.903213 0.654265
vt 0.911941 0.653042
vt 0.809158 0.539985
vt 0.807666 0.528226
vt 0.812967 0.546994
vt 0.394109 0.330488
vt 0.401616 0.333814
vt 0.401283 0.334331
vt 0.392718 0.331140
vt 0.546638 0.263506
vt 0.552640 0.269865
vt 0.552141 0.270600
vt 0.545236 0.264315
vt 0.115709 0.990237
vt 0.115709 0.982641
vt 0.116623 0.982616
vt 0.117360 0.989968
vt 0.973985 0.287571
vt 0.984395 0.287571
vt 0.984454 0.288295
vt 0.974167 0.288458
vt 0.561292 0.270350
vt 0.561094 0.271011
vt 0.561282 0.271613
vt 0.552028 0.271230
vt 0.825394 0.983324
vt 0.826029 0.983682
vt 0.825394 0.984032
vt 0.826029 0.982974
vt 0.825394 0.982616
vt 0.191525 0.540204
vt 0.193738 0.542394
vt 0.196538 0.545896
vt 0.166440 0.538898
vt 0.170792 0.537076
vt 0.192785 0.537076
vt 0.194695 0.540293
vt 0.194158 0.541193
vt 0.191869 0.538216
vt 0.440526 0.144678
vt 0.443889 0.142383
vt 0.444720 0.143436
vt 0.442266 0.145538
vt 0.197358 0.544825
vt 0.197180 0.545626
vt 0.983011 0.684346
vt 0.977881 0.682849
vt 0.978237 0.681913
vt 0.983526 0.683611
vt 0.449781 0.988174
vt 0.449781 0.982616
vt 0.450525 0.983130
vt 0.450454 0.987863
vt 0.984421 0.269811
vt 0.978497 0.269714
vt 0.978354 0.267926
vt 0.984165 0.267926
vt 0.243697 0.104995
vt 0.243836 0.110256
vt 0.217080 0.982943
vt 0.217080 0.989032
vt 0.215398 0.988563
vt 0.215642 0.982616
vt 0.239761 0.100690
vt 0.238512 0.102817
vt 0.855086 0.818194
vt 0.855412 0.822650
vt 0.853770 0.822517
vt 0.853805 0.818122
vt 0.851987 0.820818
vt 0.852375 0.817675
vt 0.435841 0.271613
vt 0.432985 0.267183
vt 0.434257 0.266752
vt 0.436993 0.271002
vt 0.433796 0.262649
vt 0.435035 0.262405
vt 0.432985 0.119957
vt 0.433554 0.114615
vt 0.434975 0.114875
vt 0.434433 0.119997
vt 0.560513 0.116997
vt 0.560838 0.118965
vt 0.565726 0.115436
vt 0.566290 0.116967
vt 0.541880 0.259072
vt 0.541026 0.260799
vt 0.541110 0.262335
vt 0.389097 0.329909
vt 0.389447 0.328698
vt 0.951288 0.568911
vt 0.937810 0.569463
vt 0.937663 0.567832
vt 0.951416 0.567390
vt 0.937075 0.561305
vt 0.951928 0.561305
vt 0.937075 0.413157
vt 0.939004 0.413157
vt 0.939693 0.414176
vt 0.937993 0.414514
vt 0.942451 0.418254
vt 0.941665 0.419945
vt 0.280390 0.087824
vt 0.267634 0.089773
vt 0.268269 0.088120
vt 0.280878 0.086555
vt 0.270809 0.081507
vt 0.282691 0.081507
vt 0.195979 0.378746
vt 0.195555 0.383348
vt 0.194778 0.383831
vt 0.194582 0.379604
vt 0.191693 0.385765
vt 0.188994 0.383033
vt 0.937075 0.381723
vt 0.939802 0.381733
vt 0.940368 0.382640
vt 0.937935 0.383103
vt 0.942638 0.386262
vt 0.941384 0.388605
vt 0.388524 0.123239
vt 0.390600 0.124284
vt 0.390459 0.124767
vt 0.388345 0.123850
vt 0.389893 0.126699
vt 0.387629 0.126293
vt 0.331982 0.119538
vt 0.268196 0.118477
vt 0.268747 0.116458
vt 0.332696 0.117087
vt 0.268885 0.115953
vt 0.332875 0.116474
vt 0.184118 0.517561
vt 0.195117 0.392986
vt 0.197919 0.392599
vt 0.190226 0.518169
vt 0.198613 0.392484
vt 0.191754 0.518322
vt 0.362233 0.081617
vt 0.415225 0.085657
vt 0.413198 0.088441
vt 0.361214 0.084535
vt 0.412691 0.089137
vt 0.360956 0.085265
vt 0.378324 0.124106
vt 0.379070 0.121560
vt 0.379256 0.120924
vt 0.907218 0.750633
vt 0.900465 0.756198
vt 0.898344 0.747537
vt 0.903891 0.745112
vt 0.897814 0.745371
vt 0.903059 0.743732
vt 0.888417 0.757005
vt 0.886296 0.748344
vt 0.885468 0.746146
vt 0.394930 0.122389
vt 0.402060 0.116157
vt 0.402108 0.116316
vt 0.395104 0.122581
vt 0.402302 0.116952
vt 0.395802 0.123349
vt 0.413113 0.115953
vt 0.413107 0.116093
vt 0.413083 0.116654
vt 0.824759 0.982966
vt 0.824759 0.983108
vt 0.824759 0.983674
vt 0.192834 0.388330
vt 0.195771 0.386957
vt 0.196516 0.386608
vt 0.192060 0.386790
vt 0.195386 0.384976
vt 0.196229 0.384519
vt 0.274707 0.988655
vt 0.273702 0.988865
vt 0.273702 0.983944
vt 0.274568 0.983824
vt 0.273702 0.982714
vt 0.274534 0.982616
vt 0.979313 0.160354
vt 0.979665 0.162461
vt 0.975238 0.160592
vt 0.976159 0.159111
vt 0.974131 0.160125
vt 0.975370 0.158801
vt 0.979016 0.800463
vt 0.979035 0.801990
vt 0.974995 0.801992
vt 0.975145 0.800466
vt 0.973985 0.801993
vt 0.974177 0.800466
vt 0.980369 0.308529
vt 0.981551 0.310927
vt 0.977456 0.310928
vt 0.978154 0.308529
vt 0.976432 0.310927
vt 0.977600 0.308529
vt 0.392414 0.126261
vt 0.392187 0.124785
vt 0.392130 0.124415
vt 0.203152 0.962307
vt 0.203708 0.941317
vt 0.201457 0.962311
vt 0.202039 0.941536
vt 0.939514 0.412061
vt 0.937753 0.411697
vt 0.283575 0.094602
vt 0.272218 0.098193
vt 0.268619 0.091584
vt 0.281100 0.089276
vt 0.437411 0.148232
vt 0.433781 0.148474
vt 0.436967 0.149292
vt 0.432985 0.150386
vt 0.940321 0.380761
vt 0.937864 0.380247
vt 0.385621 0.329575
vt 0.387339 0.329566
vt 0.387343 0.331574
vt 0.385626 0.332115
vt 0.387345 0.332123
vt 0.385628 0.332810
vt 0.331985 0.335270
vt 0.267962 0.333977
vt 0.267891 0.333382
vt 0.331984 0.334572
vt 0.267634 0.331208
vt 0.331978 0.332018
vt 0.564241 0.145818
vt 0.447414 0.151380
vt 0.447590 0.150625
vt 0.563949 0.144089
vt 0.448256 0.147845
vt 0.562882 0.137757
vt 0.802989 0.812304
vt 0.852104 0.813557
vt 0.852162 0.814443
vt 0.803300 0.813124
vt 0.804438 0.816122
vt 0.361226 0.086078
vt 0.362214 0.089048
vt 0.377089 0.333950
vt 0.377087 0.333227
vt 0.377081 0.330583
vt 0.898052 0.743278
vt 0.903406 0.742256
vt 0.898919 0.735637
vt 0.904673 0.736869
vt 0.886003 0.744086
vt 0.886870 0.736444
vt 0.401139 0.335027
vt 0.392291 0.332349
vt 0.401100 0.335218
vt 0.392174 0.332680
vt 0.412245 0.334546
vt 0.412198 0.335114
vt 0.412186 0.335270
vt 0.824896 0.982891
vt 0.440627 0.149962
vt 0.440976 0.149008
vt 0.438484 0.149845
vt 0.438920 0.148731
vt 0.853288 0.812337
vt 0.854461 0.812304
vt 0.854596 0.813571
vt 0.853399 0.813581
vt 0.973985 0.158940
vt 0.975267 0.157950
vt 0.510327 0.982760
vt 0.511590 0.982616
vt 0.511590 0.983771
vt 0.510327 0.983866
vt 0.511590 0.987995
vt 0.510327 0.987915
vt 0.975906 0.310010
vt 0.977316 0.308032
vt 0.973985 0.306655
vt 0.976276 0.306218
vt 0.388797 0.331882
vt 0.388861 0.331458
vt 0.490450 0.884242
vt 0.493578 0.910659
vt 0.495331 0.886636
vt 0.498457 0.909938
vt 0.947279 0.418254
vt 0.948094 0.419945
vt 0.179232 0.381020
vt 0.186424 0.390463
vt 0.177927 0.387008
vt 0.937075 0.915356
vt 0.948988 0.915137
vt 0.949362 0.916351
vt 0.937475 0.916351
vt 0.190330 0.389903
vt 0.190050 0.390744
vt 0.185898 0.391984
vt 0.946999 0.386264
vt 0.948012 0.388609
vt 0.389620 0.128194
vt 0.387284 0.128184
vt 0.389565 0.128500
vt 0.387214 0.128572
vt 0.331569 0.121821
vt 0.267634 0.120529
vt 0.267729 0.120180
vt 0.331639 0.121433
vt 0.177912 0.516935
vt 0.192759 0.394646
vt 0.193163 0.394372
vt 0.178966 0.517042
vt 0.802989 0.840410
vt 0.855168 0.840410
vt 0.855230 0.840944
vt 0.803191 0.841009
vt 0.855529 0.843549
vt 0.804176 0.843929
vt 0.177651 0.388250
vt 0.116868 0.382961
vt 0.116963 0.382243
vt 0.117424 0.378746
vt 0.377891 0.126480
vt 0.377964 0.126076
vt 0.493906 0.871032
vt 0.499895 0.878184
vt 0.901304 0.652498
vt 0.910813 0.651446
vt 0.896574 0.644876
vt 0.905303 0.643652
vt 0.402761 0.117417
vt 0.397128 0.123642
vt 0.402855 0.117512
vt 0.397399 0.123702
vt 0.413198 0.117097
vt 0.413222 0.117188
vt 0.825286 0.983971
vt 0.190979 0.392111
vt 0.191300 0.391465
vt 0.977222 0.683099
vt 0.977576 0.682097
vt 0.973985 0.684346
vt 0.974350 0.683010
vt 0.190114 0.391626
vt 0.190449 0.390803
vt 0.977738 0.269720
vt 0.977611 0.267993
vt 0.974035 0.269750
vt 0.973985 0.268318
vt 0.982776 0.157950
vt 0.984517 0.159285
vt 0.983692 0.159825
vt 0.982188 0.158359
vt 0.982949 0.800465
vt 0.983139 0.801993
vt 0.982442 0.801992
vt 0.982281 0.800465
vt 0.981815 0.306218
vt 0.984225 0.306658
vt 0.983771 0.307385
vt 0.981569 0.306611
vt 0.393292 0.127626
vt 0.393143 0.127394
vt 0.895195 0.651161
vt 0.889685 0.643367
vt 0.896323 0.652757
vt 0.878423 0.745371
vt 0.878661 0.743278
vt 0.879528 0.735637
vt 0.881074 0.756198
vt 0.878953 0.747537
vt 0.808290 0.551344
vt 0.804482 0.544335
vt 0.802989 0.532575
vt 0.894011 0.663655
vt 0.887373 0.654265
vt 0.885062 0.665163
vt 0.878423 0.655774
vt 0.882525 0.644574
vt 0.880735 0.644876
vt 0.880238 0.647219
vt 0.304365 0.936966
vt 0.312508 0.937437
vt 0.312508 0.961036
vt 0.304384 0.959807
vt 0.539714 0.842206
vt 0.532643 0.838242
vt 0.544603 0.816167
vt 0.552698 0.817571
vt 0.055389 0.055168
vt 0.047394 0.055103
vt 0.047169 0.036348
vt 0.054442 0.033121
vt 0.054335 0.056065
vt 0.048331 0.056016
vt 0.059144 0.058835
vt 0.057151 0.058818
vt 0.054871 0.062431
vt 0.053944 0.061519
vt 0.027876 0.107149
vt 0.022142 0.116861
vt 0.013738 0.112518
vt 0.021269 0.103735
vt 0.717211 0.553622
vt 0.705092 0.554372
vt 0.704908 0.544884
vt 0.717065 0.546149
vt 0.410082 0.685964
vt 0.407859 0.672262
vt 0.417428 0.672270
vt 0.417603 0.685962
vt 0.363188 0.442230
vt 0.367449 0.442391
vt 0.368673 0.445223
vt 0.365399 0.447338
vt 0.025693 0.123615
vt 0.021306 0.122754
vt 0.019340 0.119009
vt 0.014681 0.116602
vt 0.953303 0.242924
vt 0.950547 0.242907
vt 0.947829 0.238258
vt 0.949172 0.235860
vt 0.942490 0.238257
vt 0.941058 0.235860
vt 0.939869 0.242905
vt 0.937075 0.242923
vt 0.527025 0.485577
vt 0.529094 0.485600
vt 0.529403 0.488166
vt 0.527417 0.488823
vt 0.676220 0.398597
vt 0.678509 0.398495
vt 0.678952 0.400986
vt 0.676781 0.401749
vt 0.012328 0.631071
vt 0.012216 0.633295
vt 0.009767 0.633340
vt 0.009230 0.631127
vt 0.433618 0.499711
vt 0.432985 0.497022
vt 0.464414 0.492737
vt 0.465014 0.495952
vt 0.584251 0.401253
vt 0.584050 0.398495
vt 0.614875 0.399061
vt 0.614999 0.402333
vt 0.017859 0.537076
vt 0.020605 0.537448
vt 0.017405 0.569000
vt 0.014158 0.568592
vt 0.015325 0.126032
vt 0.018894 0.125392
vt 0.059144 0.185638
vt 0.053707 0.191638
vt 0.708602 0.294418
vt 0.709729 0.290971
vt 0.778554 0.286719
vt 0.781096 0.294418
vt 0.706574 0.602723
vt 0.706816 0.599068
vt 0.775063 0.601990
vt 0.774088 0.610053
vt 0.413671 0.751906
vt 0.409466 0.751208
vt 0.411161 0.731225
vt 0.415390 0.731533
vt 0.776019 0.550204
vt 0.776814 0.554372
vt 0.758307 0.553600
vt 0.758529 0.549390
vt 0.048717 0.059026
vt 0.052884 0.059587
vt 0.045638 0.073965
vt 0.041879 0.072228
vt 0.012105 0.621794
vt 0.008880 0.621848
vt 0.667072 0.399590
vt 0.667656 0.402874
vt 0.517943 0.486384
vt 0.518356 0.489761
vt 0.043488 0.030036
vt 0.050614 0.021250
vt 0.544639 0.803715
vt 0.556389 0.801878
vt 0.916990 0.308771
vt 0.903946 0.310464
vt 0.904732 0.298549
vt 0.916543 0.300578
vt 0.893592 0.309731
vt 0.894377 0.297816
vt 0.542464 0.794661
vt 0.554214 0.792825
vt 0.035142 0.023894
vt 0.042277 0.015109
vt 0.535595 0.491030
vt 0.541131 0.498734
vt 0.540573 0.499453
vt 0.534012 0.491506
vt 0.945969 0.542034
vt 0.937428 0.542428
vt 0.937075 0.541698
vt 0.946035 0.540684
vt 0.945946 0.543545
vt 0.937273 0.543261
vt 0.019989 0.644290
vt 0.021776 0.654426
vt 0.021090 0.654502
vt 0.019171 0.644480
vt 0.974315 0.139350
vt 0.984718 0.139478
vt 0.984682 0.140190
vt 0.973985 0.140190
vt 0.551606 0.500631
vt 0.551460 0.501349
vt 0.806432 0.983333
vt 0.806999 0.983633
vt 0.806432 0.984051
vt 0.806999 0.982916
vt 0.806432 0.982616
vt 0.014937 0.119907
vt 0.019197 0.121245
vt 0.704908 0.293388
vt 0.707789 0.289845
vt 0.406579 0.987891
vt 0.406698 0.983187
vt 0.409439 0.983989
vt 0.408875 0.987580
vt 0.019531 0.119983
vt 0.014607 0.117914
vt 0.369445 0.982616
vt 0.369445 0.987875
vt 0.368646 0.988367
vt 0.368310 0.982961
vt 0.021634 0.123564
vt 0.021040 0.123983
vt 0.983301 0.543174
vt 0.978691 0.540559
vt 0.979021 0.539788
vt 0.983802 0.542577
vt 0.405918 0.988145
vt 0.405918 0.982616
vt 0.413862 0.756270
vt 0.407859 0.755059
vt 0.408125 0.753351
vt 0.414027 0.754455
vt 0.294010 0.982709
vt 0.294268 0.988788
vt 0.292467 0.988578
vt 0.292467 0.982616
vt 0.418001 0.752823
vt 0.416465 0.750981
vt 0.054029 0.057478
vt 0.048151 0.057125
vt 0.010395 0.985796
vt 0.010604 0.991120
vt 0.009080 0.991025
vt 0.008880 0.985922
vt 0.973985 0.203995
vt 0.976496 0.199540
vt 0.977655 0.201712
vt 0.976297 0.204122
vt 0.569124 0.982616
vt 0.569124 0.987951
vt 0.567602 0.987801
vt 0.567602 0.982689
vt 0.981612 0.199540
vt 0.980423 0.201712
vt 0.982666 0.906904
vt 0.977322 0.906985
vt 0.977398 0.905443
vt 0.982520 0.905366
vt 0.984217 0.203995
vt 0.981832 0.204123
vt 0.012915 0.636740
vt 0.011079 0.637071
vt 0.952208 0.541702
vt 0.951790 0.543545
vt 0.682545 0.398926
vt 0.682050 0.400823
vt 0.951219 0.540122
vt 0.532031 0.486689
vt 0.531149 0.488466
vt 0.836175 0.215862
vt 0.851280 0.203616
vt 0.852057 0.204922
vt 0.836476 0.217411
vt 0.855160 0.210136
vt 0.837693 0.223623
vt 0.043138 0.058702
vt 0.045134 0.058719
vt 0.045694 0.059269
vt 0.043885 0.059435
vt 0.047930 0.061469
vt 0.046859 0.062364
vt 0.718671 0.195809
vt 0.704908 0.194277
vt 0.704953 0.192996
vt 0.718706 0.194802
vt 0.705081 0.187866
vt 0.718816 0.190771
vt 0.377232 0.433280
vt 0.375232 0.437429
vt 0.374326 0.437644
vt 0.375588 0.433669
vt 0.370729 0.438493
vt 0.369106 0.435201
vt 0.941202 0.249991
vt 0.942585 0.247556
vt 0.943655 0.247554
vt 0.942830 0.249986
vt 0.947924 0.247557
vt 0.949317 0.249991
vt 0.677525 0.452458
vt 0.679751 0.452946
vt 0.679706 0.453455
vt 0.677469 0.453102
vt 0.679526 0.455488
vt 0.677240 0.455674
vt 0.615505 0.454834
vt 0.584050 0.455674
vt 0.584172 0.453464
vt 0.615551 0.452213
vt 0.584201 0.452911
vt 0.615561 0.451557
vt 0.329877 0.504842
vt 0.371173 0.446615
vt 0.373882 0.447349
vt 0.334080 0.509781
vt 0.374562 0.447531
vt 0.335146 0.511011
vt 0.343655 0.396263
vt 0.335451 0.381949
vt 0.338584 0.381754
vt 0.346482 0.395340
vt 0.339368 0.381704
vt 0.347191 0.395109
vt 0.363382 0.427232
vt 0.368494 0.426024
vt 0.369785 0.425718
vt 0.668161 0.454891
vt 0.668399 0.452212
vt 0.668458 0.451542
vt 0.828759 0.227084
vt 0.830192 0.217907
vt 0.830562 0.215624
vt 0.818664 0.225036
vt 0.820080 0.215842
vt 0.820151 0.213287
vt 0.946698 0.755601
vt 0.937075 0.755102
vt 0.937149 0.754958
vt 0.946692 0.755333
vt 0.937448 0.754383
vt 0.946668 0.754257
vt 0.973985 0.226780
vt 0.984315 0.226911
vt 0.984323 0.227057
vt 0.974044 0.226952
vt 0.984356 0.227639
vt 0.974280 0.227639
vt 0.805864 0.983034
vt 0.805864 0.983177
vt 0.805864 0.983751
vt 0.370865 0.441341
vt 0.374140 0.441048
vt 0.374964 0.440974
vt 0.370683 0.439647
vt 0.374476 0.439016
vt 0.375432 0.438857
vt 0.334750 0.380063
vt 0.334368 0.378746
vt 0.338923 0.378945
vt 0.339193 0.380066
vt 0.340063 0.378994
vt 0.340305 0.380066
vt 0.549837 0.987815
vt 0.548296 0.987954
vt 0.548301 0.983686
vt 0.549842 0.983725
vt 0.548296 0.982616
vt 0.549837 0.982700
vt 0.980473 0.206533
vt 0.981704 0.208451
vt 0.977613 0.208449
vt 0.978259 0.206532
vt 0.976588 0.208451
vt 0.977705 0.206533
vt 0.681812 0.454776
vt 0.681341 0.453253
vt 0.681223 0.452872
vt 0.951056 0.754257
vt 0.950233 0.755496
vt 0.950027 0.755806
vt 0.908016 0.956157
vt 0.908016 0.937449
vt 0.914409 0.937072
vt 0.914388 0.955189
vt 0.916161 0.936966
vt 0.916133 0.954924
vt 0.045823 0.058138
vt 0.044057 0.057929
vt 0.718660 0.203340
vt 0.704908 0.203859
vt 0.704919 0.196338
vt 0.718675 0.197429
vt 0.012572 0.117652
vt 0.009946 0.114414
vt 0.011986 0.117938
vt 0.008880 0.114929
vt 0.942004 0.246554
vt 0.940321 0.248466
vt 0.678174 0.450373
vt 0.680265 0.451298
vt 0.679862 0.452592
vt 0.677665 0.452010
vt 0.465231 0.497889
vt 0.433827 0.501349
vt 0.433784 0.500996
vt 0.465186 0.497471
vt 0.050098 0.194867
vt 0.013392 0.127543
vt 0.013811 0.127218
vt 0.050889 0.194175
vt 0.764166 0.195442
vt 0.781638 0.194004
vt 0.781787 0.194909
vt 0.764232 0.196352
vt 0.782330 0.198214
vt 0.764469 0.199675
vt 0.615609 0.451215
vt 0.668602 0.451074
vt 0.615776 0.449963
vt 0.669128 0.449366
vt 0.043118 0.040831
vt 0.038519 0.037670
vt 0.039587 0.036028
vt 0.043989 0.039867
vt 0.029739 0.031463
vt 0.031215 0.029883
vt 0.946683 0.757117
vt 0.937209 0.755940
vt 0.937104 0.755282
vt 0.946695 0.755927
vt 0.974377 0.226211
vt 0.984559 0.226466
vt 0.984367 0.226816
vt 0.974069 0.226657
vt 0.805986 0.982944
vt 0.973985 0.944014
vt 0.979412 0.944158
vt 0.979335 0.945168
vt 0.974027 0.944796
vt 0.979040 0.948855
vt 0.974172 0.947647
vt 0.980826 0.944014
vt 0.982305 0.944228
vt 0.982165 0.945362
vt 0.980707 0.945199
vt 0.981637 0.949499
vt 0.980251 0.949521
vt 0.312028 0.982616
vt 0.313112 0.982655
vt 0.313132 0.983973
vt 0.312029 0.983908
vt 0.313198 0.988782
vt 0.312028 0.988624
vt 0.046492 0.060769
vt 0.045016 0.059696
vt 0.045692 0.059144
vt 0.046971 0.060394
vt 0.009080 0.982875
vt 0.010604 0.982616
vt 0.010553 0.983303
vt 0.009032 0.983534
vt 0.976031 0.207491
vt 0.977403 0.206014
vt 0.681368 0.452594
vt 0.681899 0.451579
vt 0.950107 0.756205
vt 0.950398 0.757664
vt 0.860448 0.213824
vt 0.839790 0.229040
vt 0.839432 0.228118
vt 0.859549 0.213197
vt 0.052922 0.061511
vt 0.053509 0.062420
vt 0.364178 0.441039
vt 0.359512 0.431821
vt 0.358731 0.432757
vt 0.368002 0.441729
vt 0.950103 0.243696
vt 0.952630 0.244121
vt 0.014817 0.631158
vt 0.014184 0.633363
vt 0.012550 0.633306
vt 0.012752 0.631086
vt 0.020894 0.537500
vt 0.017751 0.569036
vt 0.022309 0.537748
vt 0.019443 0.569204
vt 0.706494 0.598715
vt 0.775209 0.601143
vt 0.704908 0.596981
vt 0.775867 0.596981
vt 0.341121 0.399323
vt 0.332400 0.383773
vt 0.332918 0.383463
vt 0.341550 0.398803
vt 0.012545 0.621811
vt 0.014696 0.621889
vt 0.826290 0.235139
vt 0.826710 0.233770
vt 0.816195 0.233091
vt 0.816225 0.231368
vt 0.016249 0.638466
vt 0.020523 0.643666
vt 0.020080 0.644184
vt 0.015872 0.639790
vt 0.015794 0.640061
vt 0.022309 0.654211
vt 0.021866 0.654389
vt 0.806335 0.984000
vt 0.368487 0.447015
vt 0.367806 0.444011
vt 0.368322 0.443558
vt 0.368941 0.446947
vt 0.977895 0.541001
vt 0.978206 0.540208
vt 0.973985 0.543174
vt 0.974201 0.542275
vt 0.367182 0.443274
vt 0.367772 0.442659
vt 0.330392 0.382159
vt 0.329877 0.380548
vt 0.330641 0.380241
vt 0.331132 0.381803
vt 0.976756 0.906967
vt 0.976856 0.905426
vt 0.973985 0.906904
vt 0.974201 0.905366
vt 0.983792 0.204751
vt 0.981601 0.204532
vt 0.013139 0.636561
vt 0.014228 0.635690
vt 0.803409 0.221785
vt 0.805458 0.215099
vt 0.802989 0.223154
vt 0.015445 0.025295
vt 0.016517 0.023654
vt 0.020439 0.017665
vt 0.806876 0.205908
vt 0.807237 0.203616
vt 0.027574 0.008880
vt 0.532643 0.783737
vt 0.544393 0.781901
vt 0.878423 0.310464
vt 0.879209 0.298549
vt 0.276308 0.948944
vt 0.286605 0.954893
vt 0.276308 0.960929
vt 0.266010 0.954980
vt 0.266010 0.942995
vt 0.286606 0.942908
vt 0.278367 0.938150
vt 0.276308 0.936966
vt 0.274094 0.938261
vt 0.286605 0.952855
vt 0.879823 0.148185
vt 0.878423 0.140215
vt 0.904781 0.137599
vt 0.905303 0.145563
vt 0.783934 0.868321
vt 0.792015 0.869819
vt 0.787897 0.893670
vt 0.779860 0.894656
vt 0.110951 0.938893
vt 0.116346 0.936966
vt 0.115958 0.957849
vt 0.110951 0.963037
vt 0.949657 0.289750
vt 0.948543 0.291403
vt 0.942453 0.291403
vt 0.941548 0.289750
vt 0.953294 0.296389
vt 0.951275 0.296389
vt 0.948822 0.303029
vt 0.947916 0.301375
vt 0.718423 0.105653
vt 0.704908 0.105949
vt 0.706350 0.099726
vt 0.719615 0.100759
vt 0.257397 0.686196
vt 0.255779 0.672630
vt 0.265459 0.672262
vt 0.265022 0.685963
vt 0.321647 0.686458
vt 0.318758 0.672920
vt 0.328333 0.672262
vt 0.329174 0.685913
vt 0.941277 0.083930
vt 0.943061 0.079974
vt 0.948193 0.079976
vt 0.950536 0.083930
vt 0.950991 0.075388
vt 0.955578 0.075659
vt 0.948664 0.070794
vt 0.951387 0.067371
vt 0.941817 0.450776
vt 0.942836 0.448582
vt 0.947900 0.448582
vt 0.949513 0.450776
vt 0.949844 0.444281
vt 0.952467 0.444240
vt 0.946723 0.439981
vt 0.947724 0.437705
vt 0.663511 0.542993
vt 0.665631 0.542651
vt 0.666931 0.544673
vt 0.665155 0.545551
vt 0.526887 0.640069
vt 0.526886 0.642315
vt 0.524531 0.642356
vt 0.523907 0.640121
vt 0.529570 0.639881
vt 0.529007 0.642166
vt 0.589294 0.551327
vt 0.587917 0.549051
vt 0.612853 0.548489
vt 0.614508 0.551061
vt 0.524807 0.537077
vt 0.527428 0.537076
vt 0.525787 0.571755
vt 0.522789 0.571810
vt 0.529570 0.537120
vt 0.528485 0.571565
vt 0.647417 0.832008
vt 0.644550 0.832394
vt 0.640851 0.786396
vt 0.647556 0.781901
vt 0.147530 0.781901
vt 0.150946 0.783007
vt 0.155104 0.849264
vt 0.147530 0.850562
vt 0.153707 0.781973
vt 0.161315 0.848332
vt 0.327443 0.754349
vt 0.323198 0.754410
vt 0.327812 0.732326
vt 0.332022 0.731992
vt 0.260089 0.753817
vt 0.255970 0.755067
vt 0.259517 0.732569
vt 0.263802 0.732515
vt 0.784486 0.098014
vt 0.785229 0.100747
vt 0.764259 0.105949
vt 0.765007 0.103210
vt 0.529546 0.630133
vt 0.526751 0.630329
vt 0.523646 0.630384
vt 0.656173 0.543758
vt 0.657886 0.546423
vt 0.792383 0.888882
vt 0.796669 0.894133
vt 0.792173 0.904682
vt 0.781948 0.908729
vt 0.917554 0.137599
vt 0.917505 0.148879
vt 0.666281 0.949468
vt 0.681933 0.948117
vt 0.681560 0.957509
vt 0.665908 0.958860
vt 0.666281 0.938317
vt 0.681933 0.936966
vt 0.807048 0.898179
vt 0.802552 0.908729
vt 0.436067 0.948229
vt 0.445814 0.943827
vt 0.445814 0.955090
vt 0.436067 0.959493
vt 0.426320 0.952632
vt 0.946897 0.501489
vt 0.937499 0.501097
vt 0.937135 0.500553
vt 0.947258 0.500483
vt 0.674216 0.546570
vt 0.679969 0.553442
vt 0.679405 0.554155
vt 0.672710 0.547291
vt 0.946258 0.138080
vt 0.937135 0.138682
vt 0.937075 0.137785
vt 0.945876 0.136478
vt 0.974071 0.371103
vt 0.984148 0.371103
vt 0.984307 0.371691
vt 0.974363 0.371843
vt 0.984210 0.372364
vt 0.973985 0.372654
vt 0.973992 0.743186
vt 0.982973 0.743214
vt 0.983261 0.743732
vt 0.973985 0.743732
vt 0.844279 0.983329
vt 0.843789 0.983780
vt 0.843789 0.983067
vt 0.844280 0.984042
vt 0.844770 0.983591
vt 0.644688 0.836752
vt 0.642147 0.835177
vt 0.472962 0.986649
vt 0.468617 0.984973
vt 0.469036 0.982616
vt 0.472693 0.982616
vt 0.057656 0.990171
vt 0.055795 0.985861
vt 0.058826 0.985706
vt 0.059783 0.989153
vt 0.643213 0.839315
vt 0.640851 0.836679
vt 0.641076 0.835617
vt 0.643785 0.837943
vt 0.588088 0.982616
vt 0.588088 0.987952
vt 0.587021 0.987904
vt 0.586884 0.983391
vt 0.388158 0.982616
vt 0.388158 0.987889
vt 0.387424 0.988283
vt 0.387205 0.982817
vt 0.473289 0.987880
vt 0.468284 0.985531
vt 0.056510 0.990720
vt 0.054161 0.985944
vt 0.054920 0.985721
vt 0.057245 0.990741
vt 0.328627 0.758619
vt 0.322551 0.758475
vt 0.322586 0.756631
vt 0.328552 0.756679
vt 0.261917 0.757093
vt 0.256225 0.759476
vt 0.255779 0.757592
vt 0.261452 0.755491
vt 0.980161 0.329708
vt 0.984340 0.328688
vt 0.983898 0.330289
vt 0.979845 0.330947
vt 0.982433 0.056665
vt 0.985739 0.061680
vt 0.983577 0.061908
vt 0.981313 0.058249
vt 0.586707 0.554155
vt 0.584050 0.549763
vt 0.585206 0.549490
vt 0.587752 0.553698
vt 0.973985 0.761538
vt 0.979041 0.761491
vt 0.979024 0.763004
vt 0.974178 0.763049
vt 0.586424 0.544909
vt 0.588576 0.546573
vt 0.983174 0.761538
vt 0.982984 0.763049
vt 0.984167 0.349414
vt 0.981317 0.353342
vt 0.980158 0.350832
vt 0.981700 0.348707
vt 0.955715 0.136218
vt 0.955520 0.138682
vt 0.952497 0.137746
vt 0.952451 0.135778
vt 0.666055 0.540255
vt 0.669643 0.541672
vt 0.668625 0.543374
vt 0.668683 0.544730
vt 0.951293 0.500360
vt 0.952414 0.501489
vt 0.380036 0.889779
vt 0.391520 0.906284
vt 0.390320 0.907246
vt 0.378669 0.890246
vt 0.385521 0.911091
vt 0.373200 0.892115
vt 0.937075 0.296389
vt 0.939095 0.296389
vt 0.939641 0.297387
vt 0.937802 0.297717
vt 0.941826 0.301375
vt 0.940712 0.303029
vt 0.565965 0.686578
vt 0.564171 0.672733
vt 0.566035 0.672637
vt 0.567432 0.686496
vt 0.573489 0.672262
vt 0.573299 0.686174
vt 0.942141 0.067363
vt 0.943536 0.070791
vt 0.942975 0.071709
vt 0.941127 0.069020
vt 0.940731 0.075383
vt 0.937075 0.075648
vt 0.940028 0.437705
vt 0.941659 0.439981
vt 0.941271 0.440846
vt 0.939440 0.439024
vt 0.939715 0.444282
vt 0.937075 0.444241
vt 0.045649 0.629612
vt 0.044681 0.631413
vt 0.044264 0.631477
vt 0.045122 0.629693
vt 0.042600 0.631735
vt 0.043017 0.630018
vt 0.051655 0.568671
vt 0.054519 0.538034
vt 0.056192 0.537629
vt 0.053774 0.568345
vt 0.056611 0.537529
vt 0.054305 0.568265
vt 0.779857 0.426977
vt 0.715139 0.423485
vt 0.713633 0.421267
vt 0.779255 0.421973
vt 0.713257 0.420712
vt 0.779115 0.420712
vt 0.574633 0.732811
vt 0.577498 0.752592
vt 0.574328 0.751866
vt 0.571341 0.733032
vt 0.573535 0.751684
vt 0.570518 0.733087
vt 0.044219 0.621312
vt 0.046413 0.620974
vt 0.046962 0.620890
vt 0.372483 0.885464
vt 0.379910 0.885565
vt 0.381766 0.885590
vt 0.382236 0.874772
vt 0.389663 0.874873
vt 0.391520 0.874898
vt 0.436067 0.936966
vt 0.428270 0.940488
vt 0.426320 0.941368
vt 0.047273 0.635502
vt 0.055081 0.642538
vt 0.054958 0.642654
vt 0.047172 0.635802
vt 0.054469 0.643117
vt 0.046766 0.637001
vt 0.056611 0.652939
vt 0.056493 0.652989
vt 0.056023 0.653189
vt 0.844770 0.982878
vt 0.844672 0.982825
vt 0.844279 0.982616
vt 0.711531 0.426126
vt 0.708575 0.424202
vt 0.707835 0.423721
vt 0.710704 0.426845
vt 0.709584 0.427552
vt 0.705843 0.425790
vt 0.707004 0.424809
vt 0.704908 0.425350
vt 0.706079 0.424300
vt 0.979557 0.119353
vt 0.979940 0.120726
vt 0.975375 0.121417
vt 0.975099 0.120233
vt 0.974233 0.121590
vt 0.973985 0.120454
vt 0.975270 0.061908
vt 0.973985 0.061752
vt 0.976041 0.057711
vt 0.976782 0.058980
vt 0.976556 0.056701
vt 0.977160 0.058249
vt 0.978188 0.819753
vt 0.977907 0.820935
vt 0.974773 0.822026
vt 0.975185 0.820798
vt 0.973985 0.822296
vt 0.974430 0.821056
vt 0.977404 0.350832
vt 0.976225 0.353341
vt 0.974437 0.350201
vt 0.976436 0.349132
vt 0.973985 0.349413
vt 0.976192 0.348707
vt 0.043194 0.633803
vt 0.044377 0.632973
vt 0.044673 0.632766
vt 0.122679 0.937379
vt 0.122210 0.957576
vt 0.124413 0.937492
vt 0.123922 0.957501
vt 0.939817 0.295317
vt 0.938036 0.294962
vt 0.706670 0.092203
vt 0.719876 0.094845
vt 0.706755 0.090142
vt 0.719946 0.093225
vt 0.944639 0.070791
vt 0.944129 0.067364
vt 0.942749 0.439986
vt 0.941686 0.437717
vt 0.681208 0.200332
vt 0.683544 0.200612
vt 0.683641 0.202630
vt 0.681331 0.202884
vt 0.683668 0.203182
vt 0.681365 0.203584
vt 0.618692 0.202199
vt 0.588018 0.201920
vt 0.587966 0.201322
vt 0.618658 0.201496
vt 0.587775 0.199139
vt 0.618534 0.198931
vt 0.766748 0.840899
vt 0.766748 0.781909
vt 0.767528 0.781907
vt 0.768494 0.840649
vt 0.770373 0.781901
vt 0.774850 0.839748
vt 0.765209 0.098996
vt 0.784413 0.093773
vt 0.784429 0.094685
vt 0.765166 0.099902
vt 0.672399 0.203445
vt 0.672364 0.202716
vt 0.672235 0.200057
vt 0.485843 0.958349
vt 0.485427 0.953144
vt 0.487996 0.953292
vt 0.487573 0.958635
vt 0.497378 0.953834
vt 0.493891 0.959678
vt 0.485427 0.936966
vt 0.487996 0.937114
vt 0.497378 0.937656
vt 0.426320 0.943790
vt 0.937088 0.499849
vt 0.947389 0.499198
vt 0.937075 0.499656
vt 0.947424 0.498845
vt 0.973985 0.840055
vt 0.982977 0.840215
vt 0.983049 0.840777
vt 0.974018 0.840743
vt 0.983068 0.840931
vt 0.974027 0.840931
vt 0.844770 0.983031
vt 0.650607 0.833620
vt 0.648544 0.839424
vt 0.647715 0.838850
vt 0.649921 0.833274
vt 0.648243 0.841212
vt 0.647426 0.842560
vt 0.646520 0.841863
vt 0.647284 0.840510
vt 0.973985 0.329854
vt 0.974176 0.328688
vt 0.975462 0.328907
vt 0.975245 0.330089
vt 0.977819 0.056693
vt 0.978053 0.058249
vt 0.586000 0.203338
vt 0.584518 0.203584
vt 0.584417 0.202429
vt 0.585903 0.202232
vt 0.584050 0.198219
vt 0.585551 0.198198
vt 0.684997 0.203141
vt 0.685029 0.202723
vt 0.685146 0.201197
vt 0.951076 0.498405
vt 0.951123 0.498826
vt 0.379322 0.913352
vt 0.365857 0.891004
vt 0.367106 0.891193
vt 0.380376 0.912968
vt 0.946880 0.301375
vt 0.947443 0.303029
vt 0.579267 0.672675
vt 0.577854 0.686447
vt 0.580449 0.672764
vt 0.578786 0.686505
vt 0.942665 0.079194
vt 0.940562 0.082523
vt 0.942306 0.447855
vt 0.941013 0.449675
vt 0.040666 0.631029
vt 0.040570 0.629125
vt 0.040270 0.630884
vt 0.040069 0.628942
vt 0.048690 0.567587
vt 0.051971 0.537076
vt 0.052403 0.537238
vt 0.049193 0.567770
vt 0.776186 0.434067
vt 0.715614 0.426620
vt 0.715533 0.426087
vt 0.776803 0.432868
vt 0.577726 0.732905
vt 0.580449 0.754150
vt 0.579947 0.753885
vt 0.577200 0.732889
vt 0.041147 0.620191
vt 0.041669 0.620381
vt 0.915840 0.150034
vt 0.904514 0.146501
vt 0.907708 0.155674
vt 0.900663 0.151083
vt 0.362711 0.879013
vt 0.372464 0.868321
vt 0.374126 0.869418
vt 0.364372 0.880110
vt 0.444157 0.942660
vt 0.053923 0.643397
vt 0.046459 0.638013
vt 0.053812 0.643454
vt 0.046396 0.638220
vt 0.055475 0.653169
vt 0.055363 0.653165
vt 0.843873 0.982990
vt 0.055623 0.985385
vt 0.058989 0.985242
vt 0.054777 0.983067
vt 0.059783 0.982977
vt 0.713781 0.429328
vt 0.712860 0.429609
vt 0.712304 0.429259
vt 0.713259 0.428905
vt 0.054630 0.985192
vt 0.053207 0.982616
vt 0.984307 0.119857
vt 0.984819 0.121590
vt 0.983990 0.121443
vt 0.983499 0.119771
vt 0.321935 0.756386
vt 0.322733 0.754295
vt 0.318758 0.755188
vt 0.320460 0.753736
vt 0.983050 0.821056
vt 0.982981 0.822296
vt 0.982122 0.822067
vt 0.982227 0.820837
vt 0.980455 0.353343
vt 0.979691 0.350832
vt 0.041568 0.634224
vt 0.041844 0.634152
vt 0.054188 0.917848
vt 0.056445 0.894163
vt 0.064561 0.894544
vt 0.062239 0.919206
vt 0.664590 0.909687
vt 0.656735 0.883314
vt 0.664844 0.883301
vt 0.672377 0.907081
vt 0.741399 0.937014
vt 0.741399 0.958900
vt 0.734029 0.955792
vt 0.733183 0.936966
vt 0.240142 0.052989
vt 0.234888 0.048078
vt 0.236458 0.047271
vt 0.240403 0.050959
vt 0.246445 0.049750
vt 0.245137 0.048527
vt 0.247496 0.041600
vt 0.245926 0.042407
vt 0.093066 0.074035
vt 0.091425 0.081389
vt 0.076904 0.079946
vt 0.080138 0.070749
vt 0.092378 0.009894
vt 0.092354 0.017390
vt 0.079524 0.018929
vt 0.080118 0.009303
vt 0.094079 0.041867
vt 0.095200 0.048940
vt 0.084195 0.052705
vt 0.082149 0.043758
vt 0.080574 0.050562
vt 0.079478 0.045577
vt 0.076904 0.016146
vt 0.077195 0.010811
vt 0.216372 0.387778
vt 0.217051 0.380932
vt 0.220440 0.384053
vt 0.220033 0.387908
vt 0.949180 0.184327
vt 0.953507 0.190902
vt 0.950697 0.190893
vt 0.947848 0.186567
vt 0.949630 0.197476
vt 0.948145 0.195219
vt 0.941415 0.197476
vt 0.942738 0.195219
vt 0.206565 0.334228
vt 0.209720 0.335105
vt 0.208755 0.337090
vt 0.206260 0.336396
vt 0.556189 0.201488
vt 0.557019 0.198674
vt 0.559147 0.199336
vt 0.558491 0.201561
vt 0.556624 0.204346
vt 0.558835 0.203820
vt 0.218010 0.213551
vt 0.217472 0.279149
vt 0.214286 0.278267
vt 0.215368 0.212627
vt 0.437472 0.200655
vt 0.502437 0.198536
vt 0.501601 0.201342
vt 0.436906 0.203146
vt 0.502038 0.204216
vt 0.437582 0.205465
vt 0.403118 0.386941
vt 0.403118 0.512089
vt 0.394991 0.511037
vt 0.399720 0.388529
vt 0.435756 0.460398
vt 0.550364 0.453889
vt 0.549713 0.461353
vt 0.435918 0.463525
vt 0.552613 0.467817
vt 0.435924 0.466736
vt 0.241291 0.046936
vt 0.181254 0.044883
vt 0.181309 0.040722
vt 0.241944 0.042681
vt 0.243533 0.016481
vt 0.182140 0.013116
vt 0.182275 0.008880
vt 0.245730 0.012782
vt 0.242746 0.074783
vt 0.182669 0.077014
vt 0.182921 0.072758
vt 0.244187 0.070749
vt 0.547342 0.201278
vt 0.547794 0.204255
vt 0.548206 0.198346
vt 0.212374 0.325953
vt 0.209088 0.325039
vt 0.669918 0.886813
vt 0.667475 0.871389
vt 0.673390 0.880728
vt 0.656735 0.868321
vt 0.054545 0.879713
vt 0.066403 0.878810
vt 0.054188 0.869225
vt 0.066046 0.868321
vt 0.806576 0.945865
vt 0.806576 0.956940
vt 0.795695 0.958138
vt 0.795695 0.947063
vt 0.801010 0.936966
vt 0.790129 0.938165
vt 0.210494 0.343691
vt 0.211250 0.342207
vt 0.217914 0.349806
vt 0.217110 0.350252
vt 0.945215 0.775423
vt 0.945367 0.776937
vt 0.937075 0.776567
vt 0.937346 0.775715
vt 0.228410 0.633182
vt 0.228873 0.634603
vt 0.222169 0.639356
vt 0.221805 0.638660
vt 0.974150 0.181780
vt 0.974239 0.180978
vt 0.984620 0.180850
vt 0.984637 0.181489
vt 0.973985 0.180221
vt 0.984657 0.180221
vt 0.218010 0.360948
vt 0.217278 0.360987
vt 0.768628 0.983342
vt 0.768628 0.984068
vt 0.768063 0.983745
vt 0.768063 0.983019
vt 0.768628 0.982616
vt 0.399730 0.381660
vt 0.397107 0.385357
vt 0.607118 0.982983
vt 0.610740 0.983440
vt 0.610740 0.987101
vt 0.608608 0.987390
vt 0.433625 0.463523
vt 0.432985 0.467817
vt 0.398057 0.378746
vt 0.398984 0.379982
vt 0.396248 0.384711
vt 0.395745 0.383635
vt 0.974020 0.584351
vt 0.973985 0.583167
vt 0.978934 0.581502
vt 0.978793 0.582413
vt 0.605848 0.982616
vt 0.607927 0.987721
vt 0.983720 0.583381
vt 0.983377 0.584351
vt 0.606189 0.681513
vt 0.605495 0.681301
vt 0.605388 0.676873
vt 0.606160 0.676250
vt 0.243707 0.048217
vt 0.244541 0.042218
vt 0.246191 0.018929
vt 0.244740 0.018088
vt 0.248140 0.013089
vt 0.249874 0.013983
vt 0.196243 0.982891
vt 0.197328 0.982616
vt 0.197638 0.988640
vt 0.196243 0.989061
vt 0.946496 0.938262
vt 0.945559 0.936464
vt 0.947452 0.934111
vt 0.949125 0.935371
vt 0.491049 0.982616
vt 0.492561 0.982670
vt 0.492567 0.987843
vt 0.491049 0.988009
vt 0.976722 0.250166
vt 0.977896 0.247640
vt 0.980702 0.247640
vt 0.981909 0.250165
vt 0.434078 0.198346
vt 0.435517 0.198608
vt 0.434471 0.203214
vt 0.432985 0.203153
vt 0.982028 0.245398
vt 0.984357 0.246019
vt 0.435720 0.207500
vt 0.434293 0.207627
vt 0.562688 0.201306
vt 0.562647 0.203066
vt 0.233526 0.630755
vt 0.232681 0.629293
vt 0.562357 0.199630
vt 0.950092 0.777245
vt 0.950873 0.775423
vt 0.208768 0.338932
vt 0.206849 0.339550
vt 0.832209 0.754238
vt 0.832878 0.752963
vt 0.848058 0.766119
vt 0.846932 0.767183
vt 0.835552 0.747863
vt 0.852561 0.761862
vt 0.235939 0.039928
vt 0.237200 0.039280
vt 0.238194 0.040665
vt 0.237247 0.041151
vt 0.242243 0.036689
vt 0.241981 0.038719
vt 0.091194 0.139626
vt 0.091237 0.141174
vt 0.077006 0.140220
vt 0.076904 0.138271
vt 0.091303 0.147280
vt 0.077414 0.148015
vt 0.225739 0.378746
vt 0.227341 0.379678
vt 0.226150 0.383351
vt 0.225262 0.382827
vt 0.233749 0.383407
vt 0.229694 0.385454
vt 0.937075 0.190907
vt 0.937850 0.189590
vt 0.940392 0.190030
vt 0.939882 0.190896
vt 0.940959 0.184334
vt 0.942438 0.186571
vt 0.228233 0.627036
vt 0.228586 0.626557
vt 0.229785 0.628023
vt 0.229506 0.628402
vt 0.230000 0.624642
vt 0.230902 0.626510
vt 0.241443 0.277184
vt 0.239218 0.277886
vt 0.239425 0.213137
vt 0.241403 0.212654
vt 0.238660 0.278061
vt 0.238930 0.213258
vt 0.233749 0.514067
vt 0.227832 0.514875
vt 0.225560 0.393423
vt 0.228009 0.393574
vt 0.226349 0.515076
vt 0.224954 0.393367
vt 0.180483 0.148015
vt 0.180408 0.144590
vt 0.239759 0.141088
vt 0.241244 0.144018
vt 0.180388 0.143732
vt 0.239388 0.140355
vt 0.242176 0.323019
vt 0.239850 0.323745
vt 0.239267 0.323927
vt 0.242397 0.331807
vt 0.240165 0.332505
vt 0.239606 0.332679
vt 0.898280 0.176408
vt 0.898337 0.180494
vt 0.892188 0.179237
vt 0.888922 0.173433
vt 0.898351 0.181515
vt 0.893005 0.180688
vt 0.881690 0.179237
vt 0.878423 0.173433
vt 0.949143 0.957144
vt 0.947973 0.958520
vt 0.937075 0.958520
vt 0.938495 0.957007
vt 0.238840 0.339189
vt 0.239084 0.339396
vt 0.236913 0.347850
vt 0.236763 0.347797
vt 0.240057 0.340223
vt 0.237513 0.348062
vt 0.236536 0.358966
vt 0.236411 0.358972
vt 0.237039 0.358945
vt 0.769193 0.982939
vt 0.769193 0.983084
vt 0.769193 0.983664
vt 0.225970 0.386889
vt 0.229118 0.388310
vt 0.225178 0.386532
vt 0.229881 0.386764
vt 0.226182 0.384829
vt 0.225253 0.384346
vt 0.979557 0.101593
vt 0.975099 0.100528
vt 0.975391 0.099376
vt 0.979960 0.100261
vt 0.973985 0.100262
vt 0.974249 0.099155
vt 0.938875 0.934111
vt 0.940792 0.935994
vt 0.939792 0.937548
vt 0.937075 0.935146
vt 0.941271 0.936464
vt 0.940471 0.938149
vt 0.983184 0.724284
vt 0.979531 0.725198
vt 0.979456 0.723906
vt 0.983269 0.722952
vt 0.978616 0.725426
vt 0.978501 0.724144
vt 0.224653 0.541465
vt 0.223600 0.543096
vt 0.221115 0.542287
vt 0.223060 0.539270
vt 0.223337 0.543505
vt 0.220629 0.543042
vt 0.241223 0.336220
vt 0.239883 0.335975
vt 0.240125 0.334319
vt 0.241889 0.333767
vt 0.239547 0.335914
vt 0.239683 0.334456
vt 0.899041 0.189619
vt 0.898499 0.183257
vt 0.915982 0.180665
vt 0.917288 0.186945
vt 0.915624 0.178945
vt 0.235713 0.041680
vt 0.237078 0.042467
vt 0.094776 0.135444
vt 0.091984 0.138743
vt 0.077998 0.137177
vt 0.081991 0.133182
vt 0.223871 0.379216
vt 0.224226 0.383090
vt 0.938006 0.192316
vt 0.940495 0.191824
vt 0.236732 0.332299
vt 0.238989 0.332597
vt 0.239195 0.334392
vt 0.237411 0.334156
vt 0.238040 0.277979
vt 0.238427 0.213122
vt 0.235770 0.277679
vt 0.236591 0.212627
vt 0.224928 0.514529
vt 0.224255 0.393420
vt 0.219724 0.512527
vt 0.221689 0.393636
vt 0.182627 0.079287
vt 0.182635 0.078800
vt 0.243392 0.077069
vt 0.243569 0.077696
vt 0.180668 0.143263
vt 0.181697 0.141553
vt 0.238625 0.323842
vt 0.236275 0.323531
vt 0.892908 0.183245
vt 0.892555 0.192582
vt 0.882410 0.183245
vt 0.882347 0.180668
vt 0.882056 0.192582
vt 0.237316 0.339537
vt 0.238513 0.339264
vt 0.236589 0.347814
vt 0.235957 0.347877
vt 0.236273 0.358967
vt 0.235770 0.358948
vt 0.769071 0.982869
vt 0.224263 0.386721
vt 0.220898 0.387420
vt 0.224176 0.384594
vt 0.220226 0.385508
vt 0.941767 0.938173
vt 0.941701 0.939094
vt 0.940382 0.939052
vt 0.946515 0.939247
vt 0.942193 0.936464
vt 0.977687 0.725181
vt 0.977531 0.723888
vt 0.974288 0.724284
vt 0.973985 0.722952
vt 0.976415 0.245398
vt 0.976733 0.245880
vt 0.974573 0.246913
vt 0.973985 0.246023
vt 0.239168 0.335930
vt 0.237783 0.335989
vt 0.855138 0.755739
vt 0.854700 0.756780
vt 0.835100 0.741587
vt 0.835008 0.740302
vt 0.246603 0.040765
vt 0.245255 0.041780
vt 0.090862 0.036689
vt 0.093522 0.040980
vt 0.081257 0.042713
vt 0.076904 0.037614
vt 0.233185 0.389089
vt 0.229357 0.388643
vt 0.233070 0.390253
vt 0.229289 0.389290
vt 0.947782 0.184326
vt 0.946928 0.186566
vt 0.232630 0.624343
vt 0.232982 0.626274
vt 0.233169 0.624282
vt 0.233408 0.626226
vt 0.226914 0.585983
vt 0.226370 0.586041
vt 0.226877 0.540985
vt 0.227332 0.540887
vt 0.223717 0.586327
vt 0.606189 0.754267
vt 0.604832 0.754111
vt 0.602781 0.678376
vt 0.603315 0.678695
vt 0.598208 0.753359
vt 0.600195 0.676785
vt 0.181100 0.040229
vt 0.241542 0.042252
vt 0.180087 0.037822
vt 0.239580 0.040160
vt 0.230870 0.617947
vt 0.230309 0.618010
vt 0.227570 0.618324
vt 0.824974 0.738022
vt 0.824038 0.736236
vt 0.829543 0.746742
vt 0.815403 0.744125
vt 0.814865 0.741647
vt 0.820371 0.752152
vt 0.227727 0.631898
vt 0.228294 0.632964
vt 0.221671 0.638593
vt 0.221019 0.638266
vt 0.221235 0.646216
vt 0.220629 0.646151
vt 0.221359 0.646229
vt 0.768724 0.983999
vt 0.604985 0.676321
vt 0.603055 0.673638
vt 0.709601 0.986870
vt 0.709600 0.986142
vt 0.710326 0.986026
vt 0.710282 0.986699
vt 0.709600 0.982616
vt 0.710552 0.982736
vt 0.605748 0.675572
vt 0.603766 0.672262
vt 0.984288 0.100844
vt 0.983483 0.100971
vt 0.983997 0.099343
vt 0.984824 0.099155
vt 0.243921 0.041608
vt 0.240893 0.038628
vt 0.228013 0.538200
vt 0.227170 0.538381
vt 0.226801 0.537266
vt 0.227679 0.537076
vt 0.222513 0.538195
vt 0.232360 0.629191
vt 0.230790 0.628692
vt 0.816857 0.758267
vt 0.812287 0.749547
vt 0.811351 0.747761
vt 0.764914 0.947960
vt 0.763476 0.945801
vt 0.769808 0.944969
vt 0.770990 0.947161
vt 0.759159 0.937798
vt 0.765491 0.936966
vt 0.759159 0.958518
vt 0.763558 0.950098
vt 0.769890 0.949266
vt 0.765491 0.957686
vt 0.939479 0.817457
vt 0.950534 0.817457
vt 0.948129 0.822649
vt 0.937075 0.822649
vt 0.788750 0.955622
vt 0.788750 0.944547
vt 0.807931 0.740057
vt 0.804417 0.746172
vt 0.809923 0.756678
vt 0.802989 0.755088
vt 0.808495 0.765594
vt 0.815714 0.765400
vt 0.815428 0.767183
vt 0.813937 0.766842
vt 0.095498 0.915526
vt 0.098388 0.888472
vt 0.106207 0.888539
vt 0.103289 0.916588
vt 0.638976 0.868321
vt 0.638612 0.894929
vt 0.631009 0.893130
vt 0.631013 0.869021
vt 0.183697 0.937004
vt 0.183697 0.962486
vt 0.178185 0.958752
vt 0.177868 0.936966
vt 0.853677 0.461292
vt 0.846773 0.461859
vt 0.847871 0.460169
vt 0.853056 0.459744
vt 0.858082 0.454512
vt 0.856360 0.454654
vt 0.855552 0.448309
vt 0.854462 0.449995
vt 0.717805 0.386633
vt 0.720303 0.392104
vt 0.708085 0.393593
vt 0.704908 0.386633
vt 0.389231 0.686171
vt 0.381729 0.686723
vt 0.380573 0.672974
vt 0.390099 0.672262
vt 0.537320 0.685927
vt 0.529981 0.686245
vt 0.529981 0.672670
vt 0.539328 0.672262
vt 0.955107 0.109855
vt 0.951338 0.118018
vt 0.948567 0.114815
vt 0.950654 0.110288
vt 0.942323 0.118019
vt 0.943570 0.114817
vt 0.937075 0.109856
vt 0.940661 0.110291
vt 0.942220 0.468536
vt 0.949839 0.468537
vt 0.948106 0.470604
vt 0.943092 0.470604
vt 0.952316 0.474592
vt 0.949737 0.474588
vt 0.947175 0.480646
vt 0.946354 0.478572
vt 0.077523 0.625906
vt 0.079745 0.627098
vt 0.078733 0.629081
vt 0.076976 0.628140
vt 0.074371 0.625683
vt 0.074484 0.627963
vt 0.678271 0.348392
vt 0.678642 0.345193
vt 0.680826 0.345696
vt 0.680531 0.348225
vt 0.085462 0.542054
vt 0.084397 0.570043
vt 0.081779 0.568864
vt 0.083269 0.540946
vt 0.078795 0.569198
vt 0.080766 0.541142
vt 0.584050 0.345802
vt 0.615825 0.344798
vt 0.615945 0.347861
vt 0.584178 0.348392
vt 0.716058 0.485219
vt 0.778931 0.489164
vt 0.774229 0.495576
vt 0.715650 0.487957
vt 0.704908 0.513336
vt 0.777230 0.513336
vt 0.775594 0.519577
vt 0.706276 0.516398
vt 0.774661 0.527124
vt 0.705716 0.519591
vt 0.533143 0.750226
vt 0.531877 0.730644
vt 0.535920 0.730095
vt 0.537150 0.749285
vt 0.385297 0.752365
vt 0.384629 0.732872
vt 0.388853 0.732331
vt 0.389473 0.752912
vt 0.779866 0.391332
vt 0.762733 0.391040
vt 0.761464 0.387837
vt 0.780056 0.388250
vt 0.669440 0.343946
vt 0.669058 0.347279
vt 0.078775 0.617191
vt 0.075491 0.616959
vt 0.081086 0.618435
vt 0.626373 0.887962
vt 0.625095 0.903689
vt 0.621197 0.892771
vt 0.634053 0.908780
vt 0.095167 0.874402
vt 0.106207 0.873351
vt 0.079150 0.961398
vt 0.069350 0.963264
vt 0.068625 0.953084
vt 0.078425 0.951217
vt 0.089980 0.961398
vt 0.089255 0.951217
vt 0.618111 0.907767
vt 0.614204 0.896847
vt 0.946839 0.519248
vt 0.947237 0.520300
vt 0.937140 0.520223
vt 0.937475 0.519650
vt 0.079846 0.636913
vt 0.080761 0.635623
vt 0.086706 0.642478
vt 0.085923 0.642911
vt 0.887861 0.946055
vt 0.886332 0.945496
vt 0.888739 0.936976
vt 0.889615 0.937139
vt 0.973985 0.454130
vt 0.974142 0.453240
vt 0.984228 0.453411
vt 0.984179 0.454130
vt 0.087718 0.652994
vt 0.087010 0.653111
vt 0.087198 0.642132
vt 0.088220 0.653033
vt 0.862989 0.983321
vt 0.863448 0.983089
vt 0.863448 0.983794
vt 0.862989 0.984026
vt 0.862530 0.983553
vt 0.710063 0.486865
vt 0.711919 0.489711
vt 0.427449 0.986841
vt 0.427668 0.982616
vt 0.431189 0.982616
vt 0.431631 0.985080
vt 0.983436 0.473219
vt 0.983862 0.475689
vt 0.980613 0.477046
vt 0.978992 0.474353
vt 0.706833 0.487725
vt 0.708367 0.487471
vt 0.711092 0.490656
vt 0.709909 0.490645
vt 0.330958 0.982616
vt 0.331898 0.982941
vt 0.331687 0.988437
vt 0.330958 0.987975
vt 0.427199 0.988063
vt 0.432022 0.985594
vt 0.983203 0.471890
vt 0.983711 0.472611
vt 0.978446 0.473798
vt 0.978114 0.472905
vt 0.532614 0.754241
vt 0.532314 0.752355
vt 0.537919 0.750897
vt 0.538302 0.752661
vt 0.384011 0.755849
vt 0.384311 0.754237
vt 0.390099 0.755355
vt 0.389847 0.757236
vt 0.979878 0.413493
vt 0.979770 0.412213
vt 0.984063 0.412128
vt 0.984247 0.413770
vt 0.381041 0.752145
vt 0.382883 0.751214
vt 0.088220 0.539214
vt 0.087807 0.540555
vt 0.083753 0.538506
vt 0.083990 0.537076
vt 0.079128 0.538869
vt 0.079163 0.537454
vt 0.649809 0.982616
vt 0.651359 0.982697
vt 0.651359 0.987492
vt 0.649809 0.987620
vt 0.948464 0.471567
vt 0.947482 0.474115
vt 0.944883 0.474115
vt 0.943659 0.471566
vt 0.684534 0.346460
vt 0.684011 0.348368
vt 0.884825 0.951917
vt 0.886754 0.952182
vt 0.077381 0.631355
vt 0.075546 0.632040
vt 0.078615 0.630962
vt 0.951264 0.520429
vt 0.952339 0.519248
vt 0.834255 0.447342
vt 0.834765 0.445809
vt 0.845135 0.454295
vt 0.844258 0.455650
vt 0.836825 0.439668
vt 0.848632 0.448881
vt 0.846640 0.454490
vt 0.845982 0.455508
vt 0.849268 0.450424
vt 0.677083 0.793949
vt 0.675569 0.794004
vt 0.676015 0.781971
vt 0.677941 0.781901
vt 0.669547 0.794176
vt 0.668367 0.782171
vt 0.940839 0.101690
vt 0.942658 0.101699
vt 0.943751 0.105766
vt 0.942747 0.105763
vt 0.949855 0.101690
vt 0.947744 0.105762
vt 0.939551 0.480646
vt 0.939063 0.479434
vt 0.941014 0.477775
vt 0.941337 0.478572
vt 0.937075 0.474591
vt 0.939707 0.474588
vt 0.677080 0.475898
vt 0.677129 0.475405
vt 0.679406 0.475312
vt 0.679367 0.475702
vt 0.677324 0.473434
vt 0.679560 0.473754
vt 0.617913 0.475640
vt 0.617618 0.477924
vt 0.587633 0.477566
vt 0.587800 0.475637
vt 0.617542 0.478495
vt 0.587590 0.478049
vt 0.776240 0.572132
vt 0.776533 0.577800
vt 0.710974 0.578575
vt 0.712264 0.575992
vt 0.776591 0.579222
vt 0.710649 0.579222
vt 0.669493 0.829152
vt 0.672840 0.829073
vt 0.671713 0.841356
vt 0.668367 0.841970
vt 0.673678 0.829052
vt 0.672550 0.841201
vt 0.668596 0.474643
vt 0.668393 0.476697
vt 0.668342 0.477210
vt 0.828554 0.444201
vt 0.828553 0.434933
vt 0.828569 0.446513
vt 0.818222 0.444647
vt 0.818244 0.435371
vt 0.817856 0.447094
vt 0.982700 0.079927
vt 0.982540 0.080211
vt 0.974059 0.080036
vt 0.974078 0.079870
vt 0.981901 0.081349
vt 0.973985 0.080698
vt 0.973985 0.643492
vt 0.974098 0.643361
vt 0.983428 0.643557
vt 0.983369 0.643664
vt 0.974551 0.642835
vt 0.983664 0.643130
vt 0.862530 0.982848
vt 0.862621 0.982802
vt 0.862989 0.982616
vt 0.707095 0.576233
vt 0.709259 0.573392
vt 0.706548 0.576945
vt 0.349828 0.988426
vt 0.349697 0.984051
vt 0.350550 0.983681
vt 0.350524 0.987925
vt 0.349657 0.982953
vt 0.350550 0.982616
vt 0.705580 0.575468
vt 0.708238 0.572251
vt 0.704908 0.576275
vt 0.849777 0.451163
vt 0.847104 0.455068
vt 0.846435 0.456044
vt 0.850808 0.453146
vt 0.848810 0.455835
vt 0.848310 0.456507
vt 0.585986 0.473611
vt 0.585679 0.477177
vt 0.584137 0.477155
vt 0.584457 0.473434
vt 0.585596 0.478069
vt 0.584050 0.478087
vt 0.943128 0.476180
vt 0.943806 0.477832
vt 0.941668 0.478438
vt 0.940415 0.475384
vt 0.943974 0.478245
vt 0.941978 0.479202
vt 0.681581 0.474048
vt 0.680914 0.475329
vt 0.680747 0.475650
vt 0.985719 0.080013
vt 0.985719 0.081395
vt 0.985719 0.079668
vt 0.172096 0.958134
vt 0.171709 0.937126
vt 0.170428 0.957965
vt 0.170019 0.937169
vt 0.844802 0.456983
vt 0.846390 0.456509
vt 0.720289 0.397865
vt 0.708066 0.400929
vt 0.720283 0.399451
vt 0.708057 0.402952
vt 0.940047 0.103456
vt 0.942304 0.106740
vt 0.941199 0.480645
vt 0.942420 0.478572
vt 0.677817 0.478965
vt 0.677239 0.476557
vt 0.679493 0.476223
vt 0.679951 0.478125
vt 0.617640 0.479108
vt 0.587667 0.478567
vt 0.617989 0.481346
vt 0.587944 0.480459
vt 0.777138 0.481756
vt 0.777524 0.483357
vt 0.715560 0.482502
vt 0.715423 0.481756
vt 0.762350 0.395101
vt 0.762432 0.394227
vt 0.779256 0.394503
vt 0.779089 0.395372
vt 0.668506 0.477897
vt 0.669104 0.480406
vt 0.834653 0.448606
vt 0.828851 0.448327
vt 0.836106 0.453221
vt 0.829882 0.454951
vt 0.818509 0.448776
vt 0.819564 0.455392
vt 0.947356 0.521572
vt 0.937089 0.520921
vt 0.947389 0.521921
vt 0.937075 0.521112
vt 0.974200 0.644366
vt 0.974031 0.643680
vt 0.983394 0.643815
vt 0.983484 0.644366
vt 0.862530 0.983000
vt 0.708907 0.483459
vt 0.708590 0.482523
vt 0.706490 0.482410
vt 0.706894 0.483502
vt 0.705322 0.483945
vt 0.704908 0.482905
vt 0.973985 0.412130
vt 0.975230 0.412148
vt 0.975253 0.413350
vt 0.973985 0.413311
vt 0.848610 0.457220
vt 0.846844 0.457036
vt 0.849703 0.459826
vt 0.848332 0.460659
vt 0.585742 0.479026
vt 0.584203 0.479085
vt 0.586251 0.482526
vt 0.584734 0.482737
vt 0.680898 0.476044
vt 0.681449 0.477485
vt 0.951080 0.521946
vt 0.951029 0.522362
vt 0.094513 0.915416
vt 0.097383 0.888993
vt 0.089703 0.914879
vt 0.092484 0.891537
vt 0.854376 0.448406
vt 0.853579 0.450068
vt 0.542887 0.688243
vt 0.538261 0.686323
vt 0.540523 0.672765
vt 0.546411 0.675208
vt 0.954228 0.108475
vt 0.950164 0.109521
vt 0.941352 0.469565
vt 0.942519 0.471281
vt 0.890256 0.954402
vt 0.888565 0.956477
vt 0.887630 0.955032
vt 0.888968 0.953392
vt 0.888219 0.956902
vt 0.887357 0.955368
vt 0.728689 0.722635
vt 0.728595 0.723164
vt 0.705222 0.723375
vt 0.705285 0.722931
vt 0.728126 0.725750
vt 0.704908 0.725551
vt 0.163324 0.915518
vt 0.162024 0.915694
vt 0.158443 0.869326
vt 0.159019 0.869530
vt 0.155623 0.916513
vt 0.155623 0.868321
vt 0.536472 0.730292
vt 0.537673 0.749236
vt 0.539171 0.731257
vt 0.540226 0.748995
vt 0.768134 0.721901
vt 0.768082 0.722476
vt 0.767825 0.725285
vt 0.775636 0.722498
vt 0.775585 0.723051
vt 0.775335 0.725750
vt 0.093935 0.875892
vt 0.087917 0.883163
vt 0.089887 0.869782
vt 0.091414 0.868321
vt 0.084163 0.877082
vt 0.888778 0.946716
vt 0.888018 0.946167
vt 0.889724 0.937109
vt 0.890256 0.936966
vt 0.077542 0.982616
vt 0.078205 0.982832
vt 0.078148 0.991001
vt 0.077542 0.991028
vt 0.078341 0.982876
vt 0.078272 0.990995
vt 0.863370 0.983008
vt 0.980261 0.477354
vt 0.978415 0.474347
vt 0.978532 0.478862
vt 0.975587 0.474325
vt 0.977741 0.473698
vt 0.977415 0.472731
vt 0.974284 0.473221
vt 0.973985 0.471890
vt 0.713658 0.573800
vt 0.712913 0.573729
vt 0.712696 0.572820
vt 0.713603 0.572938
vt 0.538633 0.750744
vt 0.539014 0.752444
vt 0.542118 0.749993
vt 0.542490 0.751387
vt 0.854704 0.453102
vt 0.854042 0.453109
vt 0.854138 0.450936
vt 0.855031 0.450890
vt 0.943110 0.472215
vt 0.944585 0.474466
vt 0.886996 0.952058
vt 0.888172 0.951453
vt 0.521841 0.957604
vt 0.515137 0.952760
vt 0.515137 0.936966
vt 0.521974 0.942345
vt 0.523374 0.959241
vt 0.523374 0.943447
vt 0.803278 0.455241
vt 0.802993 0.453428
vt 0.804329 0.461859
vt 0.802989 0.451112
vt 0.803008 0.441838
vt 0.603161 0.908780
vt 0.599254 0.897860
vt 0.082360 0.936966
vt 0.093191 0.936966
vt 0.535026 0.957609
vt 0.535026 0.941814
vt 0.367584 0.948357
vt 0.367584 0.959752
vt 0.359732 0.951939
vt 0.375436 0.956171
vt 0.375436 0.944776
vt 0.359732 0.940543
vt 0.366015 0.937679
vt 0.367590 0.936966
vt 0.369276 0.938644
vt 0.359732 0.950001
vt 0.856122 0.648782
vt 0.830201 0.646730
vt 0.829429 0.638656
vt 0.856367 0.640693
vt 0.856425 0.610135
vt 0.831045 0.619472
vt 0.830771 0.611261
vt 0.853438 0.602478
vt 0.259088 0.914456
vt 0.252861 0.890984
vt 0.258149 0.891449
vt 0.263779 0.911167
vt 0.937075 0.731907
vt 0.937075 0.725530
vt 0.938759 0.726673
vt 0.938759 0.731462
vt 0.943837 0.736497
vt 0.943837 0.734909
vt 0.950600 0.734711
vt 0.948916 0.733567
vt 0.814747 0.681701
vt 0.818577 0.686383
vt 0.807796 0.689678
vt 0.802989 0.683733
vt 0.814765 0.674186
vt 0.803079 0.674186
vt 0.222417 0.904324
vt 0.229556 0.902173
vt 0.230872 0.912828
vt 0.221798 0.915595
vt 0.953777 0.269986
vt 0.946033 0.271990
vt 0.945555 0.268856
vt 0.949847 0.267750
vt 0.937075 0.269982
vt 0.940586 0.267750
vt 0.283218 0.683280
vt 0.286873 0.675557
vt 0.289800 0.678378
vt 0.287770 0.682651
vt 0.948532 0.344346
vt 0.953117 0.350712
vt 0.950406 0.350713
vt 0.947389 0.346524
vt 0.949680 0.357079
vt 0.948144 0.354903
vt 0.941659 0.357079
vt 0.942867 0.354903
vt 0.728311 0.985892
vt 0.728311 0.982616
vt 0.729934 0.983061
vt 0.729934 0.985651
vt 0.536250 0.180586
vt 0.536622 0.177320
vt 0.538937 0.177882
vt 0.538643 0.180464
vt 0.529648 0.351012
vt 0.529916 0.347820
vt 0.532188 0.348227
vt 0.531976 0.350750
vt 0.434297 0.428410
vt 0.466440 0.430714
vt 0.465106 0.432962
vt 0.432985 0.430107
vt 0.436849 0.173475
vt 0.470531 0.173027
vt 0.470153 0.176313
vt 0.436661 0.176252
vt 0.436697 0.350893
vt 0.468589 0.348988
vt 0.468318 0.352196
vt 0.436762 0.353635
vt 0.293134 0.687259
vt 0.292966 0.758588
vt 0.287762 0.755054
vt 0.290929 0.688018
vt 0.708540 0.627813
vt 0.776023 0.627813
vt 0.774319 0.635792
vt 0.709514 0.631349
vt 0.244654 0.785239
vt 0.246734 0.848618
vt 0.238692 0.848618
vt 0.241089 0.784612
vt 0.644014 0.956648
vt 0.644649 0.936966
vt 0.648148 0.937047
vt 0.647600 0.956484
vt 0.225796 0.868321
vt 0.221798 0.869499
vt 0.463574 0.958096
vt 0.463574 0.936966
vt 0.467667 0.937978
vt 0.467355 0.960142
vt 0.553484 0.910602
vt 0.553484 0.868321
vt 0.560518 0.869942
vt 0.557435 0.911448
vt 0.183267 0.846313
vt 0.189345 0.830222
vt 0.192265 0.832254
vt 0.186096 0.849304
vt 0.856188 0.677435
vt 0.853973 0.674803
vt 0.521094 0.347865
vt 0.520815 0.351190
vt 0.527151 0.176659
vt 0.526762 0.180062
vt 0.518903 0.433507
vt 0.517521 0.435836
vt 0.527585 0.433893
vt 0.526260 0.436129
vt 0.937075 0.841930
vt 0.944913 0.840409
vt 0.950127 0.846959
vt 0.938343 0.846959
vt 0.815087 0.620896
vt 0.818619 0.609446
vt 0.815803 0.650129
vt 0.813308 0.638656
vt 0.805484 0.655809
vt 0.802989 0.644336
vt 0.802989 0.613928
vt 0.806521 0.602478
vt 0.256087 0.885321
vt 0.248632 0.879423
vt 0.252527 0.868321
vt 0.259982 0.874219
vt 0.833189 0.947185
vt 0.824335 0.947185
vt 0.827516 0.936966
vt 0.830008 0.957404
vt 0.838862 0.957404
vt 0.536144 0.432247
vt 0.534734 0.431684
vt 0.543504 0.427415
vt 0.543828 0.427946
vt 0.547727 0.176003
vt 0.546488 0.174939
vt 0.553245 0.170284
vt 0.553650 0.171098
vt 0.541250 0.353436
vt 0.541936 0.351990
vt 0.548823 0.355904
vt 0.548564 0.356760
vt 0.559083 0.357174
vt 0.558963 0.357884
vt 0.564077 0.169139
vt 0.564165 0.169866
vt 0.554449 0.426386
vt 0.554375 0.426882
vt 0.787528 0.983334
vt 0.788104 0.983746
vt 0.787528 0.984053
vt 0.786952 0.983641
vt 0.786952 0.982923
vt 0.290970 0.681491
vt 0.288876 0.684531
vt 0.704908 0.628563
vt 0.707590 0.632323
vt 0.245682 0.783267
vt 0.241214 0.781901
vt 0.973985 0.604656
vt 0.974669 0.603354
vt 0.978542 0.602111
vt 0.977909 0.603075
vt 0.290110 0.679721
vt 0.287832 0.683761
vt 0.983650 0.604055
vt 0.982963 0.604656
vt 0.973985 0.662927
vt 0.974918 0.662126
vt 0.979253 0.663420
vt 0.979145 0.664153
vt 0.983225 0.560933
vt 0.983774 0.561664
vt 0.978698 0.563743
vt 0.978315 0.562821
vt 0.983058 0.662126
vt 0.983594 0.662740
vt 0.255942 0.988882
vt 0.254297 0.988572
vt 0.254297 0.982616
vt 0.255852 0.982806
vt 0.643045 0.959240
vt 0.648148 0.958929
vt 0.235089 0.982762
vt 0.236537 0.982616
vt 0.236537 0.988662
vt 0.234839 0.988929
vt 0.638669 0.955145
vt 0.640795 0.953896
vt 0.979836 0.394368
vt 0.979899 0.393206
vt 0.984138 0.392297
vt 0.984097 0.393775
vt 0.979551 0.391392
vt 0.982622 0.390413
vt 0.435250 0.169139
vt 0.436620 0.169518
vt 0.434797 0.172177
vt 0.433347 0.171915
vt 0.976940 0.517294
vt 0.978228 0.519809
vt 0.976630 0.522029
vt 0.973985 0.521398
vt 0.434449 0.177310
vt 0.432985 0.177271
vt 0.432985 0.349678
vt 0.434364 0.349625
vt 0.434485 0.354695
vt 0.433110 0.354968
vt 0.536411 0.349236
vt 0.535941 0.351148
vt 0.542234 0.177629
vt 0.542865 0.179518
vt 0.529274 0.433826
vt 0.531026 0.433349
vt 0.531367 0.434612
vt 0.528227 0.435593
vt 0.019083 0.894709
vt 0.020654 0.894758
vt 0.010304 0.912381
vt 0.008880 0.911802
vt 0.026936 0.894953
vt 0.016000 0.914697
vt 0.943837 0.723744
vt 0.945190 0.724662
vt 0.944853 0.726021
vt 0.943837 0.725332
vt 0.950600 0.728334
vt 0.948916 0.728779
vt 0.510977 0.685451
vt 0.509694 0.685843
vt 0.510592 0.673976
vt 0.512221 0.673469
vt 0.504563 0.687417
vt 0.504077 0.676009
vt 0.295756 0.672262
vt 0.296805 0.673155
vt 0.295308 0.677049
vt 0.294728 0.676556
vt 0.300998 0.676723
vt 0.297629 0.679018
vt 0.937075 0.350712
vt 0.937771 0.349439
vt 0.940306 0.349876
vt 0.939850 0.350713
vt 0.940511 0.344346
vt 0.942111 0.346524
vt 0.536469 0.230786
vt 0.536379 0.230156
vt 0.538527 0.229498
vt 0.538598 0.229996
vt 0.536021 0.227635
vt 0.538244 0.227506
vt 0.467993 0.235520
vt 0.468354 0.238056
vt 0.433862 0.239894
vt 0.433631 0.237806
vt 0.468446 0.238691
vt 0.433921 0.240418
vt 0.443275 0.754088
vt 0.437271 0.755442
vt 0.436426 0.681833
vt 0.439086 0.682631
vt 0.435760 0.755791
vt 0.435760 0.681634
vt 0.505978 0.728606
vt 0.508863 0.727764
vt 0.509408 0.748427
vt 0.506746 0.750160
vt 0.509584 0.727553
vt 0.510073 0.747994
vt 0.526311 0.228688
vt 0.526685 0.231315
vt 0.526779 0.231972
vt 0.019927 0.888624
vt 0.028570 0.885707
vt 0.017766 0.889353
vt 0.011041 0.875698
vt 0.019684 0.872782
vt 0.008880 0.876427
vt 0.836370 0.936966
vt 0.840908 0.945141
vt 0.842043 0.947185
vt 0.543018 0.232317
vt 0.543245 0.232140
vt 0.550360 0.238987
vt 0.550284 0.239142
vt 0.544154 0.231432
vt 0.550662 0.238367
vt 0.561627 0.240277
vt 0.561612 0.240418
vt 0.561687 0.239712
vt 0.787528 0.982616
vt 0.787644 0.982698
vt 0.788104 0.983028
vt 0.439244 0.676070
vt 0.441841 0.678158
vt 0.438595 0.675548
vt 0.442757 0.676850
vt 0.439909 0.674157
vt 0.440769 0.672959
vt 0.443328 0.675745
vt 0.439197 0.673484
vt 0.440130 0.672262
vt 0.507275 0.752021
vt 0.510883 0.749332
vt 0.511327 0.750436
vt 0.507748 0.753354
vt 0.511785 0.748660
vt 0.512221 0.749706
vt 0.978989 0.782703
vt 0.975121 0.782359
vt 0.974999 0.780895
vt 0.979035 0.781254
vt 0.974149 0.782276
vt 0.973985 0.780808
vt 0.981982 0.522029
vt 0.981119 0.520254
vt 0.982283 0.518117
vt 0.983879 0.521397
vt 0.980904 0.519809
vt 0.981887 0.517294
vt 0.540739 0.228220
vt 0.540271 0.229674
vt 0.540155 0.230037
vt 0.264491 0.890959
vt 0.269995 0.909887
vt 0.266228 0.890824
vt 0.271698 0.909537
vt 0.942383 0.724128
vt 0.942746 0.725620
vt 0.189021 0.793284
vt 0.183157 0.794291
vt 0.181117 0.783175
vt 0.188576 0.781900
vt 0.181551 0.794566
vt 0.179075 0.783523
vt 0.293845 0.672969
vt 0.293668 0.676947
vt 0.938070 0.352081
vt 0.940503 0.351614
vt 0.527447 0.431386
vt 0.529165 0.431844
vt 0.527409 0.430699
vt 0.529135 0.431301
vt 0.466262 0.427505
vt 0.466299 0.428196
vt 0.434409 0.426263
vt 0.434442 0.425674
vt 0.300998 0.758516
vt 0.299266 0.758521
vt 0.295924 0.686741
vt 0.296689 0.686600
vt 0.185165 0.830948
vt 0.186064 0.830791
vt 0.179976 0.846722
vt 0.179075 0.846833
vt 0.518719 0.430180
vt 0.518758 0.430895
vt 0.265284 0.885703
vt 0.267803 0.885808
vt 0.269179 0.874601
vt 0.271698 0.874706
vt 0.841359 0.949382
vt 0.534227 0.430537
vt 0.543320 0.426738
vt 0.534088 0.430222
vt 0.543270 0.426553
vt 0.554371 0.425827
vt 0.554350 0.425674
vt 0.787405 0.982682
vt 0.294461 0.680381
vt 0.295417 0.680078
vt 0.295289 0.677934
vt 0.294175 0.678317
vt 0.974141 0.391704
vt 0.975379 0.392027
vt 0.975243 0.393097
vt 0.973985 0.392748
vt 0.975444 0.390413
vt 0.976327 0.390624
vt 0.530537 0.982925
vt 0.530532 0.984015
vt 0.529350 0.983754
vt 0.529355 0.982616
vt 0.530537 0.987990
vt 0.529355 0.987902
vt 0.980328 0.519810
vt 0.980821 0.517297
vt 0.530611 0.431427
vt 0.530700 0.431840
vt 0.020996 0.919007
vt 0.020147 0.918275
vt 0.031914 0.895524
vt 0.032933 0.895640
vt 0.950600 0.733627
vt 0.948916 0.732753
vt 0.498957 0.686545
vt 0.496970 0.674962
vt 0.497810 0.686369
vt 0.495516 0.674751
vt 0.499900 0.672379
vt 0.503841 0.672959
vt 0.499094 0.672262
vt 0.947177 0.344346
vt 0.946495 0.346524
vt 0.530899 0.353274
vt 0.529860 0.351396
vt 0.532144 0.351054
vt 0.532965 0.352538
vt 0.467408 0.233259
vt 0.467506 0.233642
vt 0.433094 0.236116
vt 0.432985 0.235771
vt 0.448993 0.751539
vt 0.448027 0.751965
vt 0.441172 0.683676
vt 0.441599 0.683890
vt 0.502167 0.727937
vt 0.502815 0.728050
vt 0.503824 0.750737
vt 0.503225 0.750855
vt 0.525707 0.226346
vt 0.525809 0.226743
vt 0.535442 0.225387
vt 0.535540 0.225769
vt 0.830429 0.647597
vt 0.817002 0.651200
vt 0.831538 0.651828
vt 0.822859 0.656427
vt 0.036428 0.881247
vt 0.035092 0.882005
vt 0.026206 0.869080
vt 0.027542 0.868321
vt 0.829021 0.936966
vt 0.545452 0.231289
vt 0.551099 0.237962
vt 0.545718 0.231260
vt 0.551188 0.237879
vt 0.561777 0.239293
vt 0.561795 0.239207
vt 0.788104 0.983624
vt 0.443317 0.681002
vt 0.443619 0.681584
vt 0.977956 0.563479
vt 0.977579 0.562501
vt 0.974335 0.562191
vt 0.973985 0.560933
vt 0.444205 0.680528
vt 0.444502 0.681281
vt 0.502557 0.753428
vt 0.503359 0.753189
vt 0.503897 0.754796
vt 0.503108 0.755092
vt 0.982912 0.782276
vt 0.982249 0.782347
vt 0.982437 0.780882
vt 0.983130 0.780808
vt 0.436975 0.353928
vt 0.434876 0.355236
vt 0.438018 0.355360
vt 0.436807 0.357884
vt 0.535876 0.351359
vt 0.535560 0.352392
vt 0.541417 0.227200
vt 0.541556 0.226991
vt 0.485480 0.579258
vt 0.485377 0.604462
vt 0.465011 0.604157
vt 0.270261 0.253896
vt 0.305348 0.250135
vt 0.312679 0.282066
vt 0.286286 0.285452
vt 0.324443 0.305786
vt 0.310458 0.307623
vt 0.453309 0.031106
vt 0.463971 0.014152
vt 0.478617 0.035261
vt 0.484638 0.008880
vt 0.353955 0.284248
vt 0.346179 0.307062
vt 0.360871 0.250438
vt 0.129771 0.824232
vt 0.110440 0.824653
vt 0.118400 0.803719
vt 0.111585 0.842396
vt 0.403461 0.263288
vt 0.385881 0.291880
vt 0.362868 0.310938
vt 0.503060 0.018185
vt 0.508402 0.036790
vt 0.527674 0.011228
vt 0.537991 0.045868
vt 0.549230 0.008880
vt 0.563336 0.054736
vt 0.099108 0.508534
vt 0.078224 0.488400
vt 0.097987 0.483985
vt 0.064517 0.503203
vt 0.537533 0.096855
vt 0.517906 0.078050
vt 0.497535 0.053747
vt 0.477090 0.059102
vt 0.479220 0.088337
vt 0.370854 0.177849
vt 0.315719 0.178627
vt 0.322333 0.146331
vt 0.363510 0.147368
vt 0.450691 0.567266
vt 0.464526 0.552509
vt 0.450844 0.588546
vt 0.272231 0.179225
vt 0.290090 0.148393
vt 0.443986 0.070423
vt 0.458808 0.049752
vt 0.432985 0.035036
vt 0.339845 0.564903
vt 0.290496 0.564888
vt 0.291834 0.539462
vt 0.329515 0.537076
vt 0.111123 0.796618
vt 0.123121 0.781901
vt 0.129771 0.792118
vt 0.101412 0.822230
vt 0.102813 0.843788
vt 0.068516 0.479076
vt 0.093172 0.475129
vt 0.051723 0.495683
vt 0.064401 0.519316
vt 0.051622 0.514719
vt 0.438951 0.592459
vt 0.438878 0.566780
vt 0.915538 0.360790
vt 0.904115 0.359633
vt 0.902904 0.334524
vt 0.915962 0.339705
vt 0.631882 0.145905
vt 0.631079 0.149769
vt 0.584050 0.130740
vt 0.586872 0.127597
vt 0.685110 0.127597
vt 0.686880 0.130787
vt 0.515810 0.304911
vt 0.516213 0.301000
vt 0.559590 0.327279
vt 0.557072 0.330060
vt 0.465477 0.304882
vt 0.463606 0.300776
vt 0.436210 0.330060
vt 0.432984 0.326926
vt 0.315302 0.200269
vt 0.314371 0.196805
vt 0.373127 0.195322
vt 0.371540 0.198763
vt 0.270900 0.200167
vt 0.267997 0.196789
vt 0.289889 0.584187
vt 0.288810 0.580565
vt 0.341189 0.581547
vt 0.339989 0.585323
vt 0.305339 0.042326
vt 0.306158 0.044022
vt 0.269275 0.048788
vt 0.267634 0.047121
vt 0.307556 0.058246
vt 0.272182 0.063747
vt 0.365267 0.040182
vt 0.364788 0.041587
vt 0.363859 0.053915
vt 0.413368 0.048227
vt 0.411790 0.049792
vt 0.408266 0.063747
vt 0.030716 0.344367
vt 0.032163 0.342768
vt 0.080932 0.357648
vt 0.080578 0.359543
vt 0.464872 0.315085
vt 0.517015 0.314558
vt 0.008880 0.295210
vt 0.010842 0.294719
vt 0.373274 0.213928
vt 0.406725 0.201056
vt 0.410227 0.215783
vt 0.029102 0.241090
vt 0.030619 0.241799
vt 0.314240 0.215783
vt 0.080564 0.212627
vt 0.080932 0.213971
vt 0.267634 0.215401
vt 0.287714 0.599334
vt 0.288331 0.598094
vt 0.341022 0.599825
vt 0.341631 0.601123
vt 0.465675 0.391618
vt 0.463907 0.404061
vt 0.432985 0.405523
vt 0.435327 0.390535
vt 0.257598 0.433611
vt 0.251509 0.432802
vt 0.267188 0.389936
vt 0.272524 0.393984
vt 0.515058 0.397513
vt 0.514654 0.407914
vt 0.272173 0.480410
vt 0.267926 0.483233
vt 0.554086 0.391618
vt 0.555432 0.404061
vt 0.312118 0.507505
vt 0.310535 0.512804
vt 0.042730 0.433300
vt 0.043258 0.419959
vt 0.085251 0.428346
vt 0.085143 0.439161
vt 0.042476 0.413479
vt 0.087724 0.423277
vt 0.127221 0.312424
vt 0.143884 0.313690
vt 0.144328 0.345179
vt 0.129339 0.342955
vt 0.012438 0.437057
vt 0.008880 0.431574
vt 0.125431 0.263302
vt 0.142411 0.262733
vt 0.146859 0.261370
vt 0.148240 0.316588
vt 0.127221 0.224323
vt 0.143884 0.222323
vt 0.915245 0.551930
vt 0.915188 0.557141
vt 0.878423 0.557141
vt 0.881335 0.551715
vt 0.777184 0.146591
vt 0.781318 0.161196
vt 0.737954 0.170106
vt 0.734612 0.153665
vt 0.310026 0.378746
vt 0.312118 0.383856
vt 0.580839 0.911173
vt 0.578278 0.910954
vt 0.578278 0.868321
vt 0.581494 0.869357
vt 0.514940 0.394695
vt 0.467037 0.388463
vt 0.552648 0.388463
vt 0.043573 0.437812
vt 0.085193 0.442564
vt 0.014099 0.455763
vt 0.012480 0.451208
vt 0.120398 0.264002
vt 0.122360 0.311527
vt 0.122360 0.226289
vt 0.775964 0.142271
vt 0.734466 0.148438
vt 0.304946 0.233543
vt 0.304982 0.235870
vt 0.267977 0.239042
vt 0.267634 0.236621
vt 0.364062 0.233543
vt 0.363647 0.235773
vt 0.409411 0.247548
vt 0.408582 0.249758
vt 0.463752 0.299175
vt 0.515915 0.299496
vt 0.464859 0.289373
vt 0.514271 0.290283
vt 0.372817 0.192875
vt 0.409287 0.195581
vt 0.409901 0.197926
vt 0.405449 0.181219
vt 0.314557 0.194262
vt 0.268575 0.194329
vt 0.289062 0.578362
vt 0.341007 0.579214
vt 0.308482 0.008880
vt 0.308155 0.011436
vt 0.274359 0.012475
vt 0.274951 0.009505
vt 0.259983 0.641602
vt 0.251286 0.610348
vt 0.291046 0.634833
vt 0.363022 0.015251
vt 0.363050 0.017314
vt 0.407426 0.014284
vt 0.407838 0.016881
vt 0.042901 0.410718
vt 0.088398 0.420928
vt 0.047612 0.378746
vt 0.099108 0.392458
vt 0.151451 0.316957
vt 0.151151 0.351411
vt 0.148155 0.350772
vt 0.188501 0.320680
vt 0.186095 0.358450
vt 0.150117 0.261310
vt 0.187426 0.260282
vt 0.148240 0.217636
vt 0.151451 0.217246
vt 0.188501 0.212627
vt 0.291370 0.637881
vt 0.339517 0.638371
vt 0.339424 0.641602
vt 0.817087 0.315878
vt 0.825825 0.320990
vt 0.820392 0.332581
vt 0.803959 0.323253
vt 0.771371 0.346546
vt 0.778057 0.368874
vt 0.748510 0.368874
vt 0.743651 0.343053
vt 0.238019 0.721935
vt 0.215279 0.728956
vt 0.214757 0.709354
vt 0.235146 0.702129
vt 0.211474 0.682973
vt 0.225434 0.676892
vt 0.205683 0.676603
vt 0.213995 0.672459
vt 0.714986 0.023916
vt 0.720268 0.013641
vt 0.728403 0.020662
vt 0.730676 0.008880
vt 0.191630 0.681948
vt 0.194230 0.676203
vt 0.185402 0.707719
vt 0.182531 0.727701
vt 0.211410 0.756433
vt 0.180843 0.756433
vt 0.837541 0.319929
vt 0.842673 0.330089
vt 0.845280 0.313695
vt 0.857484 0.318674
vt 0.008880 0.783130
vt 0.035522 0.788354
vt 0.040606 0.816269
vt 0.011736 0.812665
vt 0.159406 0.716224
vt 0.165327 0.698102
vt 0.177491 0.675240
vt 0.186399 0.672262
vt 0.740287 0.012926
vt 0.743251 0.023000
vt 0.749221 0.010966
vt 0.754683 0.027260
vt 0.043544 0.831663
vt 0.071312 0.824879
vt 0.065866 0.845601
vt 0.046897 0.849007
vt 0.071377 0.807974
vt 0.063246 0.783408
vt 0.834053 0.284665
vt 0.822927 0.285442
vt 0.813659 0.275970
vt 0.834443 0.274699
vt 0.817292 0.289852
vt 0.802989 0.284288
vt 0.624958 0.748522
vt 0.630739 0.728633
vt 0.660519 0.729145
vt 0.652345 0.750469
vt 0.782956 0.044724
vt 0.769260 0.072383
vt 0.760362 0.062748
vt 0.772730 0.037887
vt 0.746253 0.043268
vt 0.737958 0.034649
vt 0.727649 0.040882
vt 0.728476 0.051674
vt 0.733252 0.072383
vt 0.667953 0.697575
vt 0.682496 0.698611
vt 0.679070 0.727212
vt 0.652801 0.698238
vt 0.757717 0.692355
vt 0.747659 0.697820
vt 0.734953 0.685623
vt 0.758368 0.681246
vt 0.740870 0.704141
vt 0.726156 0.703781
vt 0.624732 0.675074
vt 0.654149 0.672262
vt 0.673458 0.676754
vt 0.709000 0.064437
vt 0.711098 0.044454
vt 0.717854 0.035321
vt 0.704908 0.028887
vt 0.727706 0.312784
vt 0.725696 0.340890
vt 0.704908 0.339078
vt 0.706481 0.320829
vt 0.747100 0.312178
vt 0.776362 0.318142
vt 0.816568 0.307612
vt 0.802989 0.307612
vt 0.814735 0.077558
vt 0.814719 0.087808
vt 0.809522 0.091756
vt 0.809558 0.076474
vt 0.822953 0.094626
vt 0.821645 0.102052
vt 0.834230 0.095037
vt 0.838443 0.102468
vt 0.842478 0.087840
vt 0.850648 0.091706
vt 0.842805 0.077526
vt 0.850872 0.076474
vt 0.819491 0.184099
vt 0.817028 0.175125
vt 0.825396 0.172683
vt 0.829320 0.185856
vt 0.809963 0.165712
vt 0.815214 0.158635
vt 0.802989 0.161093
vt 0.805610 0.151448
vt 0.813470 0.135477
vt 0.826282 0.145893
vt 0.839732 0.165876
vt 0.845840 0.183634
vt 0.341656 0.839550
vt 0.325672 0.842501
vt 0.324489 0.832568
vt 0.346775 0.827712
vt 0.860203 0.101978
vt 0.843167 0.117474
vt 0.819499 0.117718
vt 0.802989 0.102586
vt 0.380579 0.783541
vt 0.396820 0.781901
vt 0.404436 0.794300
vt 0.381423 0.796310
vt 0.404436 0.810210
vt 0.381830 0.811818
vt 0.802989 0.012131
vt 0.821473 0.008880
vt 0.820911 0.025021
vt 0.802989 0.028034
vt 0.845318 0.011204
vt 0.844093 0.027138
vt 0.860663 0.017618
vt 0.859125 0.033057
vt 0.321322 0.819497
vt 0.343055 0.814331
vt 0.852172 0.158107
vt 0.858261 0.175286
vt 0.839239 0.138578
vt 0.364535 0.802312
vt 0.365205 0.817265
vt 0.382296 0.823436
vt 0.368113 0.827855
vt 0.848624 0.135477
vt 0.859665 0.152344
vt 0.301466 0.815995
vt 0.301897 0.806047
vt 0.318930 0.809021
vt 0.337488 0.804416
vt 0.854939 0.044035
vt 0.842033 0.039252
vt 0.822079 0.037588
vt 0.806602 0.040028
vt 0.401587 0.822345
vt 0.397266 0.836946
vt 0.385549 0.837319
vt 0.824617 0.052487
vt 0.815134 0.053846
vt 0.836825 0.053373
vt 0.346775 0.794990
vt 0.328753 0.791352
vt 0.334303 0.785382
vt 0.317517 0.794384
vt 0.307162 0.792645
vt 0.824909 0.902784
vt 0.824807 0.882701
vt 0.838397 0.887662
vt 0.838431 0.899918
vt 0.835530 0.868321
vt 0.845067 0.878927
vt 0.849196 0.883609
vt 0.844545 0.889694
vt 0.844562 0.898246
vt 0.845060 0.908508
vt 0.849196 0.904248
vt 0.317481 0.788236
vt 0.325296 0.786104
vt 0.329142 0.781901
vt 0.834243 0.058385
vt 0.825714 0.057802
vt 0.819085 0.058714
vt 0.395739 0.842267
vt 0.387577 0.842471
vt 0.605946 0.797942
vt 0.598110 0.797965
vt 0.595370 0.787899
vt 0.611563 0.787753
vt 0.592664 0.803925
vt 0.584083 0.800306
vt 0.592712 0.812327
vt 0.584137 0.817755
vt 0.598278 0.818318
vt 0.595595 0.830185
vt 0.606077 0.818326
vt 0.611738 0.830144
vt 0.611545 0.812325
vt 0.623091 0.817609
vt 0.611512 0.803879
vt 0.623069 0.800032
vt 0.493923 0.802035
vt 0.491203 0.790500
vt 0.502383 0.781901
vt 0.505812 0.797895
vt 0.493924 0.819933
vt 0.505659 0.822857
vt 0.491203 0.833659
vt 0.502012 0.842085
vt 0.612221 0.840515
vt 0.589918 0.840778
vt 0.574148 0.823578
vt 0.574148 0.799290
vt 0.589827 0.781901
vt 0.733409 0.888475
vt 0.733409 0.871620
vt 0.741926 0.868543
vt 0.741609 0.891779
vt 0.751507 0.868321
vt 0.750853 0.891605
vt 0.471372 0.782953
vt 0.473443 0.802292
vt 0.463689 0.801482
vt 0.461746 0.781901
vt 0.471371 0.826953
vt 0.461746 0.826410
vt 0.466360 0.842731
vt 0.457044 0.842329
vt 0.715649 0.886864
vt 0.709606 0.909154
vt 0.702166 0.906280
vt 0.708013 0.883855
vt 0.514578 0.822887
vt 0.511038 0.842378
vt 0.514883 0.797666
vt 0.745534 0.908756
vt 0.754493 0.908555
vt 0.851439 0.384420
vt 0.857116 0.405794
vt 0.843946 0.406807
vt 0.840123 0.392134
vt 0.831470 0.369313
vt 0.826468 0.381782
vt 0.809042 0.369256
vt 0.811066 0.381742
vt 0.691149 0.899594
vt 0.695002 0.884228
vt 0.702651 0.868321
vt 0.691149 0.873599
vt 0.451950 0.820533
vt 0.453193 0.803435
vt 0.451950 0.789993
vt 0.762100 0.871294
vt 0.761430 0.887162
vt 0.820755 0.404165
vt 0.802989 0.392158
vt 0.806956 0.406868
vt 0.820498 0.417173
vt 0.835762 0.417173
vt 0.852309 0.479618
vt 0.854344 0.491810
vt 0.834022 0.496926
vt 0.835819 0.482661
vt 0.844322 0.339509
vt 0.817511 0.343077
vt 0.833584 0.262396
vt 0.856038 0.270985
vt 0.853120 0.281235
vt 0.808245 0.262647
vt 0.753139 0.667777
vt 0.771426 0.664291
vt 0.773531 0.678720
vt 0.722610 0.668713
vt 0.714216 0.695006
vt 0.808469 0.492596
vt 0.815220 0.479618
vt 0.856646 0.501024
vt 0.832811 0.507331
vt 0.846036 0.347300
vt 0.815304 0.351497
vt 0.833273 0.252899
vt 0.859085 0.262976
vt 0.803820 0.252899
vt 0.749421 0.657744
vt 0.770476 0.653552
vt 0.712415 0.653552
vt 0.704908 0.688883
vt 0.802989 0.502041
vt 0.725921 0.453425
vt 0.726487 0.454918
vt 0.706497 0.463997
vt 0.704908 0.462838
vt 0.826792 0.792964
vt 0.826545 0.794544
vt 0.802989 0.786566
vt 0.803635 0.784943
vt 0.756898 0.451826
vt 0.756173 0.453379
vt 0.855417 0.784943
vt 0.855929 0.786103
vt 0.779467 0.462871
vt 0.777953 0.463997
vt 0.035316 0.786848
vt 0.009293 0.781901
vt 0.778453 0.248026
vt 0.777076 0.246650
vt 0.777662 0.221896
vt 0.779291 0.221619
vt 0.062677 0.781901
vt 0.756718 0.268959
vt 0.756456 0.266298
vt 0.629771 0.727684
vt 0.623949 0.747173
vt 0.723228 0.260803
vt 0.723926 0.258835
vt 0.650984 0.698150
vt 0.704908 0.250562
vt 0.706636 0.248608
vt 0.623949 0.675772
vt 0.705123 0.221985
vt 0.706589 0.221619
vt 0.772802 0.345790
vt 0.777622 0.317658
vt 0.625324 0.319099
vt 0.610694 0.320869
vt 0.601591 0.312966
vt 0.611844 0.008880
vt 0.622127 0.016924
vt 0.599546 0.032648
vt 0.588090 0.015020
vt 0.721322 0.790609
vt 0.747196 0.802494
vt 0.748989 0.821204
vt 0.718968 0.800227
vt 0.730949 0.837245
vt 0.699333 0.839562
vt 0.408560 0.959721
vt 0.393196 0.955853
vt 0.393196 0.936966
vt 0.403386 0.939259
vt 0.463859 0.868321
vt 0.463859 0.890686
vt 0.448679 0.887344
vt 0.449948 0.875468
vt 0.592895 0.050130
vt 0.635107 0.048976
vt 0.633208 0.071587
vt 0.584050 0.064140
vt 0.327448 0.908084
vt 0.327448 0.868321
vt 0.344733 0.869727
vt 0.344951 0.914155
vt 0.636984 0.025278
vt 0.635192 0.031535
vt 0.974471 0.038905
vt 0.973985 0.028296
vt 0.985520 0.028296
vt 0.634515 0.015777
vt 0.651065 0.016904
vt 0.680152 0.032678
vt 0.686638 0.050176
vt 0.683236 0.064182
vt 0.461652 0.912295
vt 0.448809 0.898173
vt 0.896795 0.785406
vt 0.878423 0.782387
vt 0.893524 0.774765
vt 0.907569 0.774765
vt 0.106246 0.564628
vt 0.137740 0.544241
vt 0.142382 0.590255
vt 0.118367 0.583619
vt 0.105980 0.547172
vt 0.129997 0.537076
vt 0.656591 0.008880
vt 0.676799 0.015092
vt 0.639090 0.314469
vt 0.644270 0.326186
vt 0.654646 0.307946
vt 0.668574 0.326186
vt 0.660453 0.296232
vt 0.680836 0.325134
vt 0.072066 0.730967
vt 0.097921 0.716120
vt 0.094578 0.717276
vt 0.089868 0.727503
vt 0.640635 0.270591
vt 0.648568 0.260973
vt 0.681204 0.268974
vt 0.630123 0.291320
vt 0.627325 0.304677
vt 0.611658 0.305994
vt 0.600679 0.291154
vt 0.605066 0.278965
vt 0.041295 0.696790
vt 0.046646 0.672262
vt 0.077988 0.676418
vt 0.055624 0.700712
vt 0.130400 0.911336
vt 0.127823 0.881910
vt 0.132179 0.896453
vt 0.137863 0.905698
vt 0.705697 0.781901
vt 0.695701 0.790715
vt 0.584050 0.299796
vt 0.018554 0.726821
vt 0.019318 0.749532
vt 0.013599 0.752273
vt 0.013380 0.728172
vt 0.008880 0.752411
vt 0.009147 0.727528
vt 0.477756 0.716174
vt 0.472197 0.740971
vt 0.466752 0.740815
vt 0.473007 0.716324
vt 0.901727 0.919124
vt 0.878423 0.919124
vt 0.881352 0.913505
vt 0.903728 0.914323
vt 0.640423 0.175133
vt 0.669870 0.170776
vt 0.667948 0.176596
vt 0.639575 0.180342
vt 0.633988 0.641248
vt 0.661319 0.634727
vt 0.661480 0.640163
vt 0.633818 0.645993
vt 0.587595 0.638282
vt 0.584050 0.634727
vt 0.587044 0.180438
vt 0.584050 0.176235
vt 0.641131 0.172112
vt 0.584975 0.172895
vt 0.466752 0.672262
vt 0.470301 0.674978
vt 0.013100 0.678537
vt 0.016818 0.682157
vt 0.022038 0.680827
vt 0.017528 0.679820
vt 0.020693 0.679013
vt 0.015271 0.677626
vt 0.014597 0.673591
vt 0.016179 0.674625
vt 0.019815 0.672262
vt 0.019343 0.673818
vt 0.023535 0.675879
vt 0.021601 0.676012
vt 0.560494 0.539198
vt 0.562472 0.537777
vt 0.565801 0.542708
vt 0.559928 0.548819
vt 0.557383 0.538847
vt 0.550691 0.549140
vt 0.556250 0.537076
vt 0.547330 0.543361
vt 0.855646 0.574069
vt 0.856434 0.576663
vt 0.849328 0.584718
vt 0.848749 0.577257
vt 0.856697 0.571262
vt 0.853153 0.569103
vt 0.585504 0.108298
vt 0.584050 0.105533
vt 0.585820 0.101822
vt 0.590694 0.109837
vt 0.608413 0.095642
vt 0.611945 0.101425
vt 0.831746 0.574991
vt 0.834942 0.569103
vt 0.584050 0.236082
vt 0.587756 0.229589
vt 0.609726 0.236028
vt 0.607066 0.240680
vt 0.592241 0.221344
vt 0.612971 0.230085
vt 0.558588 0.567189
vt 0.551906 0.567383
vt 0.600514 0.958641
vt 0.591534 0.959483
vt 0.594018 0.937603
vt 0.600514 0.936966
vt 0.614869 0.105940
vt 0.653004 0.093185
vt 0.653801 0.097392
vt 0.556922 0.604667
vt 0.552145 0.605072
vt 0.652361 0.234995
vt 0.651319 0.238936
vt 0.650691 0.243213
vt 0.802989 0.575815
vt 0.804344 0.571118
vt 0.651744 0.089346
vt 0.686228 0.104630
vt 0.687148 0.107300
vt 0.879517 0.497772
vt 0.878423 0.492997
vt 0.910412 0.494353
vt 0.912233 0.497741
vt 0.682905 0.224286
vt 0.683485 0.226852
vt 0.683799 0.221344
vt 0.565801 0.638330
vt 0.562332 0.637582
vt 0.686735 0.109837
vt 0.913462 0.494609
vt 0.915046 0.497772
vt 0.911637 0.491194
vt 0.914780 0.491537
vt 0.916239 0.494634
vt 0.103154 0.690554
vt 0.101715 0.692850
vt 0.093045 0.694353
vt 0.092596 0.693123
vt 0.107096 0.706428
vt 0.104833 0.704151
vt 0.100586 0.707746
vt 0.100526 0.705213
vt 0.129621 0.881619
vt 0.132041 0.892916
vt 0.072906 0.731475
vt 0.075190 0.741743
vt 0.073327 0.745534
vt 0.087238 0.729707
vt 0.091602 0.734989
vt 0.088223 0.734767
vt 0.077945 0.733084
vt 0.078964 0.738058
vt 0.085087 0.732168
vt 0.085599 0.734685
vt 0.983637 0.622416
vt 0.982636 0.625075
vt 0.977369 0.625050
vt 0.973985 0.622416
vt 0.951643 0.704636
vt 0.950410 0.705824
vt 0.942116 0.705984
vt 0.937075 0.704636
vt 0.101293 0.702802
vt 0.103753 0.702223
vt 0.097072 0.696585
vt 0.973985 0.498484
vt 0.974666 0.496622
vt 0.976813 0.497251
vt 0.977466 0.499534
vt 0.097950 0.990894
vt 0.096100 0.988531
vt 0.096118 0.983377
vt 0.097950 0.982616
vt 0.750303 0.982616
vt 0.750171 0.985494
vt 0.748501 0.985505
vt 0.747694 0.982616
vt 0.980897 0.496622
vt 0.983986 0.498472
vt 0.688889 0.982616
vt 0.691840 0.982867
vt 0.691840 0.987148
vt 0.690240 0.987031
vt 0.669119 0.982616
vt 0.671129 0.983818
vt 0.671122 0.987199
vt 0.669119 0.987442
vt 0.157203 0.989605
vt 0.155368 0.987856
vt 0.155366 0.982943
vt 0.157203 0.982616
vt 0.137606 0.984978
vt 0.135443 0.986403
vt 0.135120 0.984693
vt 0.137139 0.982616
vt 0.137137 0.989884
vt 0.135120 0.989881
vt 0.628500 0.982616
vt 0.632049 0.982616
vt 0.631786 0.987692
vt 0.629923 0.987726
vt 0.676203 0.635221
vt 0.676312 0.639113
vt 0.683621 0.176271
vt 0.682253 0.180438
vt 0.671976 0.167529
vt 0.685118 0.173946
vt 0.471041 0.755772
vt 0.467143 0.755666
vt 0.019441 0.764047
vt 0.016065 0.764141
vt 0.023535 0.762098
vt 0.031902 0.986708
vt 0.035447 0.987967
vt 0.031906 0.990797
vt 0.035447 0.983877
vt 0.031904 0.982616
vt 0.028363 0.985442
vt 0.028366 0.989533
vt 0.424948 0.843536
vt 0.422196 0.837806
vt 0.430078 0.812492
vt 0.434190 0.813815
vt 0.695701 0.836311
vt 0.712643 0.801230
vt 0.937075 0.049603
vt 0.937715 0.045567
vt 0.953763 0.045673
vt 0.956225 0.049603
vt 0.422196 0.783906
vt 0.425359 0.781901
vt 0.664359 0.294147
vt 0.681565 0.318704
vt 0.919315 0.044598
vt 0.916270 0.047110
vt 0.879689 0.047061
vt 0.878423 0.044598
vt 0.044941 0.758920
vt 0.041295 0.755916
vt 0.044022 0.732614
vt 0.048096 0.731519
vt 0.141498 0.546565
vt 0.145283 0.587486
vt 0.008880 0.936966
vt 0.023873 0.942850
vt 0.024244 0.953577
vt 0.008880 0.964856
vt 0.917793 0.210342
vt 0.914098 0.215112
vt 0.892636 0.216828
vt 0.878423 0.210342
vt 0.430919 0.881169
vt 0.421141 0.885797
vt 0.414901 0.878387
vt 0.409279 0.868321
vt 0.428158 0.913540
vt 0.418762 0.903488
vt 0.409279 0.894913
vt 0.878423 0.258863
vt 0.889033 0.259957
vt 0.891167 0.269931
vt 0.878776 0.280056
vt 0.822441 0.718476
vt 0.822629 0.708797
vt 0.840457 0.707438
vt 0.856149 0.718476
vt 0.802989 0.709578
vt 0.813858 0.708316
vt 0.912286 0.269985
vt 0.916649 0.280056
vt 0.910075 0.261540
vt 0.878423 0.388924
vt 0.885491 0.378550
vt 0.890105 0.383134
vt 0.886759 0.393590
vt 0.114697 0.619045
vt 0.135441 0.614725
vt 0.133633 0.631139
vt 0.121747 0.631168
vt 0.126000 0.650497
vt 0.107017 0.647036
vt 0.124784 0.650428
vt 0.105980 0.651561
vt 0.910156 0.380668
vt 0.904180 0.403419
vt 0.916317 0.381552
vt 0.903945 0.403238
vt 0.134394 0.606276
vt 0.113006 0.607736
vt 0.907318 0.863718
vt 0.906700 0.865766
vt 0.895622 0.862504
vt 0.897157 0.861232
vt 0.133843 0.601827
vt 0.132091 0.604278
vt 0.113399 0.604586
vt 0.112125 0.601771
vt 0.089031 0.746304
vt 0.087381 0.747375
vt 0.078998 0.749692
vt 0.984911 0.008880
vt 0.986045 0.010537
vt 0.973985 0.010537
vt 0.974634 0.009359
vt 0.481343 0.610658
vt 0.476729 0.622719
vt 0.442530 0.625162
vt 0.456139 0.610817
vt 0.477130 0.627819
vt 0.439089 0.631046
vt 0.089137 0.820031
vt 0.101796 0.784409
vt 0.501689 0.597243
vt 0.505030 0.599204
vt 0.090295 0.849691
vt 0.500335 0.560540
vt 0.503573 0.558170
vt 0.053603 0.461569
vt 0.087584 0.460830
vt 0.049915 0.455918
vt 0.087821 0.456080
vt 0.030000 0.479242
vt 0.023505 0.474677
vt 0.884806 0.533955
vt 0.878423 0.515532
vt 0.915125 0.515532
vt 0.911161 0.531938
vt 0.418948 0.567405
vt 0.412863 0.567001
vt 0.439003 0.537076
vt 0.442300 0.540880
vt 0.418987 0.602287
vt 0.412863 0.605925
vt 0.886425 0.360790
vt 0.878423 0.328224
vt 0.108325 0.716831
vt 0.102955 0.716457
vt 0.099602 0.720820
vt 0.097797 0.725963
vt 0.100911 0.730496
vt 0.104221 0.738112
vt 0.105567 0.730986
vt 0.115173 0.717925
vt 0.110738 0.721456
vt 0.105955 0.724701
vt 0.108813 0.726676
vt 0.113148 0.722818
vt 0.112412 0.724364
vt 0.111689 0.728719
vt 0.108635 0.731326
vt 0.107485 0.733257
vt 0.620909 0.948636
vt 0.619698 0.959616
vt 0.618581 0.954362
vt 0.618274 0.948726
vt 0.619104 0.936966
vt 0.618274 0.942649
vt 0.943077 0.593633
vt 0.939685 0.598807
vt 0.937075 0.595248
vt 0.939324 0.591793
vt 0.178483 0.982616
vt 0.178483 0.989186
vt 0.174963 0.987605
vt 0.174971 0.983228
vt 0.951095 0.593113
vt 0.947635 0.593333
vt 0.947696 0.590163
vt 0.951738 0.587223
vt 0.942304 0.587223
vt 0.949119 0.598807
vt 0.946355 0.596093
vt 0.950707 0.618795
vt 0.946217 0.620366
vt 0.946102 0.618899
vt 0.950280 0.616567
vt 0.982782 0.884781
vt 0.973985 0.887606
vt 0.973985 0.883111
vt 0.981939 0.883390
vt 0.951783 0.622336
vt 0.946553 0.622283
vt 0.938295 0.622348
vt 0.937075 0.618682
vt 0.950707 0.626636
vt 0.946217 0.624380
vt 0.937075 0.626522
vt 0.950117 0.797945
vt 0.945654 0.796807
vt 0.945957 0.795004
vt 0.950612 0.795952
vt 0.938435 0.799697
vt 0.937075 0.795004
vt 0.376820 0.596308
vt 0.368682 0.597528
vt 0.366519 0.570239
vt 0.373874 0.563488
vt 0.360735 0.598879
vt 0.359391 0.577172
vt 0.375406 0.627313
vt 0.367287 0.624094
vt 0.359392 0.621055
vt 0.059349 0.738144
vt 0.064337 0.734118
vt 0.066508 0.751143
vt 0.059671 0.756741
vt 0.917626 0.234588
vt 0.914471 0.238539
vt 0.882585 0.237279
vt 0.878423 0.234588
vt 0.913543 0.241103
vt 0.889797 0.238414
vt 0.123966 0.868321
vt 0.126426 0.874244
vt 0.127714 0.913147
vt 0.123966 0.916385
vt 0.101134 0.677652
vt 0.102152 0.684109
vt 0.090216 0.686414
vt 0.090577 0.680580
vt 0.946663 0.644395
vt 0.949154 0.649882
vt 0.937345 0.652779
vt 0.937615 0.650158
vt 0.951669 0.655399
vt 0.937075 0.655399
vt 0.949380 0.876534
vt 0.943227 0.876332
vt 0.941054 0.865874
vt 0.945035 0.864719
vt 0.937075 0.876131
vt 0.937075 0.867029
vt 0.913944 0.401918
vt 0.908967 0.402530
vt 0.916215 0.380051
vt 0.916113 0.378550
vt 0.899312 0.837967
vt 0.902653 0.840751
vt 0.881302 0.840776
vt 0.884181 0.838079
vt 0.905975 0.843472
vt 0.878423 0.843472
vt 0.899536 0.837542
vt 0.903561 0.840248
vt 0.907558 0.842861
vt 0.902094 0.713945
vt 0.901933 0.715760
vt 0.879664 0.715568
vt 0.878423 0.713261
vt 0.901773 0.717576
vt 0.880904 0.717877
vt 0.906864 0.712836
vt 0.907478 0.715357
vt 0.908091 0.717877
vt 0.888569 0.864806
vt 0.887798 0.861247
vt 0.881516 0.867107
vt 0.878423 0.861232
vt 0.950415 0.686877
vt 0.944481 0.686843
vt 0.944106 0.680498
vt 0.951169 0.676459
vt 0.938553 0.686877
vt 0.937075 0.684826
vt 0.070888 0.753223
vt 0.062705 0.756705
vt 0.937075 0.894293
vt 0.943335 0.894295
vt 0.943102 0.896631
vt 0.937464 0.895873
vt 0.949580 0.894293
vt 0.948697 0.897378
vt 0.372554 0.628177
vt 0.365942 0.625247
vt 0.974905 0.924745
vt 0.981621 0.924798
vt 0.982519 0.926254
vt 0.973985 0.926254
vt 0.944468 0.677957
vt 0.950951 0.673159
vt 0.938018 0.683047
vt 0.903744 0.101192
vt 0.894531 0.097222
vt 0.903719 0.095668
vt 0.519008 0.888122
vt 0.517655 0.878706
vt 0.522103 0.871932
vt 0.524447 0.888240
vt 0.527493 0.868321
vt 0.530446 0.888866
vt 0.532713 0.875899
vt 0.535724 0.889802
vt 0.892221 0.597891
vt 0.878423 0.595767
vt 0.881259 0.590548
vt 0.890518 0.591200
vt 0.888484 0.584492
vt 0.879999 0.584448
vt 0.715423 0.950034
vt 0.703354 0.946987
vt 0.706706 0.943053
vt 0.713020 0.944872
vt 0.713470 0.958751
vt 0.699693 0.954782
vt 0.886374 0.095668
vt 0.885193 0.106406
vt 0.878423 0.109626
vt 0.879911 0.096098
vt 0.893849 0.103422
vt 0.902619 0.108223
vt 0.900328 0.114688
vt 0.897116 0.119839
vt 0.918583 0.073224
vt 0.902323 0.071958
vt 0.901921 0.066187
vt 0.912363 0.066971
vt 0.699693 0.937578
vt 0.705202 0.936966
vt 0.887999 0.579000
vt 0.897259 0.579651
vt 0.887771 0.574900
vt 0.902719 0.576868
vt 0.878423 0.071397
vt 0.884128 0.064870
vt 0.900022 0.077908
vt 0.880963 0.077908
vt 0.912458 0.107052
vt 0.917535 0.112759
vt 0.241138 0.961569
vt 0.236613 0.952908
vt 0.243754 0.952972
vt 0.233946 0.944397
vt 0.246463 0.944560
vt 0.233051 0.936966
vt 0.248250 0.936966
vt 0.911770 0.574900
vt 0.913342 0.589060
vt 0.902268 0.589177
vt 0.896214 0.587328
vt 0.895885 0.600949
vt 0.522252 0.906028
vt 0.527724 0.911256
vt 0.517655 0.898430
vt 0.234913 0.960635
vt 0.904031 0.020362
vt 0.893926 0.016869
vt 0.903633 0.013902
vt 0.885452 0.013866
vt 0.902228 0.008880
vt 0.914622 0.463367
vt 0.915726 0.469004
vt 0.896544 0.457598
vt 0.899351 0.454319
vt 0.904947 0.471124
vt 0.893384 0.463481
vt 0.899723 0.472382
vt 0.893505 0.468382
vt 0.893297 0.473434
vt 0.302228 0.897273
vt 0.305625 0.888497
vt 0.308542 0.897184
vt 0.299203 0.902368
vt 0.309689 0.903642
vt 0.293388 0.910116
vt 0.306349 0.914091
vt 0.884727 0.026631
vt 0.878423 0.026838
vt 0.879100 0.011720
vt 0.893537 0.024119
vt 0.903239 0.026838
vt 0.899923 0.434795
vt 0.900753 0.428372
vt 0.916591 0.431504
vt 0.908983 0.436559
vt 0.866798 0.956095
vt 0.859803 0.957835
vt 0.859803 0.936966
vt 0.867065 0.939683
vt 0.289458 0.886530
vt 0.294454 0.885329
vt 0.299743 0.886785
vt 0.302439 0.878476
vt 0.299709 0.873284
vt 0.295504 0.868321
vt 0.882916 0.431476
vt 0.878423 0.425301
vt 0.900492 0.421179
vt 0.889571 0.436559
vt 0.912996 0.023672
vt 0.913155 0.017360
vt 0.918720 0.014868
vt 0.918445 0.025801
vt 0.892600 0.695077
vt 0.894458 0.690337
vt 0.908050 0.690337
vt 0.903389 0.695077
vt 0.892835 0.682923
vt 0.904706 0.683284
vt 0.309689 0.877576
vt 0.307620 0.880654
vt 0.885200 0.466879
vt 0.881367 0.461641
vt 0.878423 0.454319
vt 0.879871 0.691399
vt 0.878423 0.685703
vt 0.337967 0.950745
vt 0.339178 0.948500
vt 0.341972 0.956846
vt 0.341601 0.958753
vt 0.334075 0.942865
vt 0.336124 0.940283
vt 0.047413 0.945427
vt 0.045669 0.946613
vt 0.042004 0.938908
vt 0.043963 0.936966
vt 0.050865 0.953886
vt 0.049353 0.954305
vt 0.335137 0.956617
vt 0.339963 0.960173
vt 0.330268 0.953083
vt 0.885978 0.890843
vt 0.885976 0.895251
vt 0.878423 0.895746
vt 0.879984 0.888454
vt 0.891972 0.893233
vt 0.893525 0.894760
vt 0.903725 0.817152
vt 0.898193 0.817446
vt 0.897983 0.815488
vt 0.904063 0.814521
vt 0.903387 0.819782
vt 0.898403 0.819405
vt 0.878995 0.817690
vt 0.879567 0.815599
vt 0.878423 0.819782
vt 0.893459 0.623701
vt 0.892740 0.622811
vt 0.896081 0.620685
vt 0.897303 0.621840
vt 0.889554 0.625607
vt 0.889360 0.624967
vt 0.880198 0.622339
vt 0.878423 0.618708
vt 0.939042 0.215236
vt 0.953930 0.215698
vt 0.952720 0.218100
vt 0.937075 0.218100
vt 0.913093 0.618708
vt 0.913154 0.620992
vt 0.907104 0.804129
vt 0.902449 0.803166
vt 0.944493 0.166566
vt 0.951796 0.157343
vt 0.955016 0.158245
vt 0.951912 0.166566
vt 0.937075 0.166566
vt 0.948575 0.156442
vt 0.181464 0.903051
vt 0.191368 0.897640
vt 0.192611 0.899493
vt 0.181818 0.908937
vt 0.181083 0.897167
vt 0.190124 0.895788
vt 0.042004 0.963575
vt 0.042778 0.964755
vt 0.941496 0.025428
vt 0.941999 0.009253
vt 0.945266 0.008880
vt 0.943736 0.027635
vt 0.907030 0.895746
vt 0.905958 0.893120
vt 0.956120 0.008880
vt 0.952155 0.027807
vt 0.572414 0.942764
vt 0.552785 0.936966
vt 0.553313 0.937012
vt 0.573774 0.936966
vt 0.563796 0.959094
vt 0.554687 0.956935
vt 0.204038 0.869615
vt 0.184008 0.879701
vt 0.184504 0.875586
vt 0.202953 0.868321
vt 0.204038 0.900112
vt 0.200349 0.915049
vt 0.892733 0.887457
vt 0.901841 0.884866
vt 0.104729 0.679242
vt 0.107426 0.685886
vt 0.110088 0.692506
vt 0.111131 0.704047
vt 0.110242 0.707206
vt 0.983295 0.702106
vt 0.981430 0.704863
vt 0.974954 0.705192
vt 0.973985 0.702106
vt 0.339797 0.936966
vt 0.341972 0.947525
vt 0.938011 0.026688
vt 0.937075 0.008898
vt 0.978374 0.862018
vt 0.981255 0.858691
vt 0.982758 0.862019
vt 0.976869 0.858691
vt 0.973985 0.862018
vt 0.975484 0.865349
vt 0.979872 0.865351
vt 0.669867 0.370853
vt 0.683783 0.375609
vt 0.682483 0.379427
vt 0.668031 0.376186
vt 0.358520 0.742855
vt 0.354415 0.757145
vt 0.350760 0.756814
vt 0.353413 0.742389
vt 0.362813 0.744669
vt 0.357487 0.758449
vt 0.666619 0.576728
vt 0.678837 0.571915
vt 0.679905 0.576158
vt 0.668125 0.582654
vt 0.666178 0.426617
vt 0.680818 0.423877
vt 0.681720 0.427450
vt 0.667449 0.431606
vt 0.665695 0.422083
vt 0.680466 0.420633
vt 0.674485 0.613376
vt 0.676950 0.611846
vt 0.676158 0.615368
vt 0.673759 0.616967
vt 0.671742 0.614956
vt 0.672542 0.611379
vt 0.675231 0.609851
vt 0.214685 0.813617
vt 0.220932 0.847956
vt 0.217368 0.848565
vt 0.210025 0.812491
vt 0.132974 0.698509
vt 0.138327 0.672971
vt 0.141646 0.672262
vt 0.137719 0.698734
vt 0.613199 0.522495
vt 0.585078 0.503517
vt 0.584050 0.500497
vt 0.612483 0.517673
vt 0.636127 0.603200
vt 0.637115 0.607876
vt 0.638260 0.600616
vt 0.280311 0.794229
vt 0.264494 0.782508
vt 0.267067 0.781901
vt 0.283706 0.791938
vt 0.277468 0.826715
vt 0.283064 0.825773
vt 0.747657 0.752704
vt 0.705473 0.752588
vt 0.704908 0.747771
vt 0.746054 0.746049
vt 0.601861 0.604299
vt 0.603790 0.610358
vt 0.651891 0.520103
vt 0.648500 0.513946
vt 0.134415 0.738372
vt 0.140710 0.739219
vt 0.220932 0.784143
vt 0.214957 0.781901
vt 0.264494 0.839052
vt 0.271988 0.822191
vt 0.272135 0.845274
vt 0.132933 0.760809
vt 0.141646 0.762007
vt 0.670246 0.516529
vt 0.665577 0.507957
vt 0.584050 0.608560
vt 0.586777 0.616967
vt 0.771055 0.752704
vt 0.768824 0.743509
vt 0.279880 0.843917
vt 0.941489 0.322972
vt 0.946259 0.326586
vt 0.937075 0.326586
vt 0.938479 0.323096
vt 0.774217 0.751612
vt 0.774003 0.748473
vt 0.680679 0.510505
vt 0.677774 0.517643
vt 0.678747 0.509948
vt 0.677342 0.507016
vt 0.668443 0.500497
vt 0.677869 0.504639
vt 0.943645 0.320789
vt 0.953523 0.321474
vt 0.587459 0.380735
vt 0.587058 0.378699
vt 0.589505 0.376678
vt 0.591493 0.377401
vt 0.584050 0.379631
vt 0.584991 0.378029
vt 0.980436 0.435480
vt 0.979929 0.433583
vt 0.982141 0.431530
vt 0.984082 0.432095
vt 0.975389 0.435480
vt 0.976867 0.433583
vt 0.973985 0.432098
vt 0.976017 0.431530
vt 0.589884 0.373986
vt 0.592116 0.372962
vt 0.639912 0.370890
vt 0.640369 0.366152
vt 0.349782 0.715073
vt 0.356722 0.677614
vt 0.360430 0.673986
vt 0.354388 0.714745
vt 0.362813 0.672262
vt 0.358079 0.716610
vt 0.636618 0.582856
vt 0.584671 0.577240
vt 0.584050 0.571915
vt 0.636349 0.577525
vt 0.637935 0.425093
vt 0.584050 0.427155
vt 0.587516 0.423772
vt 0.637655 0.420633
vt 0.639761 0.374902
vt 0.667506 0.380735
vt 0.395104 0.542971
vt 0.383687 0.552458
vt 0.363374 0.541859
vt 0.365792 0.537076
vt 0.360960 0.548088
vt 0.391433 0.594505
vt 0.384330 0.595384
vt 0.395104 0.641828
vt 0.384451 0.635012
vt 0.138629 0.596073
vt 0.116366 0.592789
vt 0.053366 0.735103
vt 0.051929 0.758443
vt 0.094391 0.711308
vt 0.101260 0.715332
vt 0.084379 0.677936
vt 0.152259 0.959097
vt 0.148558 0.960987
vt 0.146958 0.940879
vt 0.152259 0.936966
vt 0.145328 0.962694
vt 0.142173 0.945197
vt 0.476714 0.633530
vt 0.436344 0.638412
vt 0.469717 0.382124
vt 0.437526 0.386353
vt 0.441531 0.377765
vt 0.515135 0.382499
vt 0.515319 0.388782
vt 0.473386 0.375643
vt 0.547639 0.375643
vt 0.551034 0.382124
vt 0.046412 0.446264
vt 0.086859 0.448760
vt 0.017990 0.464945
vt 0.098692 0.267786
vt 0.109396 0.265627
vt 0.111910 0.310665
vt 0.101659 0.308807
vt 0.736407 0.125456
vt 0.735156 0.137060
vt 0.704908 0.135840
vt 0.708667 0.123709
vt 0.111910 0.229914
vt 0.773748 0.123709
vt 0.775256 0.133047
s 1
usemtl Material.001
f 1/1/1 2/2/2 8/3/3 7/4/4
f 2/5/2 3/6/5 9/7/6 8/8/3
f 3/9/5 4/10/7 10/11/8 9/12/6
f 3/13/5 16/14/9 15/15/10 4/16/7
f 2/17/2 17/18/11 16/14/9 3/13/5
f 1/19/1 18/20/12 17/18/11 2/17/2
f 21/21/13 28/22/14 27/23/15 22/24/16
f 20/25/17 29/26/18 28/22/14 21/21/13
f 19/27/19 30/28/20 29/29/18 20/30/17
f 30/28/20 31/31/21 32/32/22 29/29/18
f 29/29/18 32/32/22 33/33/23 28/34/14
f 28/35/14 33/36/23 34/37/24 27/38/15
f 42/39/25 43/40/26 44/41/27 41/42/28
f 41/42/28 44/41/27 45/43/29 40/44/30
f 40/44/30 45/43/29 46/45/31 39/46/32
f 57/47/33 64/48/34 63/49/35 58/50/36
f 56/51/37 65/52/38 64/48/34 57/47/33
f 55/53/39 66/54/40 65/55/38 56/56/37
f 70/57/41 71/58/42 52/59/43 51/60/44
f 71/58/42 72/61/45 53/62/46 52/59/43
f 72/63/45 67/64/47 54/65/48 53/66/46
f 76/67/49 77/68/50 40/69/30 39/70/32
f 77/68/50 78/71/51 41/72/28 40/69/30
f 78/73/51 73/74/52 42/75/25 41/76/28
f 79/77/53 80/78/54 86/79/55 85/80/56
f 85/80/56 86/79/55 19/27/19 20/30/17
f 81/81/57 79/82/53 85/83/56 87/84/58
f 87/84/58 85/83/56 20/25/17 21/21/13
f 82/85/59 81/81/57 87/84/58 88/86/60
f 88/86/60 87/84/58 21/21/13 22/24/16
f 53/66/46 54/65/48 92/87/61 91/88/62
f 91/88/62 92/87/61 55/53/39 56/56/37
f 52/59/43 53/62/46 91/89/62 93/90/63
f 93/90/63 91/89/62 56/51/37 57/47/33
f 51/60/44 52/59/43 93/90/63 94/91/64
f 94/91/64 93/90/63 57/47/33 58/50/36
f 10/92/8 99/93/65 100/94/66 9/7/6
f 9/7/6 100/94/66 101/95/67 8/8/3
f 8/3/3 101/96/67 102/97/68 7/4/4
f 101/98/67 104/99/69 103/100/70 102/101/68
f 100/94/66 105/102/71 104/103/69 101/95/67
f 99/93/65 106/104/72 105/102/71 100/94/66
f 111/105/73 118/106/74 117/107/75 112/108/76
f 110/109/77 119/110/78 118/111/74 111/112/73
f 109/113/79 120/114/80 119/115/78 110/116/77
f 120/117/80 121/118/81 122/119/82 119/120/78
f 119/110/78 122/121/82 123/122/83 118/111/74
f 118/111/74 123/122/83 124/123/84 117/124/75
f 127/125/85 122/126/82 121/127/81
f 127/125/85 123/128/83 122/126/82
f 127/125/85 124/129/84 123/128/83
f 131/130/86 132/131/87 77/68/50 76/67/49
f 132/131/87 133/132/88 78/71/51 77/68/50
f 133/133/88 128/134/89 73/74/52 78/73/51
f 34/135/24 33/136/23 138/137/90 137/138/91
f 137/139/91 138/140/90 132/141/87 131/142/86
f 33/136/23 32/143/22 139/144/92 138/137/90
f 138/137/90 139/144/92 133/132/88 132/131/87
f 32/145/22 31/146/21 134/147/93 139/148/92
f 139/149/92 134/150/93 128/151/89 133/152/88
f 17/153/11 18/154/12 141/155/94 140/156/95
f 140/157/95 141/158/94 80/78/54 79/77/53
f 16/159/9 17/160/11 140/161/95 142/162/96
f 142/163/96 140/157/95 79/77/53 81/164/57
f 15/165/10 16/166/9 142/167/96 143/168/97
f 143/168/97 142/167/96 81/169/57 82/170/59
f 46/171/31 45/172/29 150/173/98 149/174/99
f 149/174/99 150/173/98 71/58/42 70/57/41
f 45/172/29 44/175/27 151/176/100 150/173/98
f 150/173/98 151/176/100 72/61/45 71/58/42
f 44/177/27 43/178/26 146/179/101 151/180/100
f 151/180/100 146/179/101 67/64/47 72/63/45
f 65/55/38 66/54/40 153/181/102 152/182/103
f 152/182/103 153/181/102 109/183/79 110/184/77
f 64/48/34 65/52/38 152/185/103 154/186/104
f 154/186/104 152/185/103 110/109/77 111/112/73
f 63/49/35 64/48/34 154/186/104 155/187/105
f 155/188/105 154/189/104 111/105/73 112/108/76
f 11/190/106 5/191/107 158/192/108 159/193/109
f 159/193/109 158/192/108 6/194/110 12/195/111
f 5/196/107 14/197/112 160/198/113 158/199/108
f 158/199/108 160/198/113 13/200/114 6/201/110
f 23/202/115 26/203/116 162/204/117 161/205/118
f 161/205/118 162/204/117 25/206/119 24/207/120
f 26/208/116 35/209/121 163/210/122 162/211/117
f 162/211/117 163/210/122 36/212/123 25/213/119
f 38/214/124 47/215/125 165/216/126 164/217/127
f 164/217/127 165/216/126 48/218/128 37/219/129
f 59/220/130 62/221/131 168/222/132 167/223/133
f 167/223/133 168/222/132 61/224/134 60/225/135
f 49/226/136 68/227/137 169/228/138 166/229/139
f 166/229/139 169/228/138 69/230/140 50/231/141
f 37/232/129 74/233/142 170/234/143 164/235/127
f 164/235/127 170/234/143 75/236/144 38/237/124
f 90/238/145 84/239/146 171/240/147 172/241/148
f 172/241/148 171/240/147 83/242/149 89/243/150
f 24/207/120 90/238/145 172/241/148 161/205/118
f 161/205/118 172/241/148 89/243/150 23/202/115
f 96/244/151 49/226/136 166/229/139 173/245/152
f 173/245/152 166/229/139 50/231/141 95/246/153
f 60/225/135 96/244/151 173/245/152 167/223/133
f 167/223/133 173/245/152 95/246/153 59/220/130
f 12/247/111 97/248/154 174/249/155 159/250/109
f 159/250/109 174/249/155 98/251/156 11/252/106
f 97/248/154 108/253/157 175/254/158 174/249/155
f 174/249/155 175/254/158 107/255/159 98/251/156
f 113/256/160 116/257/161 177/258/162 176/259/163
f 176/259/163 177/258/162 115/260/164 114/261/165
f 116/257/161 125/262/166 178/263/167 177/258/162
f 177/258/162 178/263/167 126/264/168 115/260/164
f 125/265/166 127/125/85 178/266/167
f 178/266/167 127/125/85 126/267/168
f 74/233/142 129/268/169 179/269/170 170/234/143
f 170/234/143 179/269/170 130/270/171 75/236/144
f 135/271/172 36/212/123 163/210/122 180/272/173
f 180/272/173 163/210/122 35/209/121 136/273/174
f 129/268/169 135/271/172 180/272/173 179/269/170
f 179/269/170 180/272/173 136/273/174 130/270/171
f 145/274/175 13/275/114 160/276/113 181/277/176
f 181/277/176 160/276/113 14/278/112 144/279/177
f 84/280/146 145/281/175 181/282/176 171/283/147
f 171/283/147 181/282/176 144/284/177 83/285/149
f 147/286/178 48/287/128 165/288/126 182/289/179
f 182/289/179 165/288/126 47/290/125 148/291/180
f 68/292/137 147/293/178 182/294/179 169/295/138
f 169/295/138 182/294/179 148/296/180 69/297/140
f 157/298/181 61/224/134 168/222/132 183/299/182
f 183/299/182 168/222/132 62/221/131 156/300/183
f 114/261/165 157/298/181 183/299/182 176/259/163
f 176/259/163 183/299/182 156/300/183 113/256/160
f 10/11/8 4/10/7 184/301/184 185/302/185
f 185/302/185 184/301/184 5/303/107 11/304/106
f 4/16/7 15/15/10 186/305/186 184/306/184
f 184/306/184 186/305/186 14/197/112 5/196/107
f 22/307/16 27/308/15 188/309/187 187/310/188
f 187/310/188 188/309/187 26/203/116 23/202/115
f 27/38/15 34/37/24 189/311/189 188/312/187
f 188/312/187 189/311/189 35/313/121 26/314/116
f 39/46/32 46/45/31 191/315/190 190/316/191
f 190/316/191 191/315/190 47/215/125 38/214/124
f 58/317/36 63/318/35 194/319/192 193/320/193
f 193/320/193 194/319/192 62/321/131 59/322/130
f 50/323/141 69/324/140 195/325/194 192/326/195
f 192/326/195 195/325/194 70/327/41 51/328/44
f 38/329/124 75/330/144 196/331/196 190/332/191
f 190/332/191 196/331/196 76/333/49 39/334/32
f 89/335/150 83/336/149 197/337/197 198/338/198
f 198/338/198 197/337/197 82/170/59 88/339/60
f 23/202/115 89/243/150 198/340/198 187/310/188
f 187/310/188 198/340/198 88/341/60 22/307/16
f 95/342/153 50/323/141 192/326/195 199/343/199
f 199/343/199 192/326/195 51/328/44 94/344/64
f 59/322/130 95/342/153 199/343/199 193/320/193
f 193/320/193 199/343/199 94/344/64 58/317/36
f 11/252/106 98/251/156 200/345/200 185/346/185
f 185/346/185 200/345/200 99/347/65 10/348/8
f 98/251/156 107/255/159 201/349/201 200/345/200
f 200/345/200 201/349/201 106/350/72 99/347/65
f 112/108/76 117/107/75 203/351/202 202/352/203
f 202/352/203 203/351/202 116/353/161 113/354/160
f 117/107/75 124/355/84 204/356/204 203/351/202
f 203/351/202 204/356/204 125/357/166 116/353/161
f 124/129/84 127/125/85 204/358/204
f 204/358/204 127/125/85 125/265/166
f 75/330/144 130/359/171 205/360/205 196/331/196
f 196/331/196 205/360/205 131/142/86 76/333/49
f 136/361/174 35/313/121 189/311/189 206/362/206
f 206/362/206 189/311/189 34/37/24 137/139/91
f 130/359/171 136/361/174 206/362/206 205/360/205
f 205/360/205 206/362/206 137/139/91 131/142/86
f 144/363/177 14/364/112 186/365/186 207/366/207
f 207/366/207 186/365/186 15/165/10 143/168/97
f 83/285/149 144/284/177 207/367/207 197/368/197
f 197/337/197 207/366/207 143/168/97 82/170/59
f 148/369/180 47/370/125 191/371/190 208/372/208
f 208/372/208 191/371/190 46/373/31 149/374/99
f 69/297/140 148/296/180 208/375/208 195/376/194
f 195/376/194 208/375/208 149/377/99 70/378/41
f 156/379/183 62/321/131 194/319/192 209/380/209
f 209/380/209 194/319/192 63/318/35 155/188/105
f 113/354/160 156/379/183 209/380/209 202/352/203
f 202/352/203 209/380/209 155/188/105 112/108/76
f 1/1/1 7/4/4 211/381/210 210/382/211
f 210/382/211 211/381/210 12/383/111 6/384/110
f 6/201/110 13/200/114 212/385/212 210/386/211
f 18/20/12 1/19/1 210/386/211 212/385/212
f 24/387/120 25/213/119 214/388/213 213/389/214
f 213/390/214 214/391/213 30/392/20 19/393/19
f 25/213/119 36/212/123 215/394/215 214/388/213
f 214/388/213 215/394/215 31/395/21 30/396/20
f 37/219/129 48/218/128 217/397/216 216/398/217
f 216/398/217 217/397/216 43/40/26 42/39/25
f 60/225/135 61/224/134 220/399/218 219/400/219
f 219/400/219 220/399/218 66/401/40 55/402/39
f 54/403/48 67/404/47 221/405/220 218/406/221
f 218/406/221 221/405/220 68/227/137 49/226/136
f 42/407/25 73/408/52 222/409/222 216/410/217
f 216/410/217 222/409/222 74/233/142 37/232/129
f 86/411/55 80/412/54 223/413/223 224/414/224
f 224/414/224 223/413/223 84/415/146 90/416/145
f 19/417/19 86/418/55 224/419/224 213/389/214
f 213/389/214 224/419/224 90/420/145 24/387/120
f 92/421/61 54/403/48 218/406/221 225/422/225
f 225/422/225 218/406/221 49/226/136 96/244/151
f 55/402/39 92/421/61 225/422/225 219/400/219
f 219/400/219 225/422/225 96/244/151 60/225/135
f 7/4/4 102/97/68 226/423/226 211/381/210
f 211/381/210 226/423/226 97/424/154 12/383/111
f 102/101/68 103/100/70 227/425/227 226/426/226
f 226/426/226 227/425/227 108/427/157 97/428/154
f 114/261/165 115/260/164 229/429/228 228/430/229
f 228/430/229 229/429/228 120/431/80 109/432/79
f 115/260/164 126/264/168 230/433/230 229/429/228
f 229/429/228 230/433/230 121/434/81 120/431/80
f 126/267/168 127/125/85 230/435/230
f 230/435/230 127/125/85 121/127/81
f 73/408/52 128/436/89 231/437/231 222/409/222
f 222/409/222 231/437/231 129/268/169 74/233/142
f 134/147/93 31/146/21 215/438/215 232/439/232
f 232/439/232 215/438/215 36/440/123 135/441/172
f 128/436/89 134/442/93 232/443/232 231/437/231
f 231/437/231 232/443/232 135/271/172 129/268/169
f 141/155/94 18/154/12 212/444/212 233/445/233
f 233/445/233 212/444/212 13/446/114 145/447/175
f 80/448/54 141/449/94 233/450/233 223/451/223
f 223/451/223 233/450/233 145/281/175 84/280/146
f 146/452/101 43/453/26 217/454/216 234/455/234
f 234/455/234 217/454/216 48/287/128 147/286/178
f 67/456/47 146/457/101 234/458/234 221/459/220
f 221/459/220 234/458/234 147/293/178 68/292/137
f 153/460/102 66/401/40 220/399/218 235/461/235
f 235/461/235 220/399/218 61/224/134 157/298/181
f 109/432/79 153/460/102 235/461/235 228/430/229
f 228/430/229 235/461/235 157/298/181 114/261/165
f 227/425/227 236/462/236 240/463/237 108/427/157
f 103/100/70 245/464/238 236/462/236 227/425/227
f 107/255/159 241/465/239 237/466/240 201/349/201
f 201/349/201 237/466/240 242/467/241 106/350/72
f 108/253/157 240/468/237 238/469/242 175/254/158
f 175/254/158 238/469/242 241/465/239 107/255/159
f 106/104/72 242/470/241 243/471/243 105/102/71
f 105/102/71 243/471/243 244/472/244 104/103/69
f 104/99/69 244/473/244 245/464/238 103/100/70
f 239/474/245 245/464/238 244/473/244
f 239/474/245 244/473/244 243/475/243
f 239/474/245 243/475/243 242/476/241
f 240/463/237 239/474/245 238/477/242
f 238/477/242 239/474/245 241/478/239
f 241/478/239 239/474/245 237/479/240
f 237/479/240 239/474/245 242/476/241
f 245/464/238 239/474/245 236/462/236
f 236/462/236 239/474/245 240/463/237
f 246/480/246 247/481/247 253/482/248 252/483/249
f 247/484/247 248/485/250 254/486/251 253/487/248
f 248/488/250 249/489/252 255/490/253 254/491/251
f 248/488/250 261/492/254 260/493/255 249/489/252
f 247/494/247 262/495/256 261/492/254 248/488/250
f 246/496/246 263/497/257 262/495/256 247/494/247
f 266/498/258 273/499/259 272/500/260 267/501/261
f 265/502/262 274/503/263 273/504/259 266/505/258
f 264/506/264 275/507/265 274/508/263 265/509/262
f 275/510/265 276/511/266 277/512/267 274/513/263
f 274/514/263 277/515/267 278/516/268 273/499/259
f 273/499/259 278/516/268 279/517/269 272/500/260
f 287/518/270 288/519/271 289/520/272 286/521/273
f 286/521/273 289/520/272 290/522/274 285/523/275
f 285/523/275 290/522/274 291/524/276 284/525/277
f 302/526/278 309/527/279 308/528/280 303/529/281
f 301/530/282 310/531/283 309/532/279 302/533/278
f 300/534/284 311/535/285 310/536/283 301/537/282
f 315/538/286 316/539/287 297/540/288 296/541/289
f 316/542/287 317/543/290 298/544/291 297/545/288
f 317/546/290 312/547/292 299/548/293 298/549/291
f 321/550/294 322/551/295 285/552/275 284/553/277
f 322/554/295 323/555/296 286/556/273 285/557/275
f 323/558/296 318/559/297 287/560/270 286/561/273
f 324/562/298 325/563/299 331/564/300 330/565/301
f 330/565/301 331/564/300 264/506/264 265/509/262
f 326/566/302 324/567/298 330/568/301 332/569/303
f 332/569/303 330/568/301 265/502/262 266/505/258
f 327/570/304 326/571/302 332/572/303 333/573/305
f 333/573/305 332/572/303 266/498/258 267/501/261
f 298/549/291 299/548/293 337/574/306 336/575/307
f 336/575/307 337/574/306 300/534/284 301/537/282
f 297/545/288 298/544/291 336/576/307 338/577/308
f 338/577/308 336/576/307 301/530/282 302/533/278
f 296/541/289 297/540/288 338/578/308 339/579/309
f 339/579/309 338/578/308 302/526/278 303/529/281
f 255/490/253 344/580/310 345/581/311 254/491/251
f 254/486/251 345/582/311 346/583/312 253/487/248
f 253/584/248 346/585/312 347/586/313 252/587/249
f 346/585/312 349/588/314 348/589/315 347/586/313
f 345/582/311 350/590/316 349/591/314 346/583/312
f 344/580/310 351/592/317 350/593/316 345/581/311
f 356/594/318 363/595/319 362/596/320 357/597/321
f 355/598/322 364/599/323 363/600/319 356/601/318
f 354/602/324 365/603/325 364/599/323 355/598/322
f 365/604/325 366/605/326 367/606/327 364/607/323
f 364/608/323 367/609/327 368/610/328 363/611/319
f 363/595/319 368/612/328 369/613/329 362/596/320
f 372/614/330 367/615/327 366/616/326
f 372/614/330 368/617/328 367/615/327
f 372/614/330 369/618/329 368/617/328
f 376/619/331 377/620/332 322/551/295 321/550/294
f 377/621/332 378/622/333 323/555/296 322/554/295
f 378/623/333 373/624/334 318/625/297 323/626/296
f 279/517/269 278/516/268 383/627/335 382/628/336
f 382/628/336 383/627/335 377/620/332 376/619/331
f 278/629/268 277/630/267 384/631/337 383/632/335
f 383/627/335 384/633/337 378/634/333 377/620/332
f 277/635/267 276/636/266 379/637/338 384/638/337
f 384/639/337 379/640/338 373/624/334 378/623/333
f 262/641/256 263/642/257 386/643/339 385/644/340
f 385/644/340 386/643/339 325/563/299 324/562/298
f 261/645/254 262/646/256 385/647/340 387/648/341
f 387/649/341 385/644/340 324/562/298 326/650/302
f 260/493/255 261/492/254 387/651/341 388/652/342
f 388/652/342 387/651/341 326/571/302 327/570/304
f 291/653/276 290/654/274 395/655/343 394/656/344
f 394/657/344 395/658/343 316/659/287 315/660/286
f 290/661/274 289/662/272 396/663/345 395/664/343
f 395/658/343 396/665/345 317/666/290 316/659/287
f 289/667/272 288/668/271 391/669/346 396/670/345
f 396/665/345 391/671/346 312/672/292 317/666/290
f 310/536/283 311/535/285 398/673/347 397/674/348
f 397/675/348 398/676/347 354/602/324 355/598/322
f 309/532/279 310/531/283 397/677/348 399/678/349
f 399/679/349 397/675/348 355/598/322 356/601/318
f 308/528/280 309/527/279 399/680/349 400/681/350
f 400/681/350 399/680/349 356/594/318 357/597/321
f 256/682/351 250/683/352 403/684/353 404/685/354
f 404/685/354 403/684/353 251/686/355 257/687/356
f 250/688/352 259/689/357 405/690/358 403/691/353
f 403/691/353 405/690/358 258/692/359 251/693/355
f 268/694/360 271/695/361 407/696/362 406/697/363
f 406/697/363 407/696/362 270/698/364 269/699/365
f 271/700/361 280/701/366 408/702/367 407/703/362
f 407/703/362 408/702/367 281/704/368 270/705/364
f 283/706/369 292/707/370 410/708/371 409/709/372
f 409/709/372 410/708/371 293/710/373 282/711/374
f 304/712/375 307/713/376 413/714/377 412/715/378
f 412/715/378 413/714/377 306/716/379 305/717/380
f 294/718/381 313/719/382 414/720/383 411/721/384
f 411/721/384 414/720/383 314/722/385 295/723/386
f 282/724/374 319/725/387 415/726/388 409/727/372
f 409/727/372 415/726/388 320/728/389 283/729/369
f 335/730/390 329/731/391 416/732/392 417/733/393
f 417/733/393 416/732/392 328/734/394 334/735/395
f 269/736/365 335/730/390 417/733/393 406/737/363
f 406/737/363 417/733/393 334/735/395 268/738/360
f 341/739/396 294/718/381 411/721/384 418/740/397
f 418/740/397 411/721/384 295/723/386 340/741/398
f 305/717/380 341/739/396 418/740/397 412/715/378
f 412/715/378 418/740/397 340/741/398 304/712/375
f 257/687/356 342/742/399 419/743/400 404/685/354
f 404/685/354 419/743/400 343/744/401 256/682/351
f 342/742/399 353/745/402 420/746/403 419/743/400
f 419/743/400 420/746/403 352/747/404 343/744/401
f 358/748/405 361/749/406 422/750/407 421/751/408
f 421/751/408 422/750/407 360/752/409 359/753/410
f 361/754/406 370/755/411 423/756/412 422/757/407
f 422/757/407 423/756/412 371/758/413 360/759/409
f 370/760/411 372/614/330 423/761/412
f 423/761/412 372/614/330 371/762/413
f 319/725/387 374/763/414 424/764/415 415/726/388
f 415/726/388 424/764/415 375/765/416 320/728/389
f 380/766/417 281/704/368 408/702/367 425/767/418
f 425/767/418 408/702/367 280/701/366 381/768/419
f 374/763/414 380/766/417 425/767/418 424/764/415
f 424/764/415 425/767/418 381/768/419 375/765/416
f 390/769/420 258/770/359 405/771/358 426/772/421
f 426/772/421 405/771/358 259/773/357 389/774/422
f 329/731/391 390/769/420 426/772/421 416/732/392
f 416/732/392 426/772/421 389/774/422 328/734/394
f 392/775/423 293/776/373 410/777/371 427/778/424
f 427/778/424 410/777/371 292/779/370 393/780/425
f 313/781/382 392/782/423 427/783/424 414/784/383
f 414/784/383 427/783/424 393/785/425 314/786/385
f 402/787/426 306/716/379 413/714/377 428/788/427
f 428/788/427 413/714/377 307/713/376 401/789/428
f 359/753/410 402/790/426 428/791/427 421/751/408
f 421/751/408 428/791/427 401/792/428 358/748/405
f 255/793/253 249/794/252 429/795/429 430/796/430
f 430/796/430 429/795/429 250/797/352 256/798/351
f 249/489/252 260/493/255 431/799/431 429/800/429
f 429/800/429 431/799/431 259/689/357 250/688/352
f 267/801/261 272/802/260 433/803/432 432/804/433
f 432/804/433 433/803/432 271/695/361 268/694/360
f 272/500/260 279/517/269 434/805/434 433/806/432
f 433/806/432 434/805/434 280/807/366 271/808/361
f 284/525/277 291/524/276 436/809/435 435/810/436
f 435/810/436 436/809/435 292/707/370 283/706/369
f 303/811/281 308/812/280 439/813/437 438/814/438
f 438/814/438 439/813/437 307/713/376 304/712/375
f 295/815/386 314/816/385 440/817/439 437/818/440
f 437/818/440 440/817/439 315/538/286 296/541/289
f 283/819/369 320/820/389 441/821/441 435/822/436
f 435/822/436 441/821/441 321/550/294 284/553/277
f 334/823/395 328/824/394 442/825/442 443/826/443
f 443/826/443 442/825/442 327/827/304 333/828/305
f 268/694/360 334/823/395 443/826/443 432/804/433
f 432/804/433 443/826/443 333/828/305 267/801/261
f 340/741/398 295/723/386 437/829/440 444/830/444
f 444/830/444 437/829/440 296/831/289 339/832/309
f 304/712/375 340/741/398 444/830/444 438/814/438
f 438/814/438 444/830/444 339/832/309 303/811/281
f 256/833/351 343/834/401 445/835/445 430/836/430
f 430/836/430 445/835/445 344/580/310 255/490/253
f 343/834/401 352/837/404 446/838/446 445/835/445
f 445/835/445 446/838/446 351/592/317 344/580/310
f 357/839/321 362/840/320 448/841/447 447/842/448
f 447/842/448 448/841/447 361/749/406 358/748/405
f 362/843/320 369/844/329 449/845/449 448/846/447
f 448/846/447 449/845/449 370/755/411 361/754/406
f 369/618/329 372/614/330 449/847/449
f 449/847/449 372/614/330 370/760/411
f 320/848/389 375/849/416 450/850/450 441/851/441
f 441/851/441 450/850/450 376/852/331 321/853/294
f 381/854/419 280/855/366 434/856/434 451/857/451
f 451/857/451 434/856/434 279/858/269 382/859/336
f 375/849/416 381/854/419 451/857/451 450/850/450
f 450/850/450 451/857/451 382/859/336 376/852/331
f 389/860/422 259/861/357 431/862/431 452/863/452
f 452/863/452 431/862/431 260/864/255 388/865/342
f 328/866/394 389/867/422 452/868/452 442/869/442
f 442/869/442 452/868/452 388/652/342 327/570/304
f 393/870/425 292/871/370 436/872/435 453/873/453
f 453/873/453 436/872/435 291/653/276 394/656/344
f 314/786/385 393/785/425 453/874/453 440/875/439
f 440/875/439 453/874/453 394/657/344 315/660/286
f 401/789/428 307/713/376 439/813/437 454/876/454
f 454/876/454 439/813/437 308/812/280 400/877/350
f 358/748/405 401/792/428 454/878/454 447/842/448
f 447/842/448 454/878/454 400/879/350 357/839/321
f 246/880/246 252/881/249 456/882/455 455/883/456
f 455/883/456 456/882/455 257/687/356 251/686/355
f 251/693/355 258/692/359 457/884/457 455/885/456
f 455/885/456 457/884/457 263/497/257 246/496/246
f 269/736/365 270/705/364 459/886/458 458/887/459
f 458/887/459 459/886/458 275/510/265 264/888/264
f 270/705/364 281/704/368 460/889/460 459/886/458
f 459/886/458 460/889/460 276/511/266 275/510/265
f 282/711/374 293/710/373 462/890/461 461/891/462
f 461/891/462 462/890/461 288/519/271 287/518/270
f 305/892/380 306/893/379 465/894/463 464/895/464
f 464/895/464 465/894/463 311/535/285 300/534/284
f 299/548/293 312/547/292 466/896/465 463/897/466
f 463/897/466 466/896/465 313/898/382 294/899/381
f 287/560/270 318/559/297 467/900/467 461/901/462
f 461/901/462 467/900/467 319/902/387 282/903/374
f 331/904/300 325/905/299 468/906/468 469/907/469
f 469/907/469 468/906/468 329/731/391 335/730/390
f 264/888/264 331/904/300 469/907/469 458/887/459
f 458/887/459 469/907/469 335/730/390 269/736/365
f 337/574/306 299/548/293 463/897/466 470/908/470
f 470/908/470 463/897/466 294/899/381 341/909/396
f 300/534/284 337/574/306 470/908/470 464/895/464
f 464/895/464 470/908/470 341/909/396 305/892/380
f 252/881/249 347/910/313 471/911/471 456/882/455
f 456/882/455 471/911/471 342/742/399 257/687/356
f 347/910/313 348/912/315 472/913/472 471/911/471
f 471/911/471 472/913/472 353/745/402 342/742/399
f 359/914/410 360/915/409 474/916/473 473/917/474
f 473/917/474 474/916/473 365/604/325 354/918/324
f 360/915/409 371/919/413 475/920/475 474/916/473
f 474/916/473 475/920/475 366/605/326 365/604/325
f 371/762/413 372/614/330 475/921/475
f 475/921/475 372/614/330 366/616/326
f 318/922/297 373/923/334 476/924/476 467/925/467
f 467/925/467 476/924/476 374/763/414 319/725/387
f 379/637/338 276/636/266 460/926/460 477/927/477
f 477/927/477 460/926/460 281/928/368 380/929/417
f 373/923/334 379/930/338 477/931/477 476/924/476
f 476/924/476 477/931/477 380/766/417 374/763/414
f 386/932/339 263/933/257 457/934/457 478/935/478
f 478/935/478 457/934/457 258/770/359 390/769/420
f 325/905/299 386/932/339 478/935/478 468/906/468
f 468/906/468 478/935/478 390/769/420 329/731/391
f 391/669/346 288/668/271 462/936/461 479/937/479
f 479/937/479 462/936/461 293/938/373 392/939/423
f 312/672/292 391/671/346 479/940/479 466/941/465
f 466/941/465 479/940/479 392/782/423 313/781/382
f 398/673/347 311/535/285 465/894/463 480/942/480
f 480/942/480 465/894/463 306/893/379 402/943/426
f 354/918/324 398/673/347 480/942/480 473/917/474
f 473/917/474 480/942/480 402/943/426 359/914/410
f 472/913/472 481/944/481 485/945/482 353/745/402
f 348/912/315 490/946/483 481/944/481 472/913/472
f 352/837/404 486/947/484 482/948/485 446/838/446
f 446/838/446 482/948/485 487/949/486 351/592/317
f 353/745/402 485/945/482 483/950/487 420/746/403
f 420/746/403 483/950/487 486/951/484 352/747/404
f 351/592/317 487/949/486 488/952/488 350/593/316
f 350/590/316 488/953/488 489/954/489 349/591/314
f 349/588/314 489/955/489 490/956/483 348/589/315
f 484/957/490 490/958/483 489/959/489
f 484/957/490 489/959/489 488/960/488
f 484/957/490 488/960/488 487/961/486
f 485/962/482 484/957/490 483/963/487
f 483/963/487 484/957/490 486/964/484
f 486/964/484 484/957/490 482/965/485
f 482/965/485 484/957/490 487/961/486
f 490/958/483 484/957/490 481/966/481
f 481/966/481 484/957/490 485/962/482
f 491/967/491 492/968/492 498/969/493 497/970/494
f 492/971/492 493/972/495 499/973/496 498/974/493
f 493/975/495 494/976/497 500/977/498 499/978/496
f 493/979/495 506/980/499 505/981/500 494/982/497
f 492/983/492 507/984/501 506/980/499 493/979/495
f 491/985/491 508/986/502 507/984/501 492/983/492
f 511/987/503 518/988/504 517/989/505 512/990/506
f 510/991/507 519/992/508 518/993/504 511/994/503
f 509/995/509 520/996/510 519/997/508 510/998/507
f 520/999/510 521/1000/511 522/1001/512 519/1002/508
f 519/1002/508 522/1001/512 523/1003/513 518/1004/504
f 518/1004/504 523/1003/513 524/1005/514 517/1006/505
f 532/1007/515 533/1008/516 534/1009/517 531/1010/518
f 531/1010/518 534/1009/517 535/1011/519 530/1012/520
f 530/1012/520 535/1011/519 536/1013/521 529/1014/522
f 547/1015/523 554/1016/524 553/1017/525 548/1018/526
f 546/1019/527 555/1020/528 554/1021/524 547/1022/523
f 545/1023/529 556/1024/530 555/1020/528 546/1019/527
f 560/1025/531 561/1026/532 542/1027/533 541/1028/534
f 561/1029/532 562/1030/535 543/1031/536 542/1032/533
f 562/1030/535 557/1033/537 544/1034/538 543/1031/536
f 566/1035/539 567/1036/540 530/1037/520 529/1038/522
f 567/1039/540 568/1040/541 531/1041/518 530/1042/520
f 568/1040/541 563/1043/542 532/1044/515 531/1041/518
f 569/1045/543 570/1046/544 576/1047/545 575/1048/546
f 575/1048/546 576/1047/545 509/995/509 510/998/507
f 571/1049/547 569/1050/543 575/1051/546 577/1052/548
f 577/1052/548 575/1051/546 510/991/507 511/994/503
f 572/1053/549 571/1054/547 577/1055/548 578/1056/550
f 578/1056/550 577/1055/548 511/987/503 512/990/506
f 543/1031/536 544/1034/538 582/1057/551 581/1058/552
f 581/1058/552 582/1057/551 545/1023/529 546/1019/527
f 542/1032/533 543/1031/536 581/1058/552 583/1059/553
f 583/1059/553 581/1058/552 546/1019/527 547/1022/523
f 541/1028/534 542/1027/533 583/1060/553 584/1061/554
f 584/1061/554 583/1060/553 547/1015/523 548/1018/526
f 500/1062/498 589/1063/555 590/1064/556 499/973/496
f 499/973/496 590/1064/556 591/1065/557 498/974/493
f 498/969/493 591/1066/557 592/1067/558 497/970/494
f 591/1068/557 594/1069/559 593/1070/560 592/1071/558
f 590/1072/556 595/1073/561 594/1069/559 591/1068/557
f 589/1063/555 596/1074/562 595/1075/561 590/1064/556
f 599/1076/563 593/1077/560 594/1078/559
f 599/1076/563 594/1078/559 595/1079/561
f 599/1076/563 595/1079/561 596/1080/562
f 602/1081/564 609/1082/565 608/1083/566 603/1084/567
f 601/1085/568 610/1086/569 609/1087/565 602/1088/564
f 600/1089/570 611/1090/571 610/1091/569 601/1092/568
f 611/1093/571 612/1094/572 613/1095/573 610/1096/569
f 610/1096/569 613/1095/573 614/1097/574 609/1098/565
f 609/1099/565 614/1100/574 615/1101/575 608/1102/566
f 618/1103/576 613/1104/573 612/1105/572
f 618/1103/576 614/1106/574 613/1104/573
f 618/1103/576 615/1107/575 614/1106/574
f 622/1108/577 623/1109/578 567/1036/540 566/1035/539
f 623/1110/578 624/1111/579 568/1112/541 567/1113/540
f 624/1114/579 619/1115/580 563/1116/542 568/1117/541
f 524/1118/514 523/1119/513 629/1120/581 628/1121/582
f 628/1122/582 629/1123/581 623/1124/578 622/1125/577
f 523/1126/513 522/1127/512 630/1128/583 629/1129/581
f 629/1130/581 630/1131/583 624/1111/579 623/1110/578
f 522/1132/512 521/1133/511 625/1134/584 630/1135/583
f 630/1135/583 625/1134/584 619/1115/580 624/1114/579
f 507/1136/501 508/1137/502 632/1138/585 631/1139/586
f 631/1139/586 632/1138/585 570/1046/544 569/1045/543
f 506/1140/499 507/1141/501 631/1142/586 633/1143/587
f 633/1143/587 631/1142/586 569/1050/543 571/1049/547
f 505/1144/500 506/1145/499 633/1146/587 634/1147/588
f 634/1148/588 633/1149/587 571/1150/547 572/1151/549
f 536/1152/521 535/1153/519 641/1154/589 640/1155/590
f 640/1155/590 641/1154/589 561/1026/532 560/1025/531
f 535/1156/519 534/1157/517 642/1158/591 641/1159/589
f 641/1154/589 642/1160/591 562/1161/535 561/1026/532
f 534/1157/517 533/1162/516 637/1163/592 642/1158/591
f 642/1164/591 637/1165/592 557/1166/537 562/1167/535
f 555/1168/528 556/1169/530 644/1170/593 643/1171/594
f 643/1171/594 644/1170/593 600/1089/570 601/1092/568
f 554/1016/524 555/1172/528 643/1173/594 645/1174/595
f 645/1174/595 643/1173/594 601/1085/568 602/1088/564
f 553/1017/525 554/1016/524 645/1174/595 646/1175/596
f 646/1176/596 645/1177/595 602/1081/564 603/1084/567
f 501/1178/597 495/1179/598 649/1180/599 650/1181/600
f 650/1181/600 649/1180/599 496/1182/601 502/1183/602
f 495/1184/598 504/1185/603 651/1186/604 649/1187/599
f 649/1187/599 651/1186/604 503/1188/605 496/1189/601
f 513/1190/606 516/1191/607 653/1192/608 652/1193/609
f 652/1193/609 653/1192/608 515/1194/610 514/1195/611
f 516/1196/607 525/1197/612 654/1198/613 653/1199/608
f 653/1199/608 654/1198/613 526/1200/614 515/1201/610
f 528/1202/615 537/1203/616 656/1204/617 655/1205/618
f 655/1205/618 656/1204/617 538/1206/619 527/1207/620
f 549/1208/621 552/1209/622 659/1210/623 658/1211/624
f 658/1211/624 659/1210/623 551/1212/625 550/1213/626
f 539/1214/627 558/1215/628 660/1216/629 657/1217/630
f 657/1217/630 660/1216/629 559/1218/631 540/1219/632
f 527/1220/620 564/1221/633 661/1222/634 655/1223/618
f 655/1223/618 661/1222/634 565/1224/635 528/1225/615
f 580/1226/636 574/1227/637 662/1228/638 663/1229/639
f 663/1229/639 662/1228/638 573/1230/640 579/1231/641
f 514/1195/611 580/1226/636 663/1229/639 652/1193/609
f 652/1193/609 663/1229/639 579/1231/641 513/1190/606
f 586/1232/642 539/1214/627 657/1217/630 664/1233/643
f 664/1233/643 657/1217/630 540/1219/632 585/1234/644
f 550/1213/626 586/1232/642 664/1233/643 658/1211/624
f 658/1211/624 664/1233/643 585/1234/644 549/1208/621
f 502/1183/602 587/1235/645 665/1236/646 650/1181/600
f 650/1181/600 665/1236/646 588/1237/647 501/1178/597
f 587/1235/645 598/1238/648 666/1239/649 665/1236/646
f 665/1236/646 666/1239/649 597/1240/650 588/1237/647
f 598/1241/648 599/1076/563 666/1242/649
f 666/1242/649 599/1076/563 597/1243/650
f 604/1244/651 607/1245/652 668/1246/653 667/1247/654
f 667/1247/654 668/1246/653 606/1248/655 605/1249/656
f 607/1245/652 616/1250/657 669/1251/658 668/1246/653
f 668/1246/653 669/1251/658 617/1252/659 606/1248/655
f 616/1253/657 618/1103/576 669/1254/658
f 669/1254/658 618/1103/576 617/1255/659
f 564/1221/633 620/1256/660 670/1257/661 661/1222/634
f 661/1222/634 670/1257/661 621/1258/662 565/1224/635
f 626/1259/663 526/1260/614 654/1261/613 671/1262/664
f 671/1262/664 654/1261/613 525/1263/612 627/1264/665
f 620/1256/660 626/1259/663 671/1262/664 670/1257/661
f 670/1257/661 671/1262/664 627/1264/665 621/1258/662
f 636/1265/666 503/1266/605 651/1267/604 672/1268/667
f 672/1268/667 651/1267/604 504/1269/603 635/1270/668
f 574/1271/637 636/1272/666 672/1273/667 662/1274/638
f 662/1274/638 672/1273/667 635/1275/668 573/1276/640
f 638/1277/669 538/1278/619 656/1279/617 673/1280/670
f 673/1280/670 656/1279/617 537/1281/616 639/1282/671
f 558/1283/628 638/1284/669 673/1285/670 660/1286/629
f 660/1286/629 673/1285/670 639/1287/671 559/1288/631
f 648/1289/672 551/1212/625 659/1210/623 674/1290/673
f 674/1290/673 659/1210/623 552/1209/622 647/1291/674
f 605/1249/656 648/1289/672 674/1290/673 667/1247/654
f 667/1247/654 674/1290/673 647/1291/674 604/1244/651
f 500/977/498 494/976/497 675/1292/675 676/1293/676
f 676/1293/676 675/1292/675 495/1294/598 501/1295/597
f 494/982/497 505/981/500 677/1296/677 675/1297/675
f 675/1297/675 677/1296/677 504/1185/603 495/1184/598
f 512/990/506 517/989/505 679/1298/678 678/1299/679
f 678/1299/679 679/1298/678 516/1300/607 513/1301/606
f 517/1006/505 524/1005/514 680/1302/680 679/1303/678
f 679/1303/678 680/1302/680 525/1197/612 516/1196/607
f 529/1014/522 536/1013/521 682/1304/681 681/1305/682
f 681/1305/682 682/1304/681 537/1203/616 528/1202/615
f 548/1306/526 553/1307/525 685/1308/683 684/1309/684
f 684/1309/684 685/1308/683 552/1310/622 549/1311/621
f 540/1312/632 559/1313/631 686/1314/685 683/1315/686
f 683/1315/686 686/1314/685 560/1316/531 541/1317/534
f 528/1318/615 565/1319/635 687/1320/687 681/1321/682
f 681/1321/682 687/1320/687 566/1322/539 529/1323/522
f 579/1324/641 573/1325/640 688/1326/688 689/1327/689
f 689/1327/689 688/1326/688 572/1053/549 578/1056/550
f 513/1301/606 579/1324/641 689/1327/689 678/1299/679
f 678/1299/679 689/1327/689 578/1056/550 512/990/506
f 585/1328/644 540/1312/632 683/1315/686 690/1329/690
f 690/1329/690 683/1315/686 541/1317/534 584/1330/554
f 549/1311/621 585/1328/644 690/1329/690 684/1309/684
f 684/1309/684 690/1329/690 584/1330/554 548/1306/526
f 501/1331/597 588/1332/647 691/1333/691 676/1334/676
f 676/1334/676 691/1333/691 589/1335/555 500/1336/498
f 588/1332/647 597/1337/650 692/1338/692 691/1333/691
f 691/1333/691 692/1338/692 596/1339/562 589/1335/555
f 597/1243/650 599/1076/563 692/1340/692
f 692/1340/692 599/1076/563 596/1080/562
f 603/1084/567 608/1083/566 694/1341/693 693/1342/694
f 693/1342/694 694/1341/693 607/1343/652 604/1344/651
f 608/1345/566 615/1346/575 695/1347/695 694/1348/693
f 694/1348/693 695/1347/695 616/1349/657 607/1350/652
f 615/1107/575 618/1103/576 695/1351/695
f 695/1351/695 618/1103/576 616/1253/657
f 565/1352/635 621/1353/662 696/1354/696 687/1355/687
f 687/1355/687 696/1354/696 622/1108/577 566/1035/539
f 627/1356/665 525/1357/612 680/1358/680 697/1359/697
f 697/1359/697 680/1358/680 524/1118/514 628/1121/582
f 621/1353/662 627/1356/665 697/1359/697 696/1354/696
f 696/1354/696 697/1359/697 628/1121/582 622/1108/577
f 635/1360/668 504/1361/603 677/1362/677 698/1363/698
f 698/1363/698 677/1362/677 505/1144/500 634/1147/588
f 573/1276/640 635/1275/668 698/1364/698 688/1365/688
f 688/1365/688 698/1364/698 634/1148/588 572/1151/549
f 639/1366/671 537/1367/616 682/1368/681 699/1369/699
f 699/1369/699 682/1368/681 536/1370/521 640/1371/590
f 559/1313/631 639/1366/671 699/1369/699 686/1314/685
f 686/1314/685 699/1369/699 640/1371/590 560/1316/531
f 647/1372/674 552/1310/622 685/1308/683 700/1373/700
f 700/1373/700 685/1308/683 553/1307/525 646/1374/596
f 604/1344/651 647/1375/674 700/1376/700 693/1342/694
f 693/1342/694 700/1376/700 646/1176/596 603/1084/567
f 491/1377/491 497/1378/494 702/1379/701 701/1380/702
f 701/1380/702 702/1379/701 502/1183/602 496/1182/601
f 496/1189/601 503/1188/605 703/1381/703 701/1382/702
f 701/1382/702 703/1381/703 508/986/502 491/985/491
f 514/1195/611 515/1194/610 705/1383/704 704/1384/705
f 704/1384/705 705/1383/704 520/1385/510 509/1386/509
f 515/1201/610 526/1200/614 706/1387/706 705/1388/704
f 705/1388/704 706/1387/706 521/1000/511 520/999/510
f 527/1207/620 538/1206/619 708/1389/707 707/1390/708
f 707/1390/708 708/1389/707 533/1008/516 532/1007/515
f 550/1213/626 551/1212/625 711/1391/709 710/1392/710
f 710/1392/710 711/1391/709 556/1393/530 545/1394/529
f 544/1395/538 557/1396/537 712/1397/711 709/1398/712
f 709/1398/712 712/1397/711 558/1215/628 539/1214/627
f 532/1399/515 563/1400/542 713/1401/713 707/1402/708
f 707/1402/708 713/1401/713 564/1221/633 527/1220/620
f 576/1403/545 570/1404/544 714/1405/714 715/1406/715
f 715/1406/715 714/1405/714 574/1227/637 580/1226/636
f 509/1386/509 576/1403/545 715/1406/715 704/1384/705
f 704/1384/705 715/1406/715 580/1226/636 514/1195/611
f 582/1407/551 544/1395/538 709/1398/712 716/1408/716
f 716/1408/716 709/1398/712 539/1214/627 586/1232/642
f 545/1394/529 582/1407/551 716/1408/716 710/1392/710
f 710/1392/710 716/1408/716 586/1232/642 550/1213/626
f 497/970/494 592/1067/558 717/1409/717 702/1410/701
f 702/1410/701 717/1409/717 587/1411/645 502/1412/602
f 592/1413/558 593/1414/560 718/1415/718 717/1416/717
f 717/1416/717 718/1415/718 598/1238/648 587/1235/645
f 593/1077/560 599/1076/563 718/1417/718
f 718/1417/718 599/1076/563 598/1241/648
f 605/1249/656 606/1248/655 720/1418/719 719/1419/720
f 719/1419/720 720/1418/719 611/1420/571 600/1421/570
f 606/1248/655 617/1252/659 721/1422/721 720/1418/719
f 720/1418/719 721/1422/721 612/1423/572 611/1420/571
f 617/1255/659 618/1103/576 721/1424/721
f 721/1424/721 618/1103/576 612/1105/572
f 563/1116/542 619/1115/580 722/1425/722 713/1426/713
f 713/1426/713 722/1425/722 620/1427/660 564/1428/633
f 625/1429/584 521/1430/511 706/1431/706 723/1432/723
f 723/1432/723 706/1431/706 526/1260/614 626/1259/663
f 619/1115/580 625/1134/584 723/1433/723 722/1425/722
f 722/1425/722 723/1433/723 626/1434/663 620/1427/660
f 632/1435/585 508/1436/502 703/1437/703 724/1438/724
f 724/1438/724 703/1437/703 503/1266/605 636/1265/666
f 570/1046/544 632/1138/585 724/1439/724 714/1440/714
f 714/1440/714 724/1439/724 636/1441/666 574/1442/637
f 637/1443/592 533/1444/516 708/1445/707 725/1446/725
f 725/1446/725 708/1445/707 538/1278/619 638/1277/669
f 557/1166/537 637/1165/592 725/1447/725 712/1448/711
f 712/1448/711 725/1447/725 638/1284/669 558/1283/628
f 644/1449/593 556/1393/530 711/1391/709 726/1450/726
f 726/1450/726 711/1391/709 551/1212/625 648/1289/672
f 600/1421/570 644/1449/593 726/1450/726 719/1419/720
f 719/1419/720 726/1450/726 648/1289/672 605/1249/656
f 727/1451/727 733/1452/728 734/1453/729 728/1454/730
f 728/1455/730 734/1456/729 735/1457/731 729/1458/732
f 729/1459/732 735/1460/731 736/1461/733 730/1462/734
f 729/1463/732 730/1464/734 741/1465/735 742/1466/736
f 728/1467/730 729/1463/732 742/1466/736 743/1468/737
f 727/1469/727 728/1467/730 743/1468/737 744/1470/738
f 747/1471/739 748/1472/740 753/1473/741 754/1474/742
f 746/1475/743 747/1476/739 754/1477/742 755/1478/744
f 745/1479/745 746/1480/743 755/1481/744 756/1482/746
f 756/1482/746 755/1481/744 758/1483/747 757/1484/748
f 755/1478/744 754/1477/742 759/1485/749 758/1486/747
f 754/1487/742 753/1488/741 760/1489/750 759/1490/749
f 768/1491/751 767/1492/752 770/1493/753 769/1494/754
f 767/1492/752 766/1495/755 771/1496/756 770/1493/753
f 766/1495/755 765/1497/757 772/1498/758 771/1496/756
f 783/1499/759 784/1500/760 789/1501/761 790/1502/762
f 782/1503/763 783/1504/759 790/1505/762 791/1506/764
f 781/1507/765 782/1503/763 791/1506/764 792/1508/766
f 796/1509/767 777/1510/768 778/1511/769 797/1512/770
f 797/1513/770 778/1514/769 779/1515/771 798/1516/772
f 798/1516/772 779/1515/771 780/1517/773 793/1518/774
f 802/1519/775 765/1520/757 766/1521/755 803/1522/776
f 803/1523/776 766/1524/755 767/1525/752 804/1526/777
f 804/1526/777 767/1525/752 768/1527/751 799/1528/778
f 805/1529/779 811/1530/780 812/1531/781 806/1532/782
f 811/1530/780 746/1480/743 745/1479/745 812/1531/781
f 807/1533/783 813/1534/784 811/1535/780 805/1536/779
f 813/1534/784 747/1476/739 746/1475/743 811/1535/780
f 808/1537/785 814/1538/786 813/1539/784 807/1540/783
f 814/1538/786 748/1472/740 747/1471/739 813/1539/784
f 779/1515/771 817/1541/787 818/1542/788 780/1517/773
f 817/1541/787 782/1503/763 781/1507/765 818/1542/788
f 778/1514/769 819/1543/789 817/1541/787 779/1515/771
f 819/1543/789 783/1504/759 782/1503/763 817/1541/787
f 777/1510/768 820/1544/790 819/1545/789 778/1511/769
f 820/1544/790 784/1500/760 783/1499/759 819/1545/789
f 736/1546/733 735/1457/731 826/1547/791 825/1548/792
f 735/1457/731 734/1456/729 827/1549/793 826/1547/791
f 734/1453/729 733/1452/728 828/1550/794 827/1551/793
f 827/1551/793 828/1550/794 829/1552/795 830/1553/796
f 826/1554/791 827/1555/793 830/1556/796 831/1557/797
f 825/1558/792 826/1554/791 831/1557/797 832/1559/798
f 837/1560/799 838/1561/800 843/1562/801 844/1563/802
f 836/1564/803 837/1565/799 844/1566/802 845/1567/804
f 835/1568/805 836/1569/803 845/1570/804 846/1571/806
f 846/1572/806 845/1573/804 848/1574/807 847/1575/808
f 845/1573/804 844/1576/802 849/1577/809 848/1574/807
f 844/1563/802 843/1562/801 850/1578/810 849/1579/809
f 853/1580/811 847/1581/808 848/1582/807
f 853/1580/811 848/1582/807 849/1583/809
f 853/1580/811 849/1583/809 850/1584/810
f 857/1585/812 802/1519/775 803/1522/776 858/1586/813
f 858/1587/813 803/1588/776 804/1589/777 859/1590/814
f 859/1591/814 804/1526/777 799/1528/778 854/1592/815
f 760/1593/750 863/1594/816 864/1595/817 759/1596/749
f 863/1594/816 857/1585/812 858/1586/813 864/1595/817
f 759/1597/749 864/1598/817 865/1599/818 758/1600/747
f 864/1601/817 858/1587/813 859/1590/814 865/1602/818
f 758/1600/747 865/1599/818 860/1603/819 757/1604/748
f 865/1605/818 859/1606/814 854/1607/815 860/1608/819
f 743/1468/737 866/1609/820 867/1610/821 744/1470/738
f 866/1609/820 805/1529/779 806/1532/782 867/1610/821
f 742/1611/736 868/1612/822 866/1613/820 743/1614/737
f 868/1612/822 807/1533/783 805/1536/779 866/1613/820
f 741/1615/735 869/1616/823 868/1617/822 742/1618/736
f 869/1619/823 808/1620/785 807/1621/783 868/1622/822
f 772/1623/758 875/1624/824 876/1625/825 771/1626/756
f 875/1627/824 796/1628/767 797/1629/770 876/1630/825
f 771/1631/756 876/1632/825 877/1633/826 770/1634/753
f 876/1630/825 797/1629/770 798/1635/772 877/1636/826
f 770/1634/753 877/1633/826 872/1637/827 769/1638/754
f 877/1633/826 798/1516/772 793/1518/774 872/1637/827
f 791/1506/764 878/1639/828 879/1640/829 792/1508/766
f 878/1641/828 836/1569/803 835/1568/805 879/1642/829
f 790/1505/762 880/1643/830 878/1639/828 791/1506/764
f 880/1644/830 837/1565/799 836/1564/803 878/1645/828
f 789/1501/761 881/1646/831 880/1647/830 790/1502/762
f 881/1646/831 838/1561/800 837/1560/799 880/1647/830
f 737/1648/832 885/1649/833 884/1650/834 731/1651/835
f 885/1649/833 738/1652/836 732/1653/837 884/1650/834
f 731/1654/835 884/1655/834 886/1656/838 740/1657/839
f 884/1655/834 732/1658/837 739/1659/840 886/1656/838
f 749/1660/841 887/1661/842 888/1662/843 752/1663/844
f 887/1661/842 750/1664/845 751/1665/846 888/1662/843
f 752/1666/844 888/1667/843 889/1668/847 761/1669/848
f 888/1667/843 751/1670/846 762/1671/849 889/1668/847
f 764/1672/850 890/1673/851 891/1674/852 773/1675/853
f 890/1673/851 763/1676/854 774/1677/855 891/1674/852
f 785/1678/856 893/1679/857 894/1680/858 788/1681/859
f 893/1679/857 786/1682/860 787/1683/861 894/1680/858
f 775/1684/862 892/1685/863 895/1686/864 794/1687/865
f 892/1685/863 776/1688/866 795/1689/867 895/1686/864
f 763/1690/854 890/1691/851 896/1692/868 800/1693/869
f 890/1691/851 764/1694/850 801/1695/870 896/1692/868
f 816/1696/871 898/1697/872 897/1698/873 810/1699/874
f 898/1697/872 815/1700/875 809/1701/876 897/1698/873
f 750/1664/845 887/1661/842 898/1697/872 816/1696/871
f 887/1661/842 749/1660/841 815/1700/875 898/1697/872
f 822/1702/877 899/1703/878 892/1685/863 775/1684/862
f 899/1703/878 821/1704/879 776/1688/866 892/1685/863
f 786/1705/860 893/1706/857 899/1703/878 822/1702/877
f 893/1706/857 785/1707/856 821/1704/879 899/1703/878
f 738/1708/836 885/1709/833 900/1710/880 823/1711/881
f 885/1709/833 737/1712/832 824/1713/882 900/1710/880
f 823/1711/881 900/1710/880 901/1714/883 834/1715/884
f 900/1716/880 824/1717/882 833/1718/885 901/1719/883
f 839/1720/886 902/1721/887 903/1722/888 842/1723/889
f 902/1721/887 840/1724/890 841/1725/891 903/1722/888
f 842/1723/889 903/1722/888 904/1726/892 851/1727/893
f 903/1722/888 841/1725/891 852/1728/894 904/1726/892
f 851/1729/893 904/1730/892 853/1580/811
f 904/1730/892 852/1731/894 853/1580/811
f 800/1693/869 896/1692/868 905/1732/895 855/1733/896
f 896/1692/868 801/1695/870 856/1734/897 905/1732/895
f 861/1735/898 906/1736/899 889/1668/847 762/1671/849
f 906/1736/899 862/1737/900 761/1669/848 889/1668/847
f 855/1733/896 905/1732/895 906/1736/899 861/1735/898
f 905/1732/895 856/1734/897 862/1737/900 906/1736/899
f 871/1738/901 907/1739/902 886/1740/838 739/1741/840
f 907/1739/902 870/1742/903 740/1743/839 886/1740/838
f 810/1744/874 897/1745/873 907/1746/902 871/1747/901
f 897/1745/873 809/1748/876 870/1749/903 907/1746/902
f 873/1750/904 908/1751/905 891/1752/852 774/1753/855
f 908/1751/905 874/1754/906 773/1755/853 891/1752/852
f 794/1756/865 895/1757/864 908/1758/905 873/1759/904
f 895/1757/864 795/1760/867 874/1761/906 908/1758/905
f 883/1762/907 909/1763/908 894/1764/858 787/1765/861
f 909/1763/908 882/1766/909 788/1767/859 894/1764/858
f 840/1724/890 902/1721/887 909/1763/908 883/1762/907
f 902/1721/887 839/1720/886 882/1766/909 909/1763/908
f 736/1768/733 911/1769/910 910/1770/911 730/1771/734
f 911/1769/910 737/1712/832 731/1772/835 910/1770/911
f 730/1464/734 910/1773/911 912/1774/912 741/1465/735
f 910/1773/911 731/1654/835 740/1657/839 912/1774/912
f 748/1775/740 913/1776/913 914/1777/914 753/1778/741
f 913/1776/913 749/1660/841 752/1663/844 914/1777/914
f 753/1488/741 914/1779/914 915/1780/915 760/1489/750
f 914/1779/914 752/1666/844 761/1669/848 915/1780/915
f 765/1497/757 916/1781/916 917/1782/917 772/1498/758
f 916/1781/916 764/1672/850 773/1675/853 917/1782/917
f 784/1783/760 919/1784/918 920/1785/919 789/1786/761
f 919/1784/918 785/1707/856 788/1767/859 920/1785/919
f 776/1688/866 918/1787/920 921/1788/921 795/1689/867
f 918/1787/920 777/1789/768 796/1790/767 921/1788/921
f 764/1694/850 916/1791/916 922/1792/922 801/1695/870
f 916/1791/916 765/1793/757 802/1794/775 922/1792/922
f 815/1795/875 924/1796/923 923/1797/924 809/1798/876
f 924/1796/923 814/1538/786 808/1537/785 923/1797/924
f 749/1660/841 913/1776/913 924/1799/923 815/1700/875
f 913/1776/913 748/1775/740 814/1800/786 924/1799/923
f 821/1704/879 925/1801/925 918/1787/920 776/1688/866
f 925/1801/925 820/1802/790 777/1789/768 918/1787/920
f 785/1707/856 919/1784/918 925/1801/925 821/1704/879
f 919/1784/918 784/1783/760 820/1802/790 925/1801/925
f 737/1712/832 911/1769/910 926/1803/926 824/1713/882
f 911/1769/910 736/1768/733 825/1804/792 926/1803/926
f 824/1713/882 926/1803/926 927/1805/927 833/1806/885
f 926/1803/926 825/1804/792 832/1807/798 927/1805/927
f 838/1808/800 928/1809/928 929/1810/929 843/1811/801
f 928/1809/928 839/1720/886 842/1723/889 929/1810/929
f 843/1811/801 929/1810/929 930/1812/930 850/1813/810
f 929/1810/929 842/1723/889 851/1727/893 930/1812/930
f 850/1584/810 930/1814/930 853/1580/811
f 930/1814/930 851/1729/893 853/1580/811
f 801/1695/870 922/1792/922 931/1815/931 856/1734/897
f 922/1792/922 802/1794/775 857/1816/812 931/1815/931
f 862/1737/900 932/1817/932 915/1780/915 761/1669/848
f 932/1817/932 863/1818/816 760/1489/750 915/1780/915
f 856/1734/897 931/1815/931 932/1817/932 862/1737/900
f 931/1815/931 857/1816/812 863/1818/816 932/1817/932
f 870/1749/903 933/1819/933 912/1820/912 740/1821/839
f 933/1819/933 869/1619/823 741/1822/735 912/1820/912
f 809/1748/876 923/1823/924 933/1819/933 870/1749/903
f 923/1823/924 808/1620/785 869/1619/823 933/1819/933
f 874/1754/906 934/1824/934 917/1825/917 773/1755/853
f 934/1824/934 875/1826/824 772/1827/758 917/1825/917
f 795/1828/867 921/1829/921 934/1830/934 874/1831/906
f 921/1829/921 796/1628/767 875/1627/824 934/1830/934
f 882/1766/909 935/1832/935 920/1785/919 788/1767/859
f 935/1832/935 881/1833/831 789/1786/761 920/1785/919
f 839/1720/886 928/1809/928 935/1832/935 882/1766/909
f 928/1809/928 838/1808/800 881/1833/831 935/1832/935
f 727/1834/727 936/1835/936 937/1836/937 733/1837/728
f 936/1835/936 732/1653/837 738/1652/836 937/1836/937
f 732/1658/837 936/1838/936 938/1839/938 739/1659/840
f 936/1838/936 727/1469/727 744/1470/738 938/1839/938
f 750/1840/845 939/1841/939 940/1842/940 751/1843/846
f 939/1841/939 745/1479/745 756/1482/746 940/1842/940
f 751/1670/846 940/1844/940 941/1845/941 762/1671/849
f 940/1844/940 756/1846/746 757/1847/748 941/1845/941
f 763/1676/854 942/1848/942 943/1849/943 774/1677/855
f 942/1848/942 768/1491/751 769/1494/754 943/1849/943
f 786/1682/860 945/1850/944 946/1851/945 787/1683/861
f 945/1850/944 781/1852/765 792/1853/766 946/1851/945
f 780/1854/773 944/1855/946 947/1856/947 793/1857/774
f 944/1855/946 775/1858/862 794/1756/865 947/1856/947
f 768/1859/751 942/1860/942 948/1861/948 799/1862/778
f 942/1860/942 763/1863/854 800/1864/869 948/1861/948
f 812/1531/781 950/1865/949 949/1866/950 806/1532/782
f 950/1865/949 816/1867/871 810/1868/874 949/1866/950
f 745/1479/745 939/1841/939 950/1865/949 812/1531/781
f 939/1841/939 750/1840/845 816/1867/871 950/1865/949
f 818/1869/788 951/1870/951 944/1855/946 780/1854/773
f 951/1870/951 822/1871/877 775/1858/862 944/1855/946
f 781/1852/765 945/1850/944 951/1870/951 818/1869/788
f 945/1850/944 786/1682/860 822/1871/877 951/1870/951
f 733/1837/728 937/1836/937 952/1872/952 828/1873/794
f 937/1836/937 738/1652/836 823/1874/881 952/1872/952
f 828/1873/794 952/1872/952 953/1875/953 829/1876/795
f 952/1872/952 823/1874/881 834/1877/884 953/1875/953
f 840/1878/890 954/1879/954 955/1880/955 841/1881/891
f 954/1879/954 835/1568/805 846/1571/806 955/1880/955
f 841/1881/891 955/1880/955 956/1882/956 852/1883/894
f 955/1880/955 846/1571/806 847/1884/808 956/1882/956
f 852/1731/894 956/1885/956 853/1580/811
f 956/1885/956 847/1581/808 853/1580/811
f 799/1862/778 948/1861/948 957/1886/957 854/1607/815
f 948/1861/948 800/1864/869 855/1887/896 957/1886/957
f 860/1888/819 958/1889/958 941/1890/941 757/1891/748
f 958/1889/958 861/1892/898 762/1893/849 941/1890/941
f 854/1607/815 957/1886/957 958/1894/958 860/1608/819
f 957/1886/957 855/1887/896 861/1895/898 958/1894/958
f 867/1896/821 959/1897/959 938/1898/938 744/1899/738
f 959/1897/959 871/1738/901 739/1741/840 938/1898/938
f 806/1532/782 949/1866/950 959/1900/959 867/1610/821
f 949/1866/950 810/1868/874 871/1901/901 959/1900/959
f 872/1902/827 960/1903/960 943/1904/943 769/1905/754
f 960/1903/960 873/1759/904 774/1906/855 943/1904/943
f 793/1857/774 947/1856/947 960/1903/960 872/1902/827
f 947/1856/947 794/1756/865 873/1759/904 960/1903/960
f 879/1642/829 961/1907/961 946/1851/945 792/1853/766
f 961/1907/961 883/1908/907 787/1683/861 946/1851/945
f 835/1568/805 954/1879/954 961/1907/961 879/1642/829
f 954/1879/954 840/1878/890 883/1908/907 961/1907/961
f 953/1875/953 834/1877/884 966/1909/962 962/1910/963
f 829/1876/795 953/1875/953 962/1910/963 971/1911/964
f 833/1912/885 927/1913/927 963/1914/965 967/1915/966
f 927/1913/927 832/1916/798 968/1917/967 963/1914/965
f 834/1918/884 901/1919/883 964/1920/968 966/1921/962
f 901/1919/883 833/1912/885 967/1915/966 964/1920/968
f 832/1922/798 831/1923/797 969/1924/969 968/1925/967
f 831/1557/797 830/1556/796 970/1926/970 969/1927/969
f 830/1928/796 829/1876/795 971/1911/964 970/1929/970
f 965/1930/971 970/1929/970 971/1911/964
f 965/1930/971 969/1931/969 970/1929/970
f 965/1930/971 968/1932/967 969/1931/969
f 966/1909/962 964/1933/968 965/1930/971
f 964/1933/968 967/1934/966 965/1930/971
f 967/1934/966 963/1935/965 965/1930/971
f 963/1935/965 968/1932/967 965/1930/971
f 971/1911/964 962/1910/963 965/1930/971
f 962/1910/963 966/1909/962 965/1930/971
f 972/1936/972 978/1937/973 979/1938/974 973/1939/975
f 973/1940/975 979/1941/974 980/1942/976 974/1943/977
f 974/1944/977 980/1945/976 981/1946/978 975/1947/979
f 974/1948/977 975/1949/979 986/1950/980 987/1951/981
f 973/1952/975 974/1948/977 987/1951/981 988/1953/982
f 972/1954/972 973/1952/975 988/1953/982 989/1955/983
f 992/1956/984 993/1957/985 998/1958/986 999/1959/987
f 991/1960/988 992/1961/984 999/1962/987 1000/1963/989
f 990/1964/990 991/1965/988 1000/1966/989 1001/1967/991
f 1001/1968/991 1000/1969/989 1003/1970/992 1002/1971/993
f 1000/1969/989 999/1972/987 1004/1973/994 1003/1970/992
f 999/1972/987 998/1974/986 1005/1975/995 1004/1973/994
f 1013/1976/996 1012/1977/997 1015/1978/998 1014/1979/999
f 1012/1977/997 1011/1980/1000 1016/1981/1001 1015/1978/998
f 1011/1980/1000 1010/1982/1002 1017/1983/1003 1016/1981/1001
f 1028/1984/1004 1029/1985/1005 1034/1986/1006 1035/1987/1007
f 1027/1988/1008 1028/1984/1004 1035/1987/1007 1036/1989/1009
f 1026/1990/1010 1027/1991/1008 1036/1992/1009 1037/1993/1011
f 1041/1994/1012 1022/1995/1013 1023/1996/1014 1042/1997/1015
f 1042/1997/1015 1023/1996/1014 1024/1998/1016 1043/1999/1017
f 1043/2000/1017 1024/2001/1016 1025/2002/1018 1038/2003/1019
f 1047/2004/1020 1010/2005/1002 1011/2006/1000 1048/2007/1021
f 1048/2008/1021 1011/2009/1000 1012/2010/997 1049/2011/1022
f 1049/2011/1022 1012/2010/997 1013/2012/996 1044/2013/1023
f 1050/2014/1024 1056/2015/1025 1057/2016/1026 1051/2017/1027
f 1056/2015/1025 991/1965/988 990/1964/990 1057/2016/1026
f 1052/2018/1028 1058/2019/1029 1056/2020/1025 1050/2021/1024
f 1058/2019/1029 992/1961/984 991/1960/988 1056/2020/1025
f 1053/2022/1030 1059/2023/1031 1058/2024/1029 1052/2025/1028
f 1059/2023/1031 993/1957/985 992/1956/984 1058/2024/1029
f 1024/2001/1016 1062/2026/1032 1063/2027/1033 1025/2002/1018
f 1062/2026/1032 1027/1991/1008 1026/1990/1010 1063/2027/1033
f 1023/1996/1014 1064/2028/1034 1062/2029/1032 1024/1998/1016
f 1064/2028/1034 1028/1984/1004 1027/1988/1008 1062/2029/1032
f 1022/1995/1013 1065/2030/1035 1064/2028/1034 1023/1996/1014
f 1065/2030/1035 1029/1985/1005 1028/1984/1004 1064/2028/1034
f 981/2031/978 980/1942/976 1071/2032/1036 1070/2033/1037
f 980/1942/976 979/1941/974 1072/2034/1038 1071/2032/1036
f 979/1938/974 978/1937/973 1073/2035/1039 1072/2036/1038
f 1072/2037/1038 1073/2038/1039 1074/2039/1040 1075/2040/1041
f 1071/2041/1036 1072/2037/1038 1075/2040/1041 1076/2042/1042
f 1070/2033/1037 1071/2032/1036 1076/2043/1042 1077/2044/1043
f 1082/2045/1044 1083/2046/1045 1088/2047/1046 1089/2048/1047
f 1081/2049/1048 1082/2050/1044 1089/2051/1047 1090/2052/1049
f 1080/2053/1050 1081/2054/1048 1090/2055/1049 1091/2056/1051
f 1091/2057/1051 1090/2058/1049 1093/2059/1052 1092/2060/1053
f 1090/2052/1049 1089/2051/1047 1094/2061/1054 1093/2062/1052
f 1089/2051/1047 1088/2063/1046 1095/2064/1055 1094/2061/1054
f 1098/2065/1056 1092/2066/1053 1093/2067/1052
f 1098/2065/1056 1093/2067/1052 1094/2068/1054
f 1098/2065/1056 1094/2068/1054 1095/2069/1055
f 1102/2070/1057 1047/2004/1020 1048/2007/1021 1103/2071/1058
f 1103/2072/1058 1048/2073/1021 1049/2074/1022 1104/2075/1059
f 1104/2076/1059 1049/2077/1022 1044/2078/1023 1099/2079/1060
f 1005/2080/995 1108/2081/1061 1109/2082/1062 1004/2083/994
f 1108/2081/1061 1102/2070/1057 1103/2071/1058 1109/2082/1062
f 1004/2084/994 1109/2085/1062 1110/2086/1063 1003/2087/992
f 1109/2088/1062 1103/2072/1058 1104/2075/1059 1110/2089/1063
f 1003/2090/992 1110/2091/1063 1105/2092/1064 1002/2093/993
f 1110/2091/1063 1104/2076/1059 1099/2079/1060 1105/2092/1064
f 988/2094/982 1111/2095/1065 1112/2096/1066 989/2097/983
f 1111/2095/1065 1050/2014/1024 1051/2017/1027 1112/2096/1066
f 987/2098/981 1113/2099/1067 1111/2100/1065 988/2101/982
f 1113/2099/1067 1052/2018/1028 1050/2021/1024 1111/2100/1065
f 986/2102/980 1114/2103/1068 1113/2104/1067 987/2105/981
f 1114/2106/1068 1053/2107/1030 1052/2018/1028 1113/2099/1067
f 1017/2108/1003 1120/2109/1069 1121/2110/1070 1016/2111/1001
f 1120/2109/1069 1041/1994/1012 1042/1997/1015 1121/2110/1070
f 1016/2111/1001 1121/2110/1070 1122/2112/1071 1015/2113/998
f 1121/2110/1070 1042/1997/1015 1043/1999/1017 1122/2112/1071
f 1015/2114/998 1122/2115/1071 1117/2116/1072 1014/2117/999
f 1122/2118/1071 1043/2119/1017 1038/2120/1019 1117/2121/1072
f 1036/1992/1009 1123/2122/1073 1124/2123/1074 1037/1993/1011
f 1123/2124/1073 1081/2054/1048 1080/2053/1050 1124/2125/1074
f 1035/1987/1007 1125/2126/1075 1123/2127/1073 1036/1989/1009
f 1125/2126/1075 1082/2050/1044 1081/2049/1048 1123/2127/1073
f 1034/1986/1006 1126/2128/1076 1125/2126/1075 1035/1987/1007
f 1126/2129/1076 1083/2046/1045 1082/2045/1044 1125/2130/1075
f 982/2131/1077 1130/2132/1078 1129/2133/1079 976/2134/1080
f 1130/2132/1078 983/2135/1081 977/2136/1082 1129/2133/1079
f 976/2134/1080 1129/2133/1079 1131/2137/1083 985/2138/1084
f 1129/2133/1079 977/2136/1082 984/2139/1085 1131/2137/1083
f 994/2140/1086 1132/2141/1087 1133/2142/1088 997/2143/1089
f 1132/2141/1087 995/2144/1090 996/2145/1091 1133/2142/1088
f 997/2146/1089 1133/2147/1088 1134/2148/1092 1006/2149/1093
f 1133/2147/1088 996/2150/1091 1007/2151/1094 1134/2148/1092
f 1009/2152/1095 1135/2153/1096 1136/2154/1097 1018/2155/1098
f 1135/2153/1096 1008/2156/1099 1019/2157/1100 1136/2154/1097
f 1030/2158/1101 1138/2159/1102 1139/2160/1103 1033/2161/1104
f 1138/2159/1102 1031/2162/1105 1032/2163/1106 1139/2160/1103
f 1020/2164/1107 1137/2165/1108 1140/2166/1109 1039/2167/1110
f 1137/2165/1108 1021/2168/1111 1040/2169/1112 1140/2166/1109
f 1008/2170/1099 1135/2171/1096 1141/2172/1113 1045/2173/1114
f 1135/2171/1096 1009/2174/1095 1046/2175/1115 1141/2172/1113
f 1061/2176/1116 1143/2177/1117 1142/2178/1118 1055/2179/1119
f 1143/2177/1117 1060/2180/1120 1054/2181/1121 1142/2178/1118
f 995/2144/1090 1132/2141/1087 1143/2177/1117 1061/2176/1116
f 1132/2141/1087 994/2140/1086 1060/2180/1120 1143/2177/1117
f 1067/2182/1122 1144/2183/1123 1137/2165/1108 1020/2164/1107
f 1144/2183/1123 1066/2184/1124 1021/2168/1111 1137/2165/1108
f 1031/2162/1105 1138/2159/1102 1144/2183/1123 1067/2182/1122
f 1138/2159/1102 1030/2158/1101 1066/2184/1124 1144/2183/1123
f 983/2135/1081 1130/2132/1078 1145/2185/1125 1068/2186/1126
f 1130/2132/1078 982/2131/1077 1069/2187/1127 1145/2185/1125
f 1068/2186/1126 1145/2185/1125 1146/2188/1128 1079/2189/1129
f 1145/2185/1125 1069/2187/1127 1078/2190/1130 1146/2188/1128
f 1084/2191/1131 1147/2192/1132 1148/2193/1133 1087/2194/1134
f 1147/2192/1132 1085/2195/1135 1086/2196/1136 1148/2193/1133
f 1087/2197/1134 1148/2198/1133 1149/2199/1137 1096/2200/1138
f 1148/2198/1133 1086/2201/1136 1097/2202/1139 1149/2199/1137
f 1096/2203/1138 1149/2204/1137 1098/2065/1056
f 1149/2204/1137 1097/2205/1139 1098/2065/1056
f 1045/2173/1114 1141/2172/1113 1150/2206/1140 1100/2207/1141
f 1141/2172/1113 1046/2175/1115 1101/2208/1142 1150/2206/1140
f 1106/2209/1143 1151/2210/1144 1134/2211/1092 1007/2212/1094
f 1151/2210/1144 1107/2213/1145 1006/2214/1093 1134/2211/1092
f 1100/2207/1141 1150/2206/1140 1151/2215/1144 1106/2216/1143
f 1150/2206/1140 1101/2208/1142 1107/2217/1145 1151/2215/1144
f 1116/2218/1146 1152/2219/1147 1131/2137/1083 984/2139/1085
f 1152/2219/1147 1115/2220/1148 985/2138/1084 1131/2137/1083
f 1055/2221/1119 1142/2222/1118 1152/2219/1147 1116/2218/1146
f 1142/2222/1118 1054/2223/1121 1115/2220/1148 1152/2219/1147
f 1118/2224/1149 1153/2225/1150 1136/2226/1097 1019/2227/1100
f 1153/2225/1150 1119/2228/1151 1018/2229/1098 1136/2226/1097
f 1039/2230/1110 1140/2231/1109 1153/2232/1150 1118/2233/1149
f 1140/2231/1109 1040/2234/1112 1119/2235/1151 1153/2232/1150
f 1128/2236/1152 1154/2237/1153 1139/2160/1103 1032/2163/1106
f 1154/2237/1153 1127/2238/1154 1033/2161/1104 1139/2160/1103
f 1085/2195/1135 1147/2192/1132 1154/2239/1153 1128/2240/1152
f 1147/2192/1132 1084/2191/1131 1127/2241/1154 1154/2239/1153
f 981/1946/978 1156/2242/1155 1155/2243/1156 975/1947/979
f 1156/2242/1155 982/2244/1077 976/2245/1080 1155/2243/1156
f 975/1949/979 1155/2246/1156 1157/2247/1157 986/1950/980
f 1155/2246/1156 976/2134/1080 985/2138/1084 1157/2247/1157
f 993/1957/985 1158/2248/1158 1159/2249/1159 998/1958/986
f 1158/2248/1158 994/2250/1086 997/2251/1089 1159/2249/1159
f 998/1974/986 1159/2252/1159 1160/2253/1160 1005/1975/995
f 1159/2252/1159 997/2146/1089 1006/2149/1093 1160/2253/1160
f 1010/1982/1002 1161/2254/1161 1162/2255/1162 1017/1983/1003
f 1161/2254/1161 1009/2152/1095 1018/2155/1098 1162/2255/1162
f 1029/2256/1005 1164/2257/1163 1165/2258/1164 1034/2259/1006
f 1164/2257/1163 1030/2158/1101 1033/2161/1104 1165/2258/1164
f 1021/2168/1111 1163/2260/1165 1166/2261/1166 1040/2169/1112
f 1163/2260/1165 1022/2262/1013 1041/2263/1012 1166/2261/1166
f 1009/2264/1095 1161/2265/1161 1167/2266/1167 1046/2267/1115
f 1161/2265/1161 1010/2005/1002 1047/2004/1020 1167/2266/1167
f 1060/2268/1120 1169/2269/1168 1168/2270/1169 1054/2271/1121
f 1169/2269/1168 1059/2023/1031 1053/2022/1030 1168/2270/1169
f 994/2250/1086 1158/2248/1158 1169/2269/1168 1060/2268/1120
f 1158/2248/1158 993/1957/985 1059/2023/1031 1169/2269/1168
f 1066/2184/1124 1170/2272/1170 1163/2260/1165 1021/2168/1111
f 1170/2272/1170 1065/2273/1035 1022/2262/1013 1163/2260/1165
f 1030/2158/1101 1164/2257/1163 1170/2272/1170 1066/2184/1124
f 1164/2257/1163 1029/2256/1005 1065/2273/1035 1170/2272/1170
f 982/2131/1077 1156/2274/1155 1171/2275/1171 1069/2187/1127
f 1156/2274/1155 981/2276/978 1070/2277/1037 1171/2275/1171
f 1069/2187/1127 1171/2275/1171 1172/2278/1172 1078/2190/1130
f 1171/2275/1171 1070/2277/1037 1077/2279/1043 1172/2278/1172
f 1083/2046/1045 1173/2280/1173 1174/2281/1174 1088/2047/1046
f 1173/2280/1173 1084/2282/1131 1087/2283/1134 1174/2281/1174
f 1088/2284/1046 1174/2285/1174 1175/2286/1175 1095/2287/1055
f 1174/2285/1174 1087/2197/1134 1096/2200/1138 1175/2286/1175
f 1095/2069/1055 1175/2288/1175 1098/2065/1056
f 1175/2288/1175 1096/2203/1138 1098/2065/1056
f 1046/2267/1115 1167/2266/1167 1176/2289/1176 1101/2290/1142
f 1167/2266/1167 1047/2004/1020 1102/2070/1057 1176/2289/1176
f 1107/2291/1145 1177/2292/1177 1160/2293/1160 1006/2294/1093
f 1177/2292/1177 1108/2081/1061 1005/2080/995 1160/2293/1160
f 1101/2290/1142 1176/2289/1176 1177/2292/1177 1107/2291/1145
f 1176/2289/1176 1102/2070/1057 1108/2081/1061 1177/2292/1177
f 1115/2295/1148 1178/2296/1178 1157/2297/1157 985/2298/1084
f 1178/2296/1178 1114/2103/1068 986/2102/980 1157/2297/1157
f 1054/2223/1121 1168/2299/1169 1178/2300/1178 1115/2220/1148
f 1168/2299/1169 1053/2301/1030 1114/2302/1068 1178/2300/1178
f 1119/2228/1151 1179/2303/1179 1162/2304/1162 1018/2229/1098
f 1179/2303/1179 1120/2305/1069 1017/2306/1003 1162/2304/1162
f 1040/2169/1112 1166/2261/1166 1179/2303/1179 1119/2228/1151
f 1166/2261/1166 1041/2263/1012 1120/2305/1069 1179/2303/1179
f 1127/2238/1154 1180/2307/1180 1165/2258/1164 1033/2161/1104
f 1180/2307/1180 1126/2308/1076 1034/2259/1006 1165/2258/1164
f 1084/2282/1131 1173/2280/1173 1180/2309/1180 1127/2310/1154
f 1173/2280/1173 1083/2046/1045 1126/2129/1076 1180/2309/1180
f 972/1936/972 1181/2311/1181 1182/2312/1182 978/1937/973
f 1181/2311/1181 977/2313/1082 983/2314/1081 1182/2312/1182
f 977/2136/1082 1181/2315/1181 1183/2316/1183 984/2139/1085
f 1181/2315/1181 972/1954/972 989/1955/983 1183/2316/1183
f 995/2317/1090 1184/2318/1184 1185/2319/1185 996/2320/1091
f 1184/2318/1184 990/1964/990 1001/1967/991 1185/2319/1185
f 996/2150/1091 1185/2321/1185 1186/2322/1186 1007/2151/1094
f 1185/2321/1185 1001/1968/991 1002/1971/993 1186/2322/1186
f 1008/2156/1099 1187/2323/1187 1188/2324/1188 1019/2157/1100
f 1187/2323/1187 1013/1976/996 1014/1979/999 1188/2324/1188
f 1031/2325/1105 1190/2326/1189 1191/2327/1190 1032/2328/1106
f 1190/2326/1189 1026/2329/1010 1037/2330/1011 1191/2327/1190
f 1025/2331/1018 1189/2332/1191 1192/2333/1192 1038/2334/1019
f 1189/2332/1191 1020/2335/1107 1039/2336/1110 1192/2333/1192
f 1013/2337/996 1187/2338/1187 1193/2339/1193 1044/2340/1023
f 1187/2338/1187 1008/2341/1099 1045/2342/1114 1193/2339/1193
f 1057/2016/1026 1195/2343/1194 1194/2344/1195 1051/2017/1027
f 1195/2343/1194 1061/2345/1116 1055/2346/1119 1194/2344/1195
f 990/1964/990 1184/2318/1184 1195/2343/1194 1057/2016/1026
f 1184/2318/1184 995/2317/1090 1061/2345/1116 1195/2343/1194
f 1063/2347/1033 1196/2348/1196 1189/2332/1191 1025/2331/1018
f 1196/2348/1196 1067/2349/1122 1020/2335/1107 1189/2332/1191
f 1026/2350/1010 1190/2351/1189 1196/2348/1196 1063/2347/1033
f 1190/2351/1189 1031/2352/1105 1067/2349/1122 1196/2348/1196
f 978/1937/973 1182/2312/1182 1197/2353/1197 1073/2035/1039
f 1182/2312/1182 983/2314/1081 1068/2354/1126 1197/2353/1197
f 1073/2035/1039 1197/2353/1197 1198/2355/1198 1074/2356/1040
f 1197/2353/1197 1068/2354/1126 1079/2357/1129 1198/2355/1198
f 1085/2358/1135 1199/2359/1199 1200/2360/1200 1086/2361/1136
f 1199/2359/1199 1080/2053/1050 1091/2056/1051 1200/2360/1200
f 1086/2362/1136 1200/2363/1200 1201/2364/1201 1097/2365/1139
f 1200/2363/1200 1091/2366/1051 1092/2367/1053 1201/2364/1201
f 1097/2205/1139 1201/2368/1201 1098/2065/1056
f 1201/2368/1201 1092/2066/1053 1098/2065/1056
f 1044/2078/1023 1193/2369/1193 1202/2370/1202 1099/2079/1060
f 1193/2369/1193 1045/2371/1114 1100/2372/1141 1202/2370/1202
f 1105/2092/1064 1203/2373/1203 1186/2374/1186 1002/2093/993
f 1203/2373/1203 1106/2375/1143 1007/2376/1094 1186/2374/1186
f 1099/2377/1060 1202/2378/1202 1203/2379/1203 1105/2380/1064
f 1202/2378/1202 1100/2207/1141 1106/2216/1143 1203/2379/1203
f 1112/2096/1066 1204/2381/1204 1183/2382/1183 989/2097/983
f 1204/2381/1204 1116/2383/1146 984/2384/1085 1183/2382/1183
f 1051/2385/1027 1194/2386/1195 1204/2387/1204 1112/2388/1066
f 1194/2386/1195 1055/2221/1119 1116/2218/1146 1204/2387/1204
f 1117/2121/1072 1205/2389/1205 1188/2324/1188 1014/1979/999
f 1205/2389/1205 1118/2233/1149 1019/2157/1100 1188/2324/1188
f 1038/2120/1019 1192/2390/1192 1205/2389/1205 1117/2121/1072
f 1192/2390/1192 1039/2230/1110 1118/2233/1149 1205/2389/1205
f 1124/2125/1074 1206/2391/1206 1191/2327/1190 1037/2330/1011
f 1206/2391/1206 1128/2392/1152 1032/2328/1106 1191/2327/1190
f 1080/2053/1050 1199/2359/1199 1206/2391/1206 1124/2125/1074
f 1199/2359/1199 1085/2358/1135 1128/2392/1152 1206/2391/1206
f 1198/2393/1198 1079/2394/1129 1211/2395/1207 1207/2396/1208
f 1074/2397/1040 1198/2393/1198 1207/2396/1208 1216/2398/1209
f 1078/2190/1130 1172/2278/1172 1208/2399/1210 1212/2400/1211
f 1172/2278/1172 1077/2279/1043 1213/2401/1212 1208/2399/1210
f 1079/2189/1129 1146/2188/1128 1209/2402/1213 1211/2403/1207
f 1146/2188/1128 1078/2190/1130 1212/2400/1211 1209/2402/1213
f 1077/2044/1043 1076/2043/1042 1214/2404/1214 1213/2405/1212
f 1076/2042/1042 1075/2040/1041 1215/2406/1215 1214/2407/1214
f 1075/2408/1041 1074/2397/1040 1216/2398/1209 1215/2409/1215
f 1210/2410/1216 1215/2411/1215 1216/2412/1209
f 1210/2410/1216 1214/2413/1214 1215/2411/1215
f 1210/2410/1216 1213/2414/1212 1214/2413/1214
f 1211/2415/1207 1209/2416/1213 1210/2410/1216
f 1209/2416/1213 1212/2417/1211 1210/2410/1216
f 1212/2417/1211 1208/2418/1210 1210/2410/1216
f 1208/2418/1210 1213/2414/1212 1210/2410/1216
f 1216/2412/1209 1207/2419/1208 1210/2410/1216
f 1207/2419/1208 1211/2415/1207 1210/2410/1216
f 1217/2420/1217 1223/2421/1218 1224/2422/1219 1218/2423/1220
f 1218/2424/1220 1224/2425/1219 1225/2426/1221 1219/2427/1222
f 1219/2428/1222 1225/2429/1221 1226/2430/1223 1220/2431/1224
f 1219/2432/1222 1220/2433/1224 1231/2434/1225 1232/2435/1226
f 1218/2436/1220 1219/2432/1222 1232/2435/1226 1233/2437/1227
f 1217/2438/1217 1218/2436/1220 1233/2437/1227 1234/2439/1228
f 1237/2440/1229 1238/2441/1230 1243/2442/1231 1244/2443/1232
f 1236/2444/1233 1237/2440/1229 1244/2443/1232 1245/2445/1234
f 1235/2446/1235 1236/2447/1233 1245/2448/1234 1246/2449/1236
f 1246/2450/1236 1245/2451/1234 1248/2452/1237 1247/2453/1238
f 1245/2451/1234 1244/2454/1232 1249/2455/1239 1248/2452/1237
f 1244/2456/1232 1243/2457/1231 1250/2458/1240 1249/2459/1239
f 1258/2460/1241 1257/2461/1242 1260/2462/1243 1259/2463/1244
f 1257/2461/1242 1256/2464/1245 1261/2465/1246 1260/2462/1243
f 1256/2464/1245 1255/2466/1247 1262/2467/1248 1261/2465/1246
f 1273/2468/1249 1274/2469/1250 1279/2470/1251 1280/2471/1252
f 1272/2472/1253 1273/2473/1249 1280/2474/1252 1281/2475/1254
f 1271/2476/1255 1272/2477/1253 1281/2478/1254 1282/2479/1256
f 1286/2480/1257 1267/2481/1258 1268/2482/1259 1287/2483/1260
f 1287/2484/1260 1268/2485/1259 1269/2486/1261 1288/2487/1262
f 1288/2488/1262 1269/2489/1261 1270/2490/1263 1283/2491/1264
f 1292/2492/1265 1255/2493/1247 1256/2494/1245 1293/2495/1266
f 1293/2496/1266 1256/2497/1245 1257/2498/1242 1294/2499/1267
f 1294/2500/1267 1257/2501/1242 1258/2502/1241 1289/2503/1268
f 1295/2504/1269 1301/2505/1270 1302/2506/1271 1296/2507/1272
f 1301/2508/1270 1236/2447/1233 1235/2446/1235 1302/2509/1271
f 1297/2510/1273 1303/2511/1274 1301/2512/1270 1295/2513/1269
f 1303/2514/1274 1237/2515/1229 1236/2516/1233 1301/2517/1270
f 1298/2518/1275 1304/2519/1276 1303/2520/1274 1297/2521/1273
f 1304/2522/1276 1238/2441/1230 1237/2440/1229 1303/2523/1274
f 1269/2489/1261 1307/2524/1277 1308/2525/1278 1270/2490/1263
f 1307/2524/1277 1272/2477/1253 1271/2476/1255 1308/2525/1278
f 1268/2485/1259 1309/2526/1279 1307/2527/1277 1269/2486/1261
f 1309/2526/1279 1273/2473/1249 1272/2472/1253 1307/2527/1277
f 1267/2481/1258 1310/2528/1280 1309/2529/1279 1268/2482/1259
f 1310/2528/1280 1274/2530/1250 1273/2531/1249 1309/2529/1279
f 1226/2532/1223 1225/2533/1221 1316/2534/1281 1315/2535/1282
f 1225/2426/1221 1224/2425/1219 1317/2536/1283 1316/2537/1281
f 1224/2422/1219 1223/2421/1218 1318/2538/1284 1317/2539/1283
f 1317/2539/1283 1318/2538/1284 1319/2540/1285 1320/2541/1286
f 1316/2537/1281 1317/2536/1283 1320/2542/1286 1321/2543/1287
f 1315/2544/1282 1316/2545/1281 1321/2546/1287 1322/2547/1288
f 1325/2548/1289 1320/2549/1286 1319/2550/1285
f 1325/2548/1289 1321/2551/1287 1320/2549/1286
f 1325/2548/1289 1322/2552/1288 1321/2551/1287
f 1328/2553/1290 1329/2554/1291 1334/2555/1292 1335/2556/1293
f 1327/2557/1294 1328/2558/1290 1335/2559/1293 1336/2560/1295
f 1326/2561/1296 1327/2562/1294 1336/2563/1295 1337/2564/1297
f 1337/2564/1297 1336/2563/1295 1339/2565/1298 1338/2566/1299
f 1336/2560/1295 1335/2559/1293 1340/2567/1300 1339/2568/1298
f 1335/2556/1293 1334/2555/1292 1341/2569/1301 1340/2570/1300
f 1344/2571/1302 1338/2572/1299 1339/2573/1298
f 1344/2571/1302 1339/2573/1298 1340/2574/1300
f 1344/2571/1302 1340/2574/1300 1341/2575/1301
f 1348/2576/1303 1292/2492/1265 1293/2495/1266 1349/2577/1304
f 1349/2578/1304 1293/2496/1266 1294/2499/1267 1350/2579/1305
f 1350/2580/1305 1294/2500/1267 1289/2503/1268 1345/2581/1306
f 1250/2582/1240 1354/2583/1307 1355/2584/1308 1249/2585/1239
f 1354/2586/1307 1348/2576/1303 1349/2577/1304 1355/2587/1308
f 1249/2585/1239 1355/2584/1308 1356/2588/1309 1248/2589/1237
f 1355/2590/1308 1349/2591/1304 1350/2592/1305 1356/2593/1309
f 1248/2594/1237 1356/2595/1309 1351/2596/1310 1247/2597/1238
f 1356/2593/1309 1350/2592/1305 1345/2598/1306 1351/2599/1310
f 1233/2600/1227 1357/2601/1311 1358/2602/1312 1234/2603/1228
f 1357/2604/1311 1295/2504/1269 1296/2507/1272 1358/2605/1312
f 1232/2606/1226 1359/2607/1313 1357/2608/1311 1233/2609/1227
f 1359/2610/1313 1297/2611/1273 1295/2504/1269 1357/2604/1311
f 1231/2612/1225 1360/2613/1314 1359/2614/1313 1232/2615/1226
f 1360/2613/1314 1298/2616/1275 1297/2617/1273 1359/2614/1313
f 1262/2618/1248 1366/2619/1315 1367/2620/1316 1261/2621/1246
f 1366/2622/1315 1286/2623/1257 1287/2624/1260 1367/2625/1316
f 1261/2621/1246 1367/2620/1316 1368/2626/1317 1260/2627/1243
f 1367/2620/1316 1287/2484/1260 1288/2487/1262 1368/2626/1317
f 1260/2628/1243 1368/2629/1317 1363/2630/1318 1259/2631/1244
f 1368/2629/1317 1288/2488/1262 1283/2491/1264 1363/2630/1318
f 1281/2478/1254 1369/2632/1319 1370/2633/1320 1282/2479/1256
f 1369/2632/1319 1327/2562/1294 1326/2561/1296 1370/2633/1320
f 1280/2474/1252 1371/2634/1321 1369/2635/1319 1281/2475/1254
f 1371/2634/1321 1328/2558/1290 1327/2557/1294 1369/2635/1319
f 1279/2636/1251 1372/2637/1322 1371/2638/1321 1280/2639/1252
f 1372/2637/1322 1329/2554/1291 1328/2553/1290 1371/2638/1321
f 1227/2640/1323 1376/2641/1324 1375/2642/1325 1221/2643/1326
f 1376/2641/1324 1228/2644/1327 1222/2645/1328 1375/2642/1325
f 1221/2646/1326 1375/2647/1325 1377/2648/1329 1230/2649/1330
f 1375/2647/1325 1222/2650/1328 1229/2651/1331 1377/2648/1329
f 1239/2652/1332 1378/2653/1333 1379/2654/1334 1242/2655/1335
f 1378/2653/1333 1240/2656/1336 1241/2657/1337 1379/2654/1334
f 1242/2658/1335 1379/2659/1334 1380/2660/1338 1251/2661/1339
f 1379/2659/1334 1241/2662/1337 1252/2663/1340 1380/2660/1338
f 1254/2664/1341 1381/2665/1342 1382/2666/1343 1263/2667/1344
f 1381/2665/1342 1253/2668/1345 1264/2669/1346 1382/2666/1343
f 1275/2670/1347 1384/2671/1348 1385/2672/1349 1278/2673/1350
f 1384/2671/1348 1276/2674/1351 1277/2675/1352 1385/2672/1349
f 1265/2676/1353 1383/2677/1354 1386/2678/1355 1284/2679/1356
f 1383/2677/1354 1266/2680/1357 1285/2681/1358 1386/2678/1355
f 1253/2682/1345 1381/2683/1342 1387/2684/1359 1290/2685/1360
f 1381/2683/1342 1254/2686/1341 1291/2687/1361 1387/2684/1359
f 1306/2688/1362 1389/2689/1363 1388/2690/1364 1300/2691/1365
f 1389/2689/1363 1305/2692/1366 1299/2693/1367 1388/2690/1364
f 1240/2656/1336 1378/2653/1333 1389/2689/1363 1306/2688/1362
f 1378/2653/1333 1239/2652/1332 1305/2692/1366 1389/2689/1363
f 1312/2694/1368 1390/2695/1369 1383/2677/1354 1265/2676/1353
f 1390/2695/1369 1311/2696/1370 1266/2680/1357 1383/2677/1354
f 1276/2674/1351 1384/2671/1348 1390/2695/1369 1312/2694/1368
f 1384/2671/1348 1275/2670/1347 1311/2696/1370 1390/2695/1369
f 1228/2644/1327 1376/2641/1324 1391/2697/1371 1313/2698/1372
f 1376/2641/1324 1227/2640/1323 1314/2699/1373 1391/2697/1371
f 1313/2698/1372 1391/2697/1371 1392/2700/1374 1324/2701/1375
f 1391/2697/1371 1314/2699/1373 1323/2702/1376 1392/2700/1374
f 1324/2703/1375 1392/2704/1374 1325/2548/1289
f 1392/2704/1374 1323/2705/1376 1325/2548/1289
f 1330/2706/1377 1393/2707/1378 1394/2708/1379 1333/2709/1380
f 1393/2707/1378 1331/2710/1381 1332/2711/1382 1394/2708/1379
f 1333/2709/1380 1394/2708/1379 1395/2712/1383 1342/2713/1384
f 1394/2708/1379 1332/2711/1382 1343/2714/1385 1395/2712/1383
f 1342/2715/1384 1395/2716/1383 1344/2571/1302
f 1395/2716/1383 1343/2717/1385 1344/2571/1302
f 1290/2685/1360 1387/2684/1359 1396/2718/1386 1346/2719/1387
f 1387/2684/1359 1291/2687/1361 1347/2720/1388 1396/2718/1386
f 1352/2721/1389 1397/2722/1390 1380/2723/1338 1252/2724/1340
f 1397/2722/1390 1353/2725/1391 1251/2726/1339 1380/2723/1338
f 1346/2719/1387 1396/2718/1386 1397/2722/1390 1352/2721/1389
f 1396/2718/1386 1347/2720/1388 1353/2725/1391 1397/2722/1390
f 1362/2727/1392 1398/2728/1393 1377/2729/1329 1229/2730/1331
f 1398/2728/1393 1361/2731/1394 1230/2732/1330 1377/2729/1329
f 1300/2691/1365 1388/2690/1364 1398/2728/1393 1362/2727/1392
f 1388/2690/1364 1299/2693/1367 1361/2731/1394 1398/2728/1393
f 1364/2733/1395 1399/2734/1396 1382/2735/1343 1264/2736/1346
f 1399/2734/1396 1365/2737/1397 1263/2738/1344 1382/2735/1343
f 1284/2739/1356 1386/2740/1355 1399/2741/1396 1364/2742/1395
f 1386/2740/1355 1285/2743/1358 1365/2744/1397 1399/2741/1396
f 1374/2745/1398 1400/2746/1399 1385/2672/1349 1277/2675/1352
f 1400/2746/1399 1373/2747/1400 1278/2673/1350 1385/2672/1349
f 1331/2710/1381 1393/2707/1378 1400/2746/1399 1374/2745/1398
f 1393/2707/1378 1330/2706/1377 1373/2747/1400 1400/2746/1399
f 1226/2430/1223 1402/2748/1401 1401/2749/1402 1220/2431/1224
f 1402/2748/1401 1227/2750/1323 1221/2751/1326 1401/2749/1402
f 1220/2433/1224 1401/2752/1402 1403/2753/1403 1231/2434/1225
f 1401/2752/1402 1221/2646/1326 1230/2649/1330 1403/2753/1403
f 1238/2754/1230 1404/2755/1404 1405/2756/1405 1243/2757/1231
f 1404/2755/1404 1239/2758/1332 1242/2759/1335 1405/2756/1405
f 1243/2457/1231 1405/2760/1405 1406/2761/1406 1250/2458/1240
f 1405/2760/1405 1242/2658/1335 1251/2661/1339 1406/2761/1406
f 1255/2466/1247 1407/2762/1407 1408/2763/1408 1262/2467/1248
f 1407/2762/1407 1254/2664/1341 1263/2667/1344 1408/2763/1408
f 1274/2530/1250 1410/2764/1409 1411/2765/1410 1279/2636/1251
f 1410/2764/1409 1275/2766/1347 1278/2767/1350 1411/2765/1410
f 1266/2768/1357 1409/2769/1411 1412/2770/1412 1285/2771/1358
f 1409/2769/1411 1267/2481/1258 1286/2480/1257 1412/2770/1412
f 1254/2772/1341 1407/2773/1407 1413/2774/1413 1291/2775/1361
f 1407/2773/1407 1255/2493/1247 1292/2492/1265 1413/2774/1413
f 1305/2776/1366 1415/2777/1414 1414/2778/1415 1299/2779/1367
f 1415/2777/1414 1304/2519/1276 1298/2518/1275 1414/2778/1415
f 1239/2758/1332 1404/2755/1404 1415/2777/1414 1305/2776/1366
f 1404/2755/1404 1238/2754/1230 1304/2519/1276 1415/2777/1414
f 1311/2780/1370 1416/2781/1416 1409/2769/1411 1266/2768/1357
f 1416/2781/1416 1310/2528/1280 1267/2481/1258 1409/2769/1411
f 1275/2766/1347 1410/2764/1409 1416/2781/1416 1311/2780/1370
f 1410/2764/1409 1274/2530/1250 1310/2528/1280 1416/2781/1416
f 1227/2750/1323 1402/2748/1401 1417/2782/1417 1314/2783/1373
f 1402/2748/1401 1226/2430/1223 1315/2544/1282 1417/2782/1417
f 1314/2783/1373 1417/2782/1417 1418/2784/1418 1323/2785/1376
f 1417/2782/1417 1315/2544/1282 1322/2547/1288 1418/2784/1418
f 1323/2705/1376 1418/2786/1418 1325/2548/1289
f 1418/2786/1418 1322/2552/1288 1325/2548/1289
f 1329/2554/1291 1419/2787/1419 1420/2788/1420 1334/2555/1292
f 1419/2787/1419 1330/2789/1377 1333/2790/1380 1420/2788/1420
f 1334/2555/1292 1420/2788/1420 1421/2791/1421 1341/2569/1301
f 1420/2788/1420 1333/2790/1380 1342/2792/1384 1421/2791/1421
f 1341/2575/1301 1421/2793/1421 1344/2571/1302
f 1421/2793/1421 1342/2715/1384 1344/2571/1302
f 1291/2775/1361 1413/2774/1413 1422/2794/1422 1347/2795/1388
f 1413/2774/1413 1292/2492/1265 1348/2576/1303 1422/2794/1422
f 1353/2796/1391 1423/2797/1423 1406/2761/1406 1251/2661/1339
f 1423/2797/1423 1354/2586/1307 1250/2458/1240 1406/2761/1406
f 1347/2795/1388 1422/2794/1422 1423/2797/1423 1353/2796/1391
f 1422/2794/1422 1348/2576/1303 1354/2586/1307 1423/2797/1423
f 1361/2798/1394 1424/2799/1424 1403/2800/1403 1230/2801/1330
f 1424/2799/1424 1360/2613/1314 1231/2612/1225 1403/2800/1403
f 1299/2802/1367 1414/2803/1415 1424/2799/1424 1361/2798/1394
f 1414/2803/1415 1298/2616/1275 1360/2613/1314 1424/2799/1424
f 1365/2804/1397 1425/2805/1425 1408/2806/1408 1263/2807/1344
f 1425/2805/1425 1366/2808/1315 1262/2809/1248 1408/2806/1408
f 1285/2743/1358 1412/2810/1412 1425/2811/1425 1365/2744/1397
f 1412/2810/1412 1286/2623/1257 1366/2622/1315 1425/2811/1425
f 1373/2812/1400 1426/2813/1426 1411/2765/1410 1278/2767/1350
f 1426/2813/1426 1372/2637/1322 1279/2636/1251 1411/2765/1410
f 1330/2789/1377 1419/2787/1419 1426/2813/1426 1373/2812/1400
f 1419/2787/1419 1329/2554/1291 1372/2637/1322 1426/2813/1426
f 1217/2814/1217 1427/2815/1427 1428/2816/1428 1223/2817/1218
f 1427/2815/1427 1222/2645/1328 1228/2644/1327 1428/2816/1428
f 1222/2650/1328 1427/2818/1427 1429/2819/1429 1229/2651/1331
f 1427/2818/1427 1217/2438/1217 1234/2439/1228 1429/2819/1429
f 1240/2656/1336 1430/2820/1430 1431/2821/1431 1241/2657/1337
f 1430/2820/1430 1235/2822/1235 1246/2823/1236 1431/2821/1431
f 1241/2657/1337 1431/2821/1431 1432/2824/1432 1252/2825/1340
f 1431/2821/1431 1246/2823/1236 1247/2826/1238 1432/2824/1432
f 1253/2668/1345 1433/2827/1433 1434/2828/1434 1264/2669/1346
f 1433/2827/1433 1258/2460/1241 1259/2463/1244 1434/2828/1434
f 1276/2829/1351 1436/2830/1435 1437/2831/1436 1277/2832/1352
f 1436/2830/1435 1271/2476/1255 1282/2479/1256 1437/2831/1436
f 1270/2833/1263 1435/2834/1437 1438/2835/1438 1283/2836/1264
f 1435/2834/1437 1265/2676/1353 1284/2679/1356 1438/2835/1438
f 1258/2837/1241 1433/2838/1433 1439/2839/1439 1289/2840/1268
f 1433/2838/1433 1253/2682/1345 1290/2685/1360 1439/2839/1439
f 1302/2841/1271 1441/2842/1440 1440/2843/1441 1296/2844/1272
f 1441/2842/1440 1306/2688/1362 1300/2691/1365 1440/2843/1441
f 1235/2822/1235 1430/2820/1430 1441/2842/1440 1302/2841/1271
f 1430/2820/1430 1240/2656/1336 1306/2688/1362 1441/2842/1440
f 1308/2845/1278 1442/2846/1442 1435/2834/1437 1270/2833/1263
f 1442/2846/1442 1312/2694/1368 1265/2676/1353 1435/2834/1437
f 1271/2847/1255 1436/2848/1435 1442/2846/1442 1308/2845/1278
f 1436/2848/1435 1276/2674/1351 1312/2694/1368 1442/2846/1442
f 1223/2421/1218 1428/2849/1428 1443/2850/1443 1318/2538/1284
f 1428/2849/1428 1228/2851/1327 1313/2852/1372 1443/2850/1443
f 1318/2853/1284 1443/2854/1443 1444/2855/1444 1319/2856/1285
f 1443/2854/1443 1313/2698/1372 1324/2701/1375 1444/2855/1444
f 1319/2550/1285 1444/2857/1444 1325/2548/1289
f 1444/2857/1444 1324/2703/1375 1325/2548/1289
f 1331/2710/1381 1445/2858/1445 1446/2859/1446 1332/2711/1382
f 1445/2858/1445 1326/2860/1296 1337/2861/1297 1446/2859/1446
f 1332/2711/1382 1446/2859/1446 1447/2862/1447 1343/2714/1385
f 1446/2859/1446 1337/2861/1297 1338/2863/1299 1447/2862/1447
f 1343/2717/1385 1447/2864/1447 1344/2571/1302
f 1447/2864/1447 1338/2572/1299 1344/2571/1302
f 1289/2840/1268 1439/2839/1439 1448/2865/1448 1345/2866/1306
f 1439/2839/1439 1290/2685/1360 1346/2719/1387 1448/2865/1448
f 1351/2596/1310 1449/2867/1449 1432/2868/1432 1247/2597/1238
f 1449/2867/1449 1352/2869/1389 1252/2870/1340 1432/2868/1432
f 1345/2866/1306 1448/2865/1448 1449/2871/1449 1351/2872/1310
f 1448/2865/1448 1346/2719/1387 1352/2721/1389 1449/2871/1449
f 1358/2873/1312 1450/2874/1450 1429/2875/1429 1234/2876/1228
f 1450/2874/1450 1362/2727/1392 1229/2730/1331 1429/2875/1429
f 1296/2844/1272 1440/2843/1441 1450/2874/1450 1358/2873/1312
f 1440/2843/1441 1300/2691/1365 1362/2727/1392 1450/2874/1450
f 1363/2877/1318 1451/2878/1451 1434/2879/1434 1259/2880/1244
f 1451/2878/1451 1364/2733/1395 1264/2736/1346 1434/2879/1434
f 1283/2491/1264 1438/2881/1438 1451/2882/1451 1363/2630/1318
f 1438/2881/1438 1284/2883/1356 1364/2884/1395 1451/2882/1451
f 1370/2633/1320 1452/2885/1452 1437/2831/1436 1282/2479/1256
f 1452/2885/1452 1374/2886/1398 1277/2832/1352 1437/2831/1436
f 1326/2860/1296 1445/2858/1445 1452/2887/1452 1370/2888/1320
f 1445/2858/1445 1331/2710/1381 1374/2745/1398 1452/2887/1452
f 1489/2889/1453 1460/2890/1454 1459/2891/1455
f 1455/2892/1456 1464/2893/1457 1465/2894/1458 1454/2895/1459
f 1466/2896/1460 1453/2897/1461 1454/2895/1459 1465/2894/1458
f 1453/2898/1461 1466/2899/1460 1467/2900/1462
f 1466/2899/1460 1468/2901/1463 1467/2900/1462
f 1465/2894/1458 1469/2902/1464 1468/2903/1463 1466/2896/1460
f 1464/2893/1457 1470/2904/1465 1469/2902/1464 1465/2894/1458
f 1489/2905/1453 1474/2906/1466 1460/2907/1454
f 1489/2905/1453 1475/2908/1467 1474/2906/1466
f 1470/2904/1465 1479/2909/1468 1480/2910/1469 1469/2902/1464
f 1469/2902/1464 1480/2910/1469 1481/2911/1470 1468/2903/1463
f 1468/2901/1463 1481/2912/1470 1467/2900/1462
f 1481/2912/1470 1482/2913/1471 1467/2900/1462
f 1480/2914/1469 1483/2915/1472 1482/2913/1471 1481/2912/1470
f 1479/2916/1468 1484/2917/1473 1483/2915/1472 1480/2914/1469
f 1489/2918/1453 1488/2919/1474 1475/2920/1467
f 1489/2918/1453 1490/2921/1475 1488/2919/1474
f 1484/2917/1473 1494/2922/1476 1495/2923/1477 1483/2915/1472
f 1483/2915/1472 1495/2923/1477 1496/2924/1478 1482/2913/1471
f 1482/2913/1471 1496/2924/1478 1467/2900/1462
f 1496/2924/1478 1497/2925/1479 1467/2900/1462
f 1495/2923/1477 1498/2926/1480 1497/2925/1479 1496/2924/1478
f 1494/2927/1476 1499/2928/1481 1498/2929/1480 1495/2930/1477
f 1489/2889/1453 1503/2931/1482 1490/2932/1475
f 1489/2889/1453 1504/2933/1483 1503/2931/1482
f 1499/2928/1481 1508/2934/1484 1509/2935/1485 1498/2929/1480
f 1498/2926/1480 1509/2936/1485 1510/2937/1486 1497/2925/1479
f 1497/2925/1479 1510/2937/1486 1467/2900/1462
f 1510/2937/1486 1453/2898/1461 1467/2900/1462
f 1453/2898/1461 1510/2937/1486 1509/2936/1485 1454/2938/1459
f 1508/2939/1484 1455/2940/1456 1454/2941/1459 1509/2942/1485
f 1489/2889/1453 1459/2891/1455 1504/2933/1483
f 1460/2907/1454 1528/2943/1487 1527/2944/1488 1459/2945/1455
f 1474/2906/1466 1529/2946/1489 1528/2943/1487 1460/2907/1454
f 1475/2908/1467 1530/2947/1490 1529/2946/1489 1474/2906/1466
f 1488/2919/1474 1531/2948/1491 1530/2949/1490 1475/2920/1467
f 1490/2921/1475 1532/2950/1492 1531/2948/1491 1488/2919/1474
f 1503/2951/1482 1533/2952/1493 1532/2950/1492 1490/2921/1475
f 1504/2933/1483 1534/2953/1494 1533/2954/1493 1503/2931/1482
f 1459/2955/1455 1527/2956/1488 1534/2957/1494 1504/2958/1483
f 1536/2959/1495 1512/2960/1496 1511/2961/1497 1535/2962/1498
f 1537/2963/1499 1513/2964/1500 1512/2960/1496 1536/2959/1495
f 1538/2965/1501 1514/2966/1502 1513/2967/1500 1537/2968/1499
f 1539/2969/1503 1515/2970/1504 1514/2966/1502 1538/2965/1501
f 1540/2971/1505 1516/2972/1506 1515/2970/1504 1539/2969/1503
f 1541/2973/1507 1517/2974/1508 1516/2975/1506 1540/2976/1505
f 1542/2977/1509 1518/2978/1510 1517/2974/1508 1541/2973/1507
f 1535/2979/1498 1511/2980/1497 1518/2981/1510 1542/2982/1509
f 1463/2983/1511 1544/2984/1512 1543/2985/1513 1456/2986/1514
f 1544/2984/1512 1536/2987/1495 1535/2988/1498 1543/2985/1513
f 1471/2989/1515 1545/2990/1516 1544/2984/1512 1463/2983/1511
f 1545/2990/1516 1537/2991/1499 1536/2987/1495 1544/2984/1512
f 1478/2992/1517 1546/2993/1518 1545/2990/1516 1471/2989/1515
f 1546/2993/1518 1538/2994/1501 1537/2991/1499 1545/2990/1516
f 1485/2995/1519 1547/2996/1520 1546/2997/1518 1478/2998/1517
f 1547/2999/1520 1539/2969/1503 1538/2965/1501 1546/3000/1518
f 1493/3001/1521 1548/3002/1522 1547/2996/1520 1485/2995/1519
f 1548/3003/1522 1540/2976/1505 1539/3004/1503 1547/3005/1520
f 1500/3006/1523 1549/3007/1524 1548/3002/1522 1493/3001/1521
f 1549/3008/1524 1541/2973/1507 1540/2976/1505 1548/3003/1522
f 1507/3009/1525 1550/3010/1526 1549/3007/1524 1500/3006/1523
f 1550/3011/1526 1542/2977/1509 1541/2973/1507 1549/3008/1524
f 1456/3012/1514 1543/3013/1513 1550/3014/1526 1507/3015/1525
f 1543/3013/1513 1535/2979/1498 1542/2982/1509 1550/3014/1526
f 1520/3016/1527 1552/3017/1528 1551/3018/1529 1519/3019/1530
f 1552/3020/1528 1462/3021/1531 1457/3022/1532 1551/3023/1529
f 1521/3024/1533 1553/3025/1534 1552/3017/1528 1520/3016/1527
f 1553/3026/1534 1472/3027/1535 1462/3021/1531 1552/3020/1528
f 1522/3028/1536 1554/3029/1537 1553/3025/1534 1521/3024/1533
f 1554/3030/1537 1477/3031/1538 1472/3027/1535 1553/3026/1534
f 1523/3032/1539 1555/3033/1540 1554/3034/1537 1522/3035/1536
f 1555/3033/1540 1486/3036/1541 1477/3037/1538 1554/3034/1537
f 1524/3038/1542 1556/3039/1543 1555/3040/1540 1523/3041/1539
f 1556/3042/1543 1492/3043/1544 1486/3036/1541 1555/3033/1540
f 1525/3044/1545 1557/3045/1546 1556/3039/1543 1524/3038/1542
f 1557/3045/1546 1501/3046/1547 1492/3047/1544 1556/3039/1543
f 1526/3048/1548 1558/3049/1549 1557/3045/1546 1525/3044/1545
f 1558/3050/1549 1506/3051/1550 1501/3052/1547 1557/3053/1546
f 1519/3054/1530 1551/3055/1529 1558/3056/1549 1526/3057/1548
f 1551/3023/1529 1457/3022/1532 1506/3058/1550 1558/3059/1549
f 1560/3060/1551 1520/3061/1527 1519/3062/1530 1559/3063/1552
f 1561/3064/1553 1521/3024/1533 1520/3016/1527 1560/3065/1551
f 1562/3066/1554 1522/3028/1536 1521/3024/1533 1561/3064/1553
f 1563/3067/1555 1523/3032/1539 1522/3035/1536 1562/3068/1554
f 1564/3069/1556 1524/3070/1542 1523/3032/1539 1563/3067/1555
f 1565/3071/1557 1525/3044/1545 1524/3038/1542 1564/3072/1556
f 1566/3073/1558 1526/3048/1548 1525/3044/1545 1565/3071/1557
f 1559/3074/1552 1519/3054/1530 1526/3057/1548 1566/3075/1558
f 1512/3076/1496 1568/3077/1559 1567/3078/1560 1511/3079/1497
f 1568/3077/1559 1464/2893/1457 1455/2892/1456 1567/3078/1560
f 1513/3080/1500 1569/3081/1561 1568/3077/1559 1512/3076/1496
f 1569/3081/1561 1470/2904/1465 1464/2893/1457 1568/3077/1559
f 1514/3082/1502 1570/3083/1562 1569/3081/1561 1513/3080/1500
f 1570/3083/1562 1479/2909/1468 1470/2904/1465 1569/3081/1561
f 1515/2970/1504 1571/3084/1563 1570/3085/1562 1514/2966/1502
f 1571/3084/1563 1484/3086/1473 1479/3087/1468 1570/3085/1562
f 1516/2975/1506 1572/3088/1564 1571/3089/1563 1515/3090/1504
f 1572/3088/1564 1494/2927/1476 1484/3091/1473 1571/3089/1563
f 1517/2974/1508 1573/3092/1565 1572/3088/1564 1516/2975/1506
f 1573/3092/1565 1499/2928/1481 1494/2927/1476 1572/3088/1564
f 1518/2978/1510 1574/3093/1566 1573/3092/1565 1517/2974/1508
f 1574/3093/1566 1508/2934/1484 1499/2928/1481 1573/3092/1565
f 1511/2980/1497 1567/3094/1560 1574/3095/1566 1518/2981/1510
f 1567/3094/1560 1455/2940/1456 1508/2939/1484 1574/3095/1566
f 1462/3096/1531 1576/3097/1567 1575/3098/1568 1457/3099/1532
f 1576/3100/1567 1463/3101/1511 1456/3012/1514 1575/3102/1568
f 1472/3103/1535 1577/3104/1569 1576/3097/1567 1462/3096/1531
f 1577/3104/1569 1471/2989/1515 1463/2983/1511 1576/3097/1567
f 1477/3105/1538 1578/3106/1570 1577/3104/1569 1472/3103/1535
f 1578/3106/1570 1478/2992/1517 1471/2989/1515 1577/3104/1569
f 1486/3036/1541 1579/3107/1571 1578/3108/1570 1477/3037/1538
f 1579/3107/1571 1485/3109/1519 1478/3110/1517 1578/3108/1570
f 1492/3047/1544 1580/3111/1572 1579/3112/1571 1486/3113/1541
f 1580/3111/1572 1493/3114/1521 1485/3115/1519 1579/3112/1571
f 1501/3046/1547 1581/3116/1573 1580/3111/1572 1492/3047/1544
f 1581/3116/1573 1500/3117/1523 1493/3114/1521 1580/3111/1572
f 1506/3118/1550 1582/3119/1574 1581/3116/1573 1501/3046/1547
f 1582/3119/1574 1507/3120/1525 1500/3117/1523 1581/3116/1573
f 1457/3121/1532 1575/3102/1568 1582/3122/1574 1506/3123/1550
f 1575/3102/1568 1456/3012/1514 1507/3015/1525 1582/3122/1574
f 1589/3124/1575 1590/3125/1576 1591/3126/1577 1588/3127/1578
f 1587/3128/1579 1592/3129/1580 1593/3130/1581 1586/3131/1582
f 1586/3132/1582 1593/3133/1581 1594/3134/1583 1585/3135/1584
f 1585/3135/1584 1594/3134/1583 1595/3136/1585 1584/3137/1586
f 1596/3138/1587 1583/3139/1588 1584/3137/1586 1595/3136/1585
f 1583/3140/1588 1596/3141/1587 1597/3142/1589
f 1596/3141/1587 1598/3143/1590 1597/3142/1589
f 1595/3136/1585 1599/3144/1591 1598/3145/1590 1596/3138/1587
f 1594/3134/1583 1600/3146/1592 1599/3144/1591 1595/3136/1585
f 1593/3133/1581 1601/3147/1593 1600/3146/1592 1594/3134/1583
f 1592/3148/1580 1602/3149/1594 1601/3147/1593 1593/3133/1581
f 1590/3125/1576 1604/3150/1595 1603/3151/1596 1591/3126/1577
f 1604/3150/1595 1605/3152/1597 1606/3153/1598 1603/3151/1596
f 1602/3154/1594 1607/3155/1599 1608/3156/1600 1601/3157/1593
f 1601/3147/1593 1608/3158/1600 1609/3159/1601 1600/3146/1592
f 1600/3146/1592 1609/3159/1601 1610/3160/1602 1599/3144/1591
f 1599/3144/1591 1610/3160/1602 1611/3161/1603 1598/3145/1590
f 1598/3143/1590 1611/3162/1603 1597/3142/1589
f 1611/3162/1603 1612/3163/1604 1597/3142/1589
f 1610/3164/1602 1613/3165/1605 1612/3163/1604 1611/3162/1603
f 1609/3166/1601 1614/3167/1606 1613/3168/1605 1610/3169/1602
f 1608/3156/1600 1615/3170/1607 1614/3167/1606 1609/3166/1601
f 1607/3155/1599 1616/3171/1608 1615/3170/1607 1608/3156/1600
f 1605/3172/1597 1618/3173/1609 1617/3174/1610 1606/3175/1598
f 1618/3173/1609 1619/3176/1611 1620/3177/1612 1617/3174/1610
f 1616/3178/1608 1621/3179/1613 1622/3180/1614 1615/3181/1607
f 1615/3182/1607 1622/3183/1614 1623/3184/1615 1614/3185/1606
f 1614/3185/1606 1623/3184/1615 1624/3186/1616 1613/3165/1605
f 1613/3165/1605 1624/3186/1616 1625/3187/1617 1612/3163/1604
f 1612/3163/1604 1625/3187/1617 1597/3142/1589
f 1625/3187/1617 1626/3188/1618 1597/3142/1589
f 1624/3186/1616 1627/3189/1619 1626/3188/1618 1625/3187/1617
f 1623/3184/1615 1628/3190/1620 1627/3189/1619 1624/3186/1616
f 1622/3180/1614 1629/3191/1621 1628/3192/1620 1623/3193/1615
f 1621/3179/1613 1630/3194/1622 1629/3191/1621 1622/3180/1614
f 1619/3195/1611 1632/3196/1623 1631/3197/1624 1620/3198/1612
f 1632/3196/1623 1633/3199/1625 1634/3200/1626 1631/3197/1624
f 1630/3194/1622 1635/3201/1627 1636/3202/1628 1629/3191/1621
f 1629/3191/1621 1636/3202/1628 1637/3203/1629 1628/3192/1620
f 1628/3190/1620 1637/3204/1629 1638/3205/1630 1627/3189/1619
f 1627/3189/1619 1638/3205/1630 1639/3206/1631 1626/3188/1618
f 1626/3188/1618 1639/3206/1631 1597/3142/1589
f 1639/3206/1631 1583/3140/1588 1597/3142/1589
f 1583/3140/1588 1639/3206/1631 1638/3205/1630 1584/3207/1586
f 1637/3208/1629 1585/3209/1584 1584/3210/1586 1638/3211/1630
f 1636/3212/1628 1586/3131/1582 1585/3209/1584 1637/3208/1629
f 1635/3213/1627 1587/3128/1579 1586/3131/1582 1636/3212/1628
f 1633/3214/1625 1589/3124/1575 1588/3127/1578 1634/3215/1626
f 1589/3216/1575 1633/3217/1625 1640/3218/1632 1647/3219/1633
f 1633/3217/1625 1632/3220/1623 1641/3221/1634 1640/3218/1632
f 1632/3220/1623 1619/3222/1611 1642/3223/1635 1641/3221/1634
f 1619/3222/1611 1618/3224/1609 1643/3225/1636 1642/3223/1635
f 1618/3224/1609 1605/3226/1597 1644/3227/1637 1643/3225/1636
f 1605/3228/1597 1604/3229/1595 1645/3230/1638 1644/3231/1637
f 1604/3229/1595 1590/3232/1576 1646/3233/1639 1645/3230/1638
f 1590/3232/1576 1589/3234/1575 1647/3235/1633 1646/3233/1639
f 1646/3233/1639 1647/3235/1633 1648/3236/1640 1649/3237/1641
f 1645/3230/1638 1646/3233/1639 1649/3237/1641 1650/3238/1642
f 1644/3231/1637 1645/3230/1638 1650/3238/1642 1651/3239/1643
f 1643/3240/1636 1644/3241/1637 1651/3242/1643 1652/3243/1644
f 1642/3223/1635 1643/3225/1636 1652/3244/1644 1653/3245/1645
f 1641/3221/1634 1642/3223/1635 1653/3245/1645 1654/3246/1646
f 1640/3218/1632 1641/3221/1634 1654/3246/1646 1655/3247/1647
f 1647/3248/1633 1640/3249/1632 1655/3250/1647 1648/3251/1640
f 1648/3251/1640 1655/3250/1647 1656/3252/1648 1663/3253/1649
f 1655/3254/1647 1654/3255/1646 1657/3256/1650 1656/3257/1648
f 1654/3255/1646 1653/3258/1645 1658/3259/1651 1657/3256/1650
f 1653/3258/1645 1652/3260/1644 1659/3261/1652 1658/3259/1651
f 1652/3243/1644 1651/3242/1643 1660/3262/1653 1659/3263/1652
f 1651/3239/1643 1650/3238/1642 1661/3264/1654 1660/3265/1653
f 1650/3238/1642 1649/3237/1641 1662/3266/1655 1661/3264/1654
f 1649/3267/1641 1648/3251/1640 1663/3253/1649 1662/3268/1655
f 1662/3268/1655 1663/3253/1649 1664/3269/1656 1665/3270/1657
f 1661/3264/1654 1662/3266/1655 1665/3271/1657 1666/3272/1658
f 1660/3262/1653 1661/3273/1654 1666/3274/1658 1667/3275/1659
f 1659/3263/1652 1660/3262/1653 1667/3275/1659 1668/3276/1660
f 1658/3259/1651 1659/3261/1652 1668/3277/1660 1669/3278/1661
f 1657/3256/1650 1658/3259/1651 1669/3278/1661 1670/3279/1662
f 1656/3257/1648 1657/3256/1650 1670/3279/1662 1671/3280/1663
f 1663/3253/1649 1656/3252/1648 1671/3281/1663 1664/3269/1656
f 1664/3269/1656 1671/3281/1663 1672/3282/1664 1679/3283/1665
f 1671/3280/1663 1670/3279/1662 1673/3284/1666 1672/3285/1664
f 1670/3279/1662 1669/3278/1661 1674/3286/1667 1673/3284/1666
f 1669/3287/1661 1668/3276/1660 1675/3288/1668 1674/3289/1667
f 1668/3276/1660 1667/3275/1659 1676/3290/1669 1675/3288/1668
f 1667/3275/1659 1666/3274/1658 1677/3291/1670 1676/3290/1669
f 1666/3292/1658 1665/3293/1657 1678/3294/1671 1677/3295/1670
f 1665/3293/1657 1664/3296/1656 1679/3297/1665 1678/3294/1671
f 1678/3294/1671 1679/3297/1665 1680/3298/1672 1681/3299/1673
f 1677/3295/1670 1678/3294/1671 1681/3299/1673 1682/3300/1674
f 1676/3301/1669 1677/3295/1670 1682/3300/1674 1683/3302/1675
f 1675/3288/1668 1676/3290/1669 1683/3303/1675 1684/3304/1676
f 1674/3289/1667 1675/3288/1668 1684/3304/1676 1685/3305/1677
f 1673/3284/1666 1674/3286/1667 1685/3306/1677 1686/3307/1678
f 1672/3285/1664 1673/3284/1666 1686/3307/1678 1687/3308/1679
f 1679/3283/1665 1672/3282/1664 1687/3309/1679 1680/3310/1672
f 1680/3311/1672 1687/3312/1679 1688/3313/1680 1695/3314/1681
f 1687/3312/1679 1686/3315/1678 1689/3316/1682 1688/3313/1680
f 1686/3315/1678 1685/3317/1677 1690/3318/1683 1689/3316/1682
f 1685/3317/1677 1684/3319/1676 1691/3320/1684 1690/3318/1683
f 1684/3319/1676 1683/3321/1675 1692/3322/1685 1691/3320/1684
f 1683/3321/1675 1682/3323/1674 1693/3324/1686 1692/3322/1685
f 1682/3323/1674 1681/3325/1673 1694/3326/1687 1693/3324/1686
f 1681/3325/1673 1680/3311/1672 1695/3314/1681 1694/3326/1687
f 1694/3327/1687 1695/3328/1681 1696/3329/1688 1697/3330/1689
f 1693/3331/1686 1694/3327/1687 1697/3330/1689 1698/3332/1690
f 1692/3333/1685 1693/3331/1686 1698/3332/1690 1699/3334/1691
f 1691/3320/1684 1692/3322/1685 1699/3335/1691 1700/3336/1692
f 1690/3318/1683 1691/3320/1684 1700/3336/1692 1701/3337/1693
f 1689/3316/1682 1690/3318/1683 1701/3337/1693 1702/3338/1694
f 1688/3313/1680 1689/3316/1682 1702/3338/1694 1703/3339/1695
f 1695/3340/1681 1688/3341/1680 1703/3342/1695 1696/3343/1688
f 1696/3343/1688 1703/3342/1695 1704/3344/1696 1711/3345/1697
f 1703/3346/1695 1702/3347/1694 1705/3348/1698 1704/3349/1696
f 1702/3347/1694 1701/3350/1693 1706/3351/1699 1705/3348/1698
f 1701/3350/1693 1700/3352/1692 1707/3353/1700 1706/3351/1699
f 1700/3354/1692 1699/3355/1691 1708/3356/1701 1707/3357/1700
f 1699/3334/1691 1698/3332/1690 1709/3358/1702 1708/3359/1701
f 1698/3332/1690 1697/3330/1689 1710/3360/1703 1709/3358/1702
f 1697/3361/1689 1696/3343/1688 1711/3345/1697 1710/3362/1703
f 1710/3363/1703 1711/3364/1697 1712/3365/1704 1713/3366/1705
f 1709/3367/1702 1710/3363/1703 1713/3366/1705 1714/3368/1706
f 1708/3369/1701 1709/3367/1702 1714/3368/1706 1715/3370/1707
f 1707/3357/1700 1708/3356/1701 1715/3371/1707 1716/3372/1708
f 1706/3373/1699 1707/3357/1700 1716/3372/1708 1718/3374/1709
f 1705/3348/1698 1706/3351/1699 1718/3375/1709 1719/3376/1710
f 1704/3349/1696 1705/3348/1698 1719/3376/1710 1720/3377/1711
f 1711/3345/1697 1704/3344/1696 1720/3378/1711 1712/3379/1704
f 1717/3380/1712 1713/3366/1705 1712/3365/1704
f 1717/3380/1712 1714/3368/1706 1713/3366/1705
f 1717/3380/1712 1715/3370/1707 1714/3368/1706
f 1717/3380/1712 1716/3381/1708 1715/3370/1707
f 1717/3380/1712 1718/3382/1709 1716/3381/1708
f 1717/3380/1712 1719/3383/1710 1718/3382/1709
f 1717/3380/1712 1720/3384/1711 1719/3383/1710
f 1717/3380/1712 1712/3365/1704 1720/3384/1711
f 1591/3385/1577 1722/3386/1713 1721/3387/1714 1588/3388/1578
f 1603/3151/1596 1723/3389/1715 1722/3390/1713 1591/3126/1577
f 1606/3175/1598 1724/3391/1716 1723/3392/1715 1603/3393/1596
f 1617/3174/1610 1725/3394/1717 1724/3391/1716 1606/3175/1598
f 1620/3198/1612 1726/3395/1718 1725/3396/1717 1617/3397/1610
f 1631/3197/1624 1727/3398/1719 1726/3395/1718 1620/3198/1612
f 1634/3200/1626 1728/3399/1720 1727/3398/1719 1631/3197/1624
f 1588/3388/1578 1721/3387/1714 1728/3400/1720 1634/3401/1626
f 1722/3386/1713 1730/3402/1721 1729/3403/1722 1721/3387/1714
f 1723/3389/1715 1731/3404/1723 1730/3405/1721 1722/3390/1713
f 1724/3391/1716 1732/3406/1724 1731/3407/1723 1723/3392/1715
f 1725/3394/1717 1733/3408/1725 1732/3406/1724 1724/3391/1716
f 1726/3395/1718 1734/3409/1726 1733/3410/1725 1725/3396/1717
f 1727/3398/1719 1735/3411/1727 1734/3409/1726 1726/3395/1718
f 1728/3399/1720 1736/3412/1728 1735/3411/1727 1727/3398/1719
f 1721/3387/1714 1729/3403/1722 1736/3413/1728 1728/3400/1720
f 1730/3414/1721 1738/3415/1729 1737/3416/1730 1729/3417/1722
f 1738/3418/1729 1592/3419/1580 1587/3420/1579 1737/3421/1730
f 1731/3422/1723 1739/3423/1731 1738/3415/1729 1730/3414/1721
f 1739/3424/1731 1602/3425/1594 1592/3419/1580 1738/3418/1729
f 1732/3426/1724 1740/3427/1732 1739/3423/1731 1731/3422/1723
f 1740/3428/1732 1607/3155/1599 1602/3154/1594 1739/3429/1731
f 1733/3430/1725 1741/3431/1733 1740/3432/1732 1732/3433/1724
f 1741/3434/1733 1616/3171/1608 1607/3155/1599 1740/3428/1732
f 1734/3435/1726 1742/3436/1734 1741/3431/1733 1733/3430/1725
f 1742/3437/1734 1621/3179/1613 1616/3178/1608 1741/3438/1733
f 1735/3439/1727 1743/3440/1735 1742/3436/1734 1734/3435/1726
f 1743/3441/1735 1630/3194/1622 1621/3179/1613 1742/3437/1734
f 1736/3442/1728 1744/3443/1736 1743/3440/1735 1735/3439/1727
f 1744/3444/1736 1635/3201/1627 1630/3194/1622 1743/3441/1735
f 1729/3445/1722 1737/3446/1730 1744/3443/1736 1736/3442/1728
f 1737/3447/1730 1587/3128/1579 1635/3213/1627 1744/3448/1736
f 1780/3449/1737 1752/3450/1738 1751/3451/1739
f 1751/3452/1739 1752/3453/1738 1753/3454/1740 1750/3455/1741
f 1750/3456/1741 1753/3457/1740 1754/3458/1742 1749/3459/1743
f 1749/3459/1743 1754/3458/1742 1755/3460/1744 1748/3461/1745
f 1746/3462/1746 1757/3463/1747 1758/3464/1748 1745/3465/1749
f 1757/3466/1747 1760/3467/1750 1759/3468/1751 1758/3469/1748
f 1754/3470/1742 1763/3471/1752 1762/3472/1753 1755/3473/1744
f 1753/3474/1740 1764/3475/1754 1763/3476/1752 1754/3477/1742
f 1752/3453/1738 1765/3478/1755 1764/3479/1754 1753/3454/1740
f 1780/3480/1737 1765/3481/1755 1752/3482/1738
f 1780/3483/1737 1766/3484/1756 1765/3478/1755
f 1765/3478/1755 1766/3484/1756 1767/3485/1757 1764/3479/1754
f 1764/3479/1754 1767/3485/1757 1768/3486/1758 1763/3471/1752
f 1763/3471/1752 1768/3486/1758 1769/3487/1759 1762/3472/1753
f 1760/3467/1750 1771/3488/1760 1772/3489/1761 1759/3468/1751
f 1771/3490/1760 1774/3491/1762 1773/3492/1763 1772/3493/1761
f 1768/3494/1758 1777/3495/1764 1776/3496/1765 1769/3497/1759
f 1767/3498/1757 1778/3499/1766 1777/3495/1764 1768/3494/1758
f 1766/3484/1756 1779/3500/1767 1778/3501/1766 1767/3485/1757
f 1780/3483/1737 1779/3500/1767 1766/3484/1756
f 1780/3449/1737 1781/3502/1768 1779/3503/1767
f 1779/3503/1767 1781/3502/1768 1782/3504/1769 1778/3505/1766
f 1778/3505/1766 1782/3504/1769 1783/3506/1770 1777/3507/1764
f 1786/3508/1771 1789/3509/1772 1788/3510/1773 1787/3511/1774
f 1783/3506/1770 1792/3512/1775 1791/3513/1776 1784/3514/1777
f 1782/3504/1769 1793/3515/1778 1792/3512/1775 1783/3506/1770
f 1781/3502/1768 1794/3516/1779 1793/3515/1778 1782/3504/1769
f 1780/3449/1737 1794/3516/1779 1781/3502/1768
f 1780/3449/1737 1795/3517/1780 1794/3516/1779
f 1794/3516/1779 1795/3517/1780 1796/3518/1781 1793/3515/1778
f 1793/3515/1778 1796/3518/1781 1797/3519/1782 1792/3512/1775
f 1792/3520/1775 1797/3521/1782 1798/3522/1783 1791/3523/1776
f 1789/3524/1772 1800/3525/1784 1801/3526/1785 1788/3527/1773
f 1796/3528/1781 1750/3456/1741 1749/3459/1743 1797/3529/1782
f 1795/3517/1780 1751/3451/1739 1750/3530/1741 1796/3518/1781
f 1780/3449/1737 1751/3451/1739 1795/3517/1780
f 1802/3531/1786 1808/3532/1787 1809/3533/1788 1803/3534/1789
f 1803/3534/1789 1809/3533/1788 1810/3535/1790 1804/3536/1791
f 1804/3537/1791 1810/3538/1790 1811/3539/1792 1805/3540/1793
f 1805/3541/1793 1811/3542/1792 1812/3543/1794 1806/3544/1795
f 1806/3545/1795 1812/3546/1794 1813/3547/1796 1807/3548/1797
f 1807/3549/1797 1813/3550/1796 1808/3551/1787 1802/3552/1786
f 1807/3549/1797 1802/3552/1786 1819/3553/1798 1814/3554/1799
f 1806/3545/1795 1807/3548/1797 1814/3555/1799 1815/3556/1800
f 1805/3557/1793 1806/3545/1795 1815/3556/1800 1816/3558/1801
f 1804/3537/1791 1805/3540/1793 1816/3559/1801 1817/3560/1802
f 1803/3534/1789 1804/3536/1791 1817/3561/1802 1818/3562/1803
f 1802/3531/1786 1803/3534/1789 1818/3562/1803 1819/3563/1798
f 1819/3563/1798 1818/3562/1803 1821/3564/1804 1820/3565/1805
f 1818/3562/1803 1817/3561/1802 1822/3566/1806 1821/3564/1804
f 1817/3561/1802 1816/3567/1801 1823/3568/1807 1822/3566/1806
f 1816/3567/1801 1815/3569/1800 1824/3570/1808 1823/3568/1807
f 1815/3569/1800 1814/3571/1799 1825/3572/1809 1824/3570/1808
f 1814/3571/1799 1819/3563/1798 1820/3565/1805 1825/3572/1809
f 1825/3573/1809 1820/3574/1805 1831/3575/1810 1826/3576/1811
f 1824/3577/1808 1825/3573/1809 1826/3576/1811 1827/3578/1812
f 1823/3579/1807 1824/3577/1808 1827/3578/1812 1828/3580/1813
f 1822/3581/1806 1823/3582/1807 1828/3583/1813 1829/3584/1814
f 1821/3585/1804 1822/3581/1806 1829/3584/1814 1830/3586/1815
f 1820/3587/1805 1821/3588/1804 1830/3589/1815 1831/3590/1810
f 1831/3590/1810 1830/3589/1815 1833/3591/1816 1832/3592/1817
f 1830/3586/1815 1829/3584/1814 1834/3593/1818 1833/3594/1816
f 1829/3595/1814 1828/3596/1813 1835/3597/1819 1834/3598/1818
f 1828/3596/1813 1827/3599/1812 1836/3600/1820 1835/3597/1819
f 1827/3578/1812 1826/3576/1811 1837/3601/1821 1836/3602/1820
f 1826/3603/1811 1831/3604/1810 1832/3605/1817 1837/3606/1821
f 1837/3607/1821 1832/3592/1817 1843/3608/1822 1838/3609/1823
f 1836/3602/1820 1837/3601/1821 1838/3610/1823 1839/3611/1824
f 1835/3597/1819 1836/3600/1820 1839/3612/1824 1840/3613/1825
f 1834/3598/1818 1835/3597/1819 1840/3613/1825 1841/3614/1826
f 1833/3594/1816 1834/3593/1818 1841/3615/1826 1842/3616/1827
f 1832/3592/1817 1833/3591/1816 1842/3617/1827 1843/3608/1822
f 1843/3608/1822 1842/3617/1827 1845/3618/1828 1844/3619/1829
f 1842/3620/1827 1841/3621/1826 1846/3622/1830 1845/3623/1828
f 1841/3614/1826 1840/3613/1825 1847/3624/1831 1846/3625/1830
f 1840/3613/1825 1839/3612/1824 1848/3626/1832 1847/3624/1831
f 1839/3611/1824 1838/3610/1823 1849/3627/1833 1848/3628/1832
f 1838/3609/1823 1843/3608/1822 1844/3619/1829 1849/3629/1833
f 1850/3630/1834 1844/3631/1829 1845/3623/1828
f 1850/3630/1834 1845/3623/1828 1846/3622/1830
f 1850/3630/1834 1846/3622/1830 1847/3632/1831
f 1850/3630/1834 1847/3632/1831 1848/3633/1832
f 1850/3630/1834 1848/3633/1832 1849/3634/1833
f 1850/3630/1834 1849/3634/1833 1844/3631/1829
f 1746/3635/1746 1852/3636/1835 1851/3637/1836 1800/3638/1784
f 1745/3639/1749 1853/3640/1837 1852/3636/1835 1746/3635/1746
f 1801/3641/1785 1854/3642/1838 1853/3640/1837 1745/3639/1749
f 1800/3525/1784 1851/3643/1836 1854/3644/1838 1801/3526/1785
f 1786/3508/1771 1856/3645/1839 1855/3646/1840 1774/3647/1762
f 1787/3511/1774 1857/3648/1841 1856/3645/1839 1786/3508/1771
f 1773/3649/1763 1858/3650/1842 1857/3648/1841 1787/3511/1774
f 1774/3647/1762 1855/3646/1840 1858/3650/1842 1773/3649/1763
f 1856/3645/1839 1860/3651/1843 1859/3652/1844 1855/3646/1840
f 1857/3648/1841 1861/3653/1845 1860/3651/1843 1856/3645/1839
f 1858/3650/1842 1862/3654/1846 1861/3653/1845 1857/3648/1841
f 1855/3646/1840 1859/3652/1844 1862/3654/1846 1858/3650/1842
f 1852/3655/1835 1864/3656/1847 1863/3657/1848 1851/3658/1836
f 1853/3659/1837 1865/3660/1849 1864/3661/1847 1852/3662/1835
f 1854/3642/1838 1866/3663/1850 1865/3664/1849 1853/3640/1837
f 1851/3637/1836 1863/3665/1848 1866/3663/1850 1854/3642/1838
f 1864/3666/1847 1868/3667/1851 1867/3668/1852 1863/3669/1848
f 1865/3670/1849 1869/3671/1853 1868/3672/1851 1864/3673/1847
f 1866/3674/1850 1870/3675/1854 1869/3676/1853 1865/3677/1849
f 1863/3669/1848 1867/3668/1852 1870/3678/1854 1866/3679/1850
f 1867/3680/1852 1868/3681/1851 1869/3682/1853 1870/3683/1854
f 1860/3684/1843 1872/3685/1855 1871/3686/1856 1859/3687/1844
f 1861/3688/1845 1873/3689/1857 1872/3690/1855 1860/3691/1843
f 1862/3692/1846 1874/3693/1858 1873/3694/1857 1861/3695/1845
f 1859/3696/1844 1871/3697/1856 1874/3693/1858 1862/3692/1846
f 1871/3698/1856 1872/3699/1855 1873/3700/1857 1874/3701/1858
f 1808/3551/1787 1813/3550/1796 1876/3702/1859 1881/3703/1860
f 1813/3547/1796 1812/3546/1794 1877/3704/1861 1876/3705/1859
f 1812/3546/1794 1811/3706/1792 1878/3707/1862 1877/3704/1861
f 1811/3539/1792 1810/3538/1790 1879/3708/1863 1878/3709/1862
f 1810/3535/1790 1809/3533/1788 1880/3710/1864 1879/3711/1863
f 1809/3533/1788 1808/3532/1787 1881/3712/1860 1880/3710/1864
f 1875/3713/1865 1880/3714/1864 1881/3715/1860
f 1875/3713/1865 1879/3716/1863 1880/3714/1864
f 1875/3713/1865 1878/3717/1862 1879/3716/1863
f 1875/3713/1865 1877/3718/1861 1878/3717/1862
f 1875/3713/1865 1876/3719/1859 1877/3718/1861
f 1875/3713/1865 1881/3715/1860 1876/3719/1859
f 1749/3720/1743 1883/3721/1866 1882/3722/1867 1797/3723/1782
f 1748/3461/1745 1884/3724/1868 1883/3725/1866 1749/3459/1743
f 1798/3726/1783 1885/3727/1869 1884/3728/1868 1748/3729/1745
f 1797/3723/1782 1882/3722/1867 1885/3730/1869 1798/3731/1783
f 1783/3506/1770 1887/3732/1870 1886/3733/1871 1777/3507/1764
f 1784/3734/1777 1888/3735/1872 1887/3736/1870 1783/3737/1770
f 1776/3738/1765 1889/3739/1873 1888/3740/1872 1784/3741/1777
f 1777/3495/1764 1886/3742/1871 1889/3743/1873 1776/3496/1765
f 1887/3744/1870 1891/3745/1874 1890/3746/1875 1886/3747/1871
f 1888/3748/1872 1892/3749/1876 1891/3750/1874 1887/3751/1870
f 1889/3752/1873 1893/3753/1877 1892/3754/1876 1888/3755/1872
f 1886/3756/1871 1890/3757/1875 1893/3753/1877 1889/3752/1873
f 1890/3757/1875 1891/3758/1874 1892/3754/1876 1893/3753/1877
f 1883/3759/1866 1895/3760/1878 1894/3761/1879 1882/3762/1867
f 1884/3763/1868 1896/3764/1880 1895/3765/1878 1883/3766/1866
f 1885/3767/1869 1897/3768/1881 1896/3764/1880 1884/3763/1868
f 1882/3762/1867 1894/3761/1879 1897/3769/1881 1885/3770/1869
f 1894/3761/1879 1895/3760/1878 1896/3771/1880 1897/3769/1881
f 1899/3772/1882 1900/3773/1883 1903/3774/1884 1904/3775/1885
f 1901/3776/1886 1898/3777/1887 1905/3778/1888 1902/3779/1889
f 1905/3778/1888 1910/3780/1890 1911/3781/1891 1902/3779/1889
f 1910/3780/1890 1906/3782/1892 1909/3783/1893 1911/3781/1891
f 1903/3774/1884 1913/3784/1894 1912/3785/1895 1904/3775/1885
f 1913/3784/1894 1908/3786/1896 1907/3787/1897 1912/3785/1895
f 1914/3788/1898 1898/3777/1887 1901/3776/1886 1915/3789/1899
f 1917/3790/1900 1900/3791/1883 1899/3792/1882 1916/3793/1901
f 1775/3794/1902 1918/3795/1903 1919/3796/1904 1770/3797/1905
f 1918/3795/1903 1914/3788/1898 1915/3789/1899 1919/3796/1904
f 1771/3798/1760 1921/3799/1906 1920/3800/1907 1774/3647/1762
f 1921/3801/1906 1917/3802/1900 1916/3803/1901 1920/3804/1907
f 1528/3805/1487 1923/3806/1908 1922/3807/1909 1527/3808/1488
f 1923/3806/1908 1461/3809/1910 1458/3810/1911 1922/3807/1909
f 1529/2946/1489 1924/3811/1912 1923/3812/1908 1528/2943/1487
f 1924/3813/1912 1473/3814/1913 1461/3809/1910 1923/3806/1908
f 1530/2947/1490 1925/3815/1914 1924/3811/1912 1529/2946/1489
f 1925/3816/1914 1476/3817/1915 1473/3814/1913 1924/3813/1912
f 1531/2948/1491 1926/3818/1916 1925/3819/1914 1530/2949/1490
f 1926/3818/1916 1487/3820/1917 1476/3821/1915 1925/3819/1914
f 1532/2950/1492 1927/3822/1918 1926/3818/1916 1531/2948/1491
f 1927/3822/1918 1491/3823/1919 1487/3820/1917 1926/3818/1916
f 1533/3824/1493 1928/3825/1920 1927/3826/1918 1532/3827/1492
f 1928/3828/1920 1502/3829/1921 1491/3830/1919 1927/3831/1918
f 1534/2953/1494 1929/3832/1922 1928/3828/1920 1533/2954/1493
f 1929/3832/1922 1505/3833/1923 1502/3829/1921 1928/3828/1920
f 1527/2956/1488 1922/3834/1909 1929/3835/1922 1534/2957/1494
f 1922/3807/1909 1458/3810/1911 1505/3833/1923 1929/3832/1922
f 1801/3641/1785 1745/3639/1749 1938/3836/1924 1930/3837/1925
f 1788/3510/1773 1801/3641/1785 1930/3837/1925 1931/3838/1926
f 1787/3511/1774 1788/3510/1773 1931/3838/1926 1932/3839/1927
f 1773/3649/1763 1787/3511/1774 1932/3839/1927 1933/3840/1928
f 1772/3841/1761 1773/3649/1763 1933/3840/1928 1934/3842/1929
f 1745/3639/1749 1758/3843/1748 1937/3844/1930 1938/3836/1924
f 1938/3836/1924 1937/3844/1930 1936/3845/1931
f 1937/3844/1930 1935/3846/1932 1936/3845/1931
f 1935/3846/1932 1934/3842/1929 1936/3845/1931
f 1934/3842/1929 1933/3840/1928 1936/3845/1931
f 1933/3840/1928 1932/3839/1927 1936/3845/1931
f 1932/3839/1927 1931/3838/1926 1936/3845/1931
f 1931/3838/1926 1930/3837/1925 1936/3845/1931
f 1930/3837/1925 1938/3836/1924 1936/3845/1931
f 1937/3844/1930 1758/3843/1748 1944/3847/1933 1939/3848/1934
f 1935/3846/1932 1937/3844/1930 1939/3848/1934 1940/3849/1935
f 1934/3842/1929 1935/3846/1932 1940/3849/1935 1941/3850/1936
f 1772/3841/1761 1934/3842/1929 1941/3850/1936 1942/3851/1937
f 1759/3852/1751 1772/3853/1761 1942/3854/1937 1943/3855/1938
f 1758/3856/1748 1759/3852/1751 1943/3855/1938 1944/3857/1933
f 1946/3858/1939 1947/3859/1940 1948/3860/1941 1949/3861/1942
f 1945/3862/1943 1946/3863/1939 1949/3864/1942 1950/3865/1944
f 1943/3866/1938 1951/3867/1945 1952/3868/1946 1944/3869/1933
f 1951/3867/1945 1946/3858/1939 1945/3870/1943 1952/3868/1946
f 1942/3871/1937 1953/3872/1947 1951/3867/1945 1943/3866/1938
f 1953/3872/1947 1947/3859/1940 1946/3858/1939 1951/3867/1945
f 1941/3873/1936 1954/3874/1948 1953/3875/1947 1942/3876/1937
f 1954/3877/1948 1948/3878/1941 1947/3879/1940 1953/3880/1947
f 1940/3881/1935 1955/3882/1949 1954/3874/1948 1941/3873/1936
f 1955/3882/1949 1949/3883/1942 1948/3884/1941 1954/3874/1948
f 1939/3885/1934 1956/3886/1950 1955/3882/1949 1940/3881/1935
f 1956/3886/1950 1950/3887/1944 1949/3883/1942 1955/3882/1949
f 1944/3888/1933 1952/3889/1946 1956/3890/1950 1939/3891/1934
f 1952/3889/1946 1945/3892/1943 1950/3893/1944 1956/3890/1950
f 1761/3894/1951 1959/3895/1952 1958/3896/1953 1756/3897/1954
f 1959/3895/1952 1760/3898/1750 1757/3899/1747 1958/3896/1953
f 1770/3900/1905 1960/3901/1955 1959/3895/1952 1761/3894/1951
f 1960/3901/1955 1771/3902/1760 1760/3898/1750 1959/3895/1952
f 1785/3903/1956 1962/3904/1957 1961/3905/1958 1775/3906/1902
f 1962/3904/1957 1786/3508/1771 1774/3647/1762 1961/3905/1958
f 1790/3907/1959 1963/3908/1960 1962/3909/1957 1785/3910/1956
f 1963/3908/1960 1789/3911/1772 1786/3912/1771 1962/3909/1957
f 1799/3913/1961 1964/3914/1962 1963/3915/1960 1790/3916/1959
f 1964/3914/1962 1800/3525/1784 1789/3524/1772 1963/3915/1960
f 1747/3917/1963 1957/3918/1964 1964/3919/1962 1799/3920/1961
f 1957/3918/1964 1746/3635/1746 1800/3638/1784 1964/3919/1962
f 1900/3921/1883 1966/3922/1965 1967/3923/1966 1903/3924/1884
f 1966/3922/1965 1901/3925/1886 1902/3926/1889 1967/3923/1966
f 1898/3927/1887 1965/3928/1967 1968/3929/1968 1905/3930/1888
f 1965/3928/1967 1899/3931/1882 1904/3932/1885 1968/3929/1968
f 1906/3933/1892 1969/3934/1969 1970/3935/1970 1909/3936/1893
f 1969/3934/1969 1907/3787/1897 1908/3786/1896 1970/3935/1970
f 1912/3937/1895 1971/3938/1971 1968/3939/1968 1904/3940/1885
f 1971/3938/1971 1910/3941/1890 1905/3942/1888 1968/3939/1968
f 1907/3943/1897 1969/3944/1969 1971/3938/1971 1912/3937/1895
f 1969/3944/1969 1906/3945/1892 1910/3941/1890 1971/3938/1971
f 1911/3946/1891 1972/3947/1972 1967/3948/1966 1902/3949/1889
f 1972/3947/1972 1913/3950/1894 1903/3951/1884 1967/3948/1966
f 1909/3952/1893 1970/3953/1970 1972/3947/1972 1911/3946/1891
f 1970/3953/1970 1908/3954/1896 1913/3950/1894 1972/3947/1972
f 1899/3792/1882 1965/3955/1967 1973/3956/1973 1916/3793/1901
f 1965/3955/1967 1898/3957/1887 1914/3958/1898 1973/3956/1973
f 1901/3959/1886 1966/3960/1965 1974/3961/1974 1915/3962/1899
f 1966/3960/1965 1900/3963/1883 1917/3964/1900 1974/3961/1974
f 1920/3800/1907 1975/3965/1975 1961/3905/1958 1774/3647/1762
f 1975/3965/1975 1918/3966/1903 1775/3906/1902 1961/3905/1958
f 1916/3967/1901 1973/3968/1973 1975/3969/1975 1920/3970/1907
f 1973/3968/1973 1914/3971/1898 1918/3972/1903 1975/3969/1975
f 1919/3973/1904 1976/3974/1976 1960/3901/1955 1770/3900/1905
f 1976/3975/1976 1921/3976/1906 1771/3977/1760 1960/3978/1955
f 1915/3962/1899 1974/3961/1974 1976/3979/1976 1919/3980/1904
f 1974/3961/1974 1917/3964/1900 1921/3981/1906 1976/3979/1976
f 1997/3982/1977 1977/3983/1978 2008/3984/1979
f 2008/3985/1979 1977/3986/1978 1978/3987/1980 2007/3988/1981
f 2007/3988/1981 1978/3987/1980 1979/3989/1982 2006/3990/1983
f 1978/4005/1980 1985/4006/1992 1984/4007/1991 1979/4008/1982
f 1977/3983/1978 1986/4009/1993 1985/4006/1992 1978/4005/1980
f 1997/3982/1977 1986/4009/1993 1977/3983/1978
f 1997/3982/1977 1987/4010/1994 1986/4009/1993
f 1986/4009/1993 1987/4010/1994 1988/4011/1995 1985/4006/1992
f 1985/4006/1992 1988/4011/1995 1989/4012/1996 1984/4007/1991
f 1988/4025/1995 1995/4026/2002 1994/4023/2001 1989/4014/1996
f 1987/4010/1994 1996/4027/2003 1995/4028/2002 1988/4011/1995
f 1997/3982/1977 1996/4027/2003 1987/4010/1994
f 1997/4029/1977 1998/4030/2004 1996/4031/2003
f 1996/4031/2003 1998/4030/2004 1999/4032/2005 1995/4033/2002
f 1995/4033/2002 1999/4032/2005 2000/4034/2006 1994/4035/2001
f 1999/4041/2005 2007/3988/1981 2006/3990/1983 2000/4042/2006
f 1998/4043/2004 2008/3985/1979 2007/3988/1981 1999/4041/2005
f 1997/4029/1977 2008/4044/1979 1998/4030/2004
f 2020/4045/2009 2019/4046/2010 2009/4047/2011
f 2019/4046/2010 2018/4048/2012 2010/4049/2013 2009/4047/2011
f 2018/4050/2012 2017/4051/2014 2011/4052/2015 2010/4053/2013
f 2022/4066/2024 2023/4067/2023 2017/4068/2014 2018/4048/2012
f 2021/4069/2025 2022/4066/2024 2018/4048/2012 2019/4046/2010
f 2020/4045/2009 2021/4069/2025 2019/4046/2010
f 2020/4045/2009 2030/4070/2026 2021/4069/2025
f 2030/4071/2026 2029/4072/2027 2022/4073/2024 2021/4074/2025
f 2029/4075/2027 2028/4076/2028 2023/4077/2023 2022/4078/2024
f 2032/4085/2034 2033/4086/2033 2028/4087/2028 2029/4072/2027
f 2031/4088/2035 2032/4085/2034 2029/4072/2027 2030/4071/2026
f 2020/4045/2009 2031/4089/2035 2030/4070/2026
f 2020/4045/2009 2040/4090/2036 2031/4089/2035
f 2040/4090/2036 2039/4091/2037 2032/4092/2034 2031/4089/2035
f 2039/4093/2037 2038/4094/2038 2033/4095/2033 2032/4096/2034
f 2010/4104/2013 2011/4105/2015 2038/4094/2038 2039/4093/2037
f 2009/4047/2011 2010/4049/2013 2039/4091/2037 2040/4090/2036
f 2020/4045/2009 2009/4047/2011 2040/4090/2036
f 2043/4106/2041 2041/4107/2042 2053/4108/2043 2057/4109/2044
f 2059/4110/2045 2055/4111/2046 2041/4107/2042 2043/4106/2041
f 2044/4112/2047 2042/4113/2048 2056/4114/2049 2060/4115/2050
f 2058/4116/2051 2054/4117/2052 2042/4113/2048 2044/4112/2047
f 2051/4118/2053 2043/4106/2041 2057/4109/2044 2074/4119/2054
f 2073/4120/2055 2059/4110/2045 2043/4106/2041 2051/4118/2053
f 2052/4121/2056 2044/4122/2047 2060/4123/2050 2076/4124/2057
f 2075/4125/2058 2058/4126/2051 2044/4122/2047 2052/4121/2056
f 2047/4127/2059 2045/4128/2060 2061/4129/2061 2066/4130/2062
f 2065/4131/2063 2063/4132/2064 2045/4128/2060 2047/4127/2059
f 2045/4128/2060 2050/4133/2065 2071/4134/2066 2061/4129/2061
f 2063/4132/2064 2072/4135/2067 2050/4133/2065 2045/4128/2060
f 2048/4136/2068 2046/4137/2069 2064/4138/2070 2068/4139/2071
f 2067/4140/2072 2062/4141/2073 2046/4137/2069 2048/4136/2068
f 2046/4137/2069 2049/4142/2074 2069/4143/2075 2064/4138/2070
f 2062/4144/2073 2070/4145/2076 2049/4146/2074 2046/4147/2069
f 2048/4136/2068 2047/4148/2059 2066/4149/2062 2067/4140/2072
f 2068/4150/2071 2065/4131/2063 2047/4127/2059 2048/4151/2068
f 2052/4152/2056 2049/4153/2074 2070/4154/2076 2075/4155/2058
f 2076/4156/2057 2069/4157/2075 2049/4153/2074 2052/4152/2056
f 2051/4158/2053 2050/4159/2065 2072/4160/2067 2073/4161/2055
f 2074/4162/2054 2071/4163/2066 2050/4159/2065 2051/4158/2053
f 2053/4164/2043 2054/4117/2052 2058/4116/2051 2057/4165/2044
f 2056/4166/2049 2055/4167/2046 2059/4168/2045 2060/4169/2050
f 2057/4170/2044 2058/4126/2051 2075/4125/2058 2074/4171/2054
f 2060/4169/2050 2059/4168/2045 2073/4172/2055 2076/4173/2057
f 2061/4174/2061 2062/4175/2073 2067/4176/2072 2066/4177/2062
f 2071/4178/2066 2070/4179/2076 2062/4175/2073 2061/4174/2061
f 2064/4180/2070 2063/4181/2064 2065/4182/2063 2068/4183/2071
f 2069/4184/2075 2072/4160/2067 2063/4181/2064 2064/4180/2070
f 2073/4161/2055 2072/4160/2067 2069/4184/2075 2076/4185/2057
f 2075/4125/2058 2070/4186/2076 2071/4187/2066 2074/4171/2054
f 1747/3917/1963 2056/4188/2049 2042/4189/2048 1957/3918/1964
f 1746/3635/1746 1957/3918/1964 2042/4189/2048 2054/4190/2052
f 1746/3635/1746 2054/4190/2052 2053/4191/2043 1757/4192/1747
f 1757/4193/1747 2053/4194/2043 2041/4195/2042 1958/4196/1953
f 1756/4197/1954 1958/4198/1953 2041/4107/2042 2055/4111/2046
f 1747/4199/1963 1756/4200/1954 2055/4167/2046 2056/4166/2049
f 2083/4201/2077 2082/4202/2078 2077/4203/2079
f 2083/4201/2077 2081/4204/2080 2082/4202/2078
f 2083/4201/2077 2080/4205/2081 2081/4204/2080
f 2083/4201/2077 2079/4206/2082 2080/4205/2081
f 2083/4201/2077 2078/4207/2083 2079/4206/2082
f 2083/4201/2077 2077/4203/2079 2078/4207/2083
f 2125/4208/2084 2078/4209/2083 2077/4210/2079 2126/4211/2085
f 2124/4212/2086 2079/4213/2082 2078/4214/2083 2125/4215/2084
f 2123/4216/2087 2080/4217/2081 2079/4213/2082 2124/4212/2086
f 2122/4218/2088 2081/4219/2080 2080/4220/2081 2123/4221/2087
f 2121/4222/2089 2082/4223/2078 2081/4224/2080 2122/4225/2088
f 2126/4226/2085 2077/4227/2079 2082/4223/2078 2121/4222/2089
f 2084/4228/2090 2090/4229/2091 2085/4230/2092
f 2084/4228/2090 2085/4230/2092 2086/4231/2093
f 2084/4228/2090 2086/4231/2093 2087/4232/2094
f 2084/4228/2090 2087/4232/2094 2088/4233/2095
f 2084/4228/2090 2088/4233/2095 2089/4234/2096
f 2084/4228/2090 2089/4234/2096 2090/4229/2091
f 2096/4235/2097 2085/4236/2092 2090/4237/2091 2091/4238/2098
f 2095/4239/2099 2086/4240/2093 2085/4241/2092 2096/4242/2097
f 2094/4243/2100 2087/4244/2094 2086/4245/2093 2095/4246/2099
f 2093/4247/2101 2088/4233/2095 2087/4232/2094 2094/4248/2100
f 2092/4249/2102 2089/4234/2096 2088/4233/2095 2093/4247/2101
f 2091/4250/2098 2090/4251/2091 2089/4252/2096 2092/4253/2102
f 2102/4254/2103 2091/4250/2098 2092/4253/2102 2101/4255/2104
f 2101/4256/2104 2092/4257/2102 2093/4258/2101 2100/4259/2105
f 2100/4260/2105 2093/4247/2101 2094/4248/2100 2099/4261/2106
f 2099/4262/2106 2094/4243/2100 2095/4246/2099 2098/4263/2107
f 2098/4264/2107 2095/4239/2099 2096/4242/2097 2097/4265/2108
f 2097/4266/2108 2096/4235/2097 2091/4238/2098 2102/4267/2103
f 2108/4268/2109 2097/4269/2108 2102/4254/2103 2103/4270/2110
f 2107/4271/2111 2098/4264/2107 2097/4265/2108 2108/4272/2109
f 2106/4273/2112 2099/4262/2106 2098/4263/2107 2107/4274/2111
f 2105/4275/2113 2100/4260/2105 2099/4261/2106 2106/4276/2112
f 2104/4277/2114 2101/4256/2104 2100/4259/2105 2105/4278/2113
f 2103/4270/2110 2102/4254/2103 2101/4255/2104 2104/4279/2114
f 2114/4280/2115 2103/4281/2110 2104/4282/2114 2113/4283/2116
f 2113/4284/2116 2104/4277/2114 2105/4278/2113 2112/4285/2117
f 2112/4286/2117 2105/4287/2113 2106/4273/2112 2111/4288/2118
f 2111/4288/2118 2106/4273/2112 2107/4274/2111 2110/4289/2119
f 2110/4289/2119 2107/4274/2111 2108/4290/2109 2109/4291/2120
f 2109/4292/2120 2108/4293/2109 2103/4281/2110 2114/4280/2115
f 2120/4294/2121 2109/4295/2120 2114/4296/2115 2115/4297/2122
f 2119/4298/2123 2110/4299/2119 2109/4295/2120 2120/4294/2121
f 2118/4300/2124 2111/4301/2118 2110/4302/2119 2119/4303/2123
f 2117/4304/2125 2112/4305/2117 2111/4301/2118 2118/4300/2124
f 2116/4306/2126 2113/4307/2116 2112/4305/2117 2117/4304/2125
f 2115/4297/2122 2114/4296/2115 2113/4308/2116 2116/4309/2126
f 2132/4310/2127 2115/4297/2122 2116/4309/2126 2131/4311/2128
f 2131/4312/2128 2116/4313/2126 2117/4314/2125 2130/4315/2129
f 2130/4315/2129 2117/4314/2125 2118/4316/2124 2129/4317/2130
f 2129/4318/2130 2118/4319/2124 2119/4320/2123 2128/4321/2131
f 2128/4322/2131 2119/4323/2123 2120/4324/2121 2127/4325/2132
f 2127/4326/2132 2120/4294/2121 2115/4297/2122 2132/4310/2127
f 2127/4326/2132 2132/4310/2127 2126/4211/2085 2121/4327/2089
f 2128/4322/2131 2127/4325/2132 2121/4222/2089 2122/4225/2088
f 2129/4318/2130 2128/4321/2131 2122/4218/2088 2123/4221/2087
f 2130/4315/2129 2129/4317/2130 2123/4216/2087 2124/4212/2086
f 2131/4312/2128 2130/4315/2129 2124/4212/2086 2125/4215/2084
f 2132/4310/2127 2131/4311/2128 2125/4208/2084 2126/4211/2085
f 1755/4328/1744 2134/4329/2133 2133/4330/2134 1748/4331/1745
f 2134/4329/2133 1756/3897/1954 1747/4332/1963 2133/4330/2134
f 1762/4333/1753 2135/4334/2135 2134/4329/2133 1755/4328/1744
f 2135/4334/2135 1761/3894/1951 1756/3897/1954 2134/4329/2133
f 1769/4335/1759 2136/4336/2136 2135/4334/2135 1762/4333/1753
f 2136/4336/2136 1770/3900/1905 1761/3894/1951 2135/4334/2135
f 1776/3496/1765 2137/4337/2137 2136/4338/2136 1769/3497/1759
f 2137/4337/2137 1775/3794/1902 1770/3797/1905 2136/4338/2136
f 1784/3741/1777 2138/4339/2138 2137/4340/2137 1776/3738/1765
f 2138/4339/2138 1785/3903/1956 1775/3906/1902 2137/4340/2137
f 1791/3523/1776 2139/4341/2139 2138/4339/2138 1784/3741/1777
f 2139/4341/2139 1790/4342/1959 1785/3903/1956 2138/4339/2138
f 1798/3522/1783 2140/4343/2140 2139/4341/2139 1791/3523/1776
f 2140/4343/2140 1799/3920/1961 1790/4342/1959 2139/4341/2139
f 1748/4344/1745 2133/4345/2134 2140/4346/2140 1798/4347/1783
f 2133/4345/2134 1747/4348/1963 1799/4349/1961 2140/4346/2140
f 1461/3809/1910 2142/4350/2141 2141/4351/2142 1458/3810/1911
f 2142/4352/2141 1560/3065/1551 1559/4353/1552 2141/4354/2142
f 1473/4355/1913 2143/4356/2143 2142/4352/2141 1461/4357/1910
f 2143/4356/2143 1561/3064/1553 1560/3065/1551 2142/4352/2141
f 1476/4358/1915 2144/4359/2144 2143/4356/2143 1473/4355/1913
f 2144/4359/2144 1562/3066/1554 1561/3064/1553 2143/4356/2143
f 1487/3820/1917 2145/4360/2145 2144/4361/2144 1476/3821/1915
f 2145/4360/2145 1563/3067/1555 1562/3068/1554 2144/4361/2144
f 1491/3823/1919 2146/4362/2146 2145/4360/2145 1487/3820/1917
f 2146/4362/2146 1564/3069/1556 1563/3067/1555 2145/4360/2145
f 1502/4363/1921 2147/4364/2147 2146/4365/2146 1491/4366/1919
f 2147/4364/2147 1565/3071/1557 1564/3072/1556 2146/4365/2146
f 1505/4367/1923 2148/4368/2148 2147/4369/2147 1502/4370/1921
f 2148/4371/2148 1566/3073/1558 1565/3071/1557 2147/4364/2147
f 1458/4372/1911 2141/4373/2142 2148/4368/2148 1505/4367/1923
f 2141/4373/2142 1559/3074/1552 1566/3075/1558 2148/4368/2148
usemtl Material.002
f 2006/3990/1983 1979/3989/1982 1980/3991/1984 2005/3992/1985
f 2005/3993/1985 1980/3994/1984 1981/3995/1986 2004/3996/1987
f 2004/3996/1987 1981/3995/1986 2003/3997/1988
f 1981/3995/1986 1982/3998/1989 2003/3997/1988
f 1980/3999/1984 1983/4000/1990 1982/4001/1989 1981/4002/1986
f 1979/4003/1982 1984/4004/1991 1983/4000/1990 1980/3999/1984
f 1984/4013/1991 1989/4014/1996 1990/4015/1997 1983/4016/1990
f 1983/4000/1990 1990/4017/1997 1991/4018/1998 1982/4001/1989
f 1982/3998/1989 1991/4019/1998 2003/3997/1988
f 1991/4019/1998 1992/4020/1999 2003/3997/1988
f 1990/4021/1997 1993/4022/2000 1992/4020/1999 1991/4019/1998
f 1989/4014/1996 1994/4023/2001 1993/4024/2000 1990/4015/1997
f 1994/4036/2001 2000/4037/2006 2001/4038/2007 1993/4022/2000
f 1993/4022/2000 2001/4038/2007 2002/4039/2008 1992/4020/1999
f 1992/4020/1999 2002/4039/2008 2003/3997/1988
f 2002/4039/2008 2004/3996/1987 2003/3997/1988
f 2001/4038/2007 2005/3993/1985 2004/3996/1987 2002/4039/2008
f 2000/4037/2006 2006/4040/1983 2005/3993/1985 2001/4038/2007
f 2017/4051/2014 2016/4054/2016 2012/4055/2017 2011/4052/2015
f 2016/4054/2016 2015/4056/2018 2013/4057/2019 2012/4055/2017
f 2015/4056/2018 2014/4058/2020 2013/4057/2019
f 2025/4059/2021 2014/4060/2020 2015/4061/2018
f 2024/4062/2022 2025/4059/2021 2015/4061/2018 2016/4063/2016
f 2023/4064/2023 2024/4062/2022 2016/4063/2016 2017/4065/2014
f 2028/4079/2028 2027/4080/2029 2024/4062/2022 2023/4064/2023
f 2027/4080/2029 2026/4081/2030 2025/4059/2021 2024/4062/2022
f 2026/4081/2030 2014/4060/2020 2025/4059/2021
f 2035/4082/2031 2014/4060/2020 2026/4081/2030
f 2034/4083/2032 2035/4082/2031 2026/4081/2030 2027/4080/2029
f 2033/4084/2033 2034/4083/2032 2027/4080/2029 2028/4079/2028
f 2038/4094/2038 2037/4097/2039 2034/4098/2032 2033/4095/2033
f 2037/4099/2039 2036/4100/2040 2035/4082/2031 2034/4083/2032
f 2036/4100/2040 2014/4060/2020 2035/4082/2031
f 2013/4057/2019 2014/4058/2020 2036/4101/2040
f 2012/4055/2017 2013/4057/2019 2036/4101/2040 2037/4102/2039
f 2011/4052/2015 2012/4055/2017 2037/4102/2039 2038/4103/2038
